Season,RoundNumber,GrandPrix,CornerNumber,Direction,CenterX,CenterY,Radius,Equation
2019,1,Australian Grand Prix,1.0,Right,-3482.093471512824,1252.0019358454415,248.36644385166326,(x - -3482.09)^2 + (y - 1252.00)^2 = 61685.89
2019,1,Australian Grand Prix,2.0,Left,-4764.761804565827,1971.5606579879009,1261.601639003946,(x - -4764.76)^2 + (y - 1971.56)^2 = 1591638.70
2019,1,Australian Grand Prix,3.0,Right,-7030.526763889465,7043.462629987157,216.71135863951605,(x - -7030.53)^2 + (y - 7043.46)^2 = 46963.81
2019,1,Australian Grand Prix,4.0,Left,-6210.329353075804,7812.902069775368,383.2485556856028,(x - -6210.33)^2 + (y - 7812.90)^2 = 146879.46
2019,1,Australian Grand Prix,5.0,Right,-5362.548970636799,9520.647444390672,571.6481759705874,(x - -5362.55)^2 + (y - 9520.65)^2 = 326781.64
2019,1,Australian Grand Prix,6.0,Right,-2303.606512721684,11420.292605729712,449.9558493576336,(x - -2303.61)^2 + (y - 11420.29)^2 = 202460.27
2019,1,Australian Grand Prix,7.0,Left,-904.5017006054675,13065.482837239682,1757.1877480446258,(x - -904.50)^2 + (y - 13065.48)^2 = 3087708.78
2019,1,Australian Grand Prix,8.0,Right,-988.7074696324235,9366.702719183782,1957.7762269417233,(x - -988.71)^2 + (y - 9366.70)^2 = 3832887.75
2019,1,Australian Grand Prix,9.0,Right,1176.1386109476161,7424.250441436139,247.74136536246684,(x - 1176.14)^2 + (y - 7424.25)^2 = 61375.78
2019,1,Australian Grand Prix,10.0,Left,1459.4932024430054,6282.667077608127,948.4926656163044,(x - 1459.49)^2 + (y - 6282.67)^2 = 899638.34
2019,1,Australian Grand Prix,11.0,Left,3926.163674399006,4543.126218870179,3659.640181099056,(x - 3926.16)^2 + (y - 4543.13)^2 = 13392966.26
2019,1,Australian Grand Prix,12.0,Left,2994.3354120000763,1377.8589294378655,633.5086350036197,(x - 2994.34)^2 + (y - 1377.86)^2 = 401333.19
2019,1,Australian Grand Prix,13.0,Right,3899.678563812995,401.5465559684635,473.1135676947265,(x - 3899.68)^2 + (y - 401.55)^2 = 223836.45
2019,1,Australian Grand Prix,14.0,Right,4193.003426915089,-2595.4198068037394,2582.0787371076167,(x - 4193.00)^2 + (y - -2595.42)^2 = 6667130.60
2019,1,Australian Grand Prix,15.0,Right,7176.049806018471,-4525.375623851526,294.5687727248608,(x - 7176.05)^2 + (y - -4525.38)^2 = 86770.76
2019,1,Australian Grand Prix,16.0,Right,5204.310602750805,-4947.651629728519,661.2982093373649,(x - 5204.31)^2 + (y - -4947.65)^2 = 437315.32
2019,1,Australian Grand Prix,17.0,Left,3532.2002437849924,-3769.0995124300157,167.16549218969163,(x - 3532.20)^2 + (y - -3769.10)^2 = 27944.30
2019,1,Australian Grand Prix,18.0,Right,2409.308242972402,-3887.0852194977615,636.6748372233217,(x - 2409.31)^2 + (y - -3887.09)^2 = 405354.85
2019,2,Bahrain Grand Prix,1.0,Right,74.04434834497326,8281.187729065023,131.0468657283741,(x - 74.04)^2 + (y - 8281.19)^2 = 17173.28
2019,2,Bahrain Grand Prix,2.0,Left,861.6262850636915,8133.039194010452,321.4023185414376,(x - 861.63)^2 + (y - 8133.04)^2 = 103299.45
2019,2,Bahrain Grand Prix,3.0,Right,1975.4493844754056,6695.542034502574,1392.0391728844318,(x - 1975.45)^2 + (y - 6695.54)^2 = 1937773.06
2019,2,Bahrain Grand Prix,4.0,Right,7032.518581883611,6727.620315686648,574.1893471764178,(x - 7032.52)^2 + (y - 6727.62)^2 = 329693.41
2019,2,Bahrain Grand Prix,5.0,Left,7278.091398052424,4034.4611967422043,1735.5123878717907,(x - 7278.09)^2 + (y - 4034.46)^2 = 3012003.25
2019,2,Bahrain Grand Prix,6.0,Right,4995.736888535878,4787.474659253451,674.1668062056413,(x - 4995.74)^2 + (y - 4787.47)^2 = 454500.88
2019,2,Bahrain Grand Prix,7.0,Left,4442.118254723755,3362.5747992151164,852.7883271174923,(x - 4442.12)^2 + (y - 3362.57)^2 = 727247.93
2019,2,Bahrain Grand Prix,8.0,Right,2516.349086863732,2692.972191529066,266.35393373409255,(x - 2516.35)^2 + (y - 2692.97)^2 = 70944.42
2019,2,Bahrain Grand Prix,9.0,Left,1956.4981523554047,5737.304601319355,801.2722924903778,(x - 1956.50)^2 + (y - 5737.30)^2 = 642037.29
2019,2,Bahrain Grand Prix,10.0,Left,2043.4578513271683,6560.1447469004215,107.40760169573788,(x - 2043.46)^2 + (y - 6560.14)^2 = 11536.39
2019,2,Bahrain Grand Prix,11.0,Left,2389.3581438095293,394.8155996289232,1033.334032504396,(x - 2389.36)^2 + (y - 394.82)^2 = 1067779.22
2019,2,Bahrain Grand Prix,12.0,Right,4761.4823818887735,367.12116098497125,1253.2120069067164,(x - 4761.48)^2 + (y - 367.12)^2 = 1570540.33
2019,2,Bahrain Grand Prix,13.0,Right,5760.672733751474,165.13818700117952,983.1301818621747,(x - 5760.67)^2 + (y - 165.14)^2 = 966544.95
2019,2,Bahrain Grand Prix,14.0,Right,5834.795013001225,675.8067397185316,910.711926560731,(x - 5834.80)^2 + (y - 675.81)^2 = 829396.21
2019,2,Bahrain Grand Prix,15.0,Right,-78.89949694878892,-3371.836892873716,201.20909867806844,(x - -78.90)^2 + (y - -3371.84)^2 = 40485.10
2019,2,Bahrain Grand Prix,16.0,Right,403.8854063621132,-2634.769484709004,931.8674093454654,(x - 403.89)^2 + (y - -2634.77)^2 = 868376.87
2019,3,Chinese Grand Prix,1.0,Right,-5776.846995861575,-2232.0677085222414,1181.320372073517,(x - -5776.85)^2 + (y - -2232.07)^2 = 1395517.82
2019,3,Chinese Grand Prix,2.0,Left,-4103.14346216083,-1434.6674144655358,714.1197046645026,(x - -4103.14)^2 + (y - -1434.67)^2 = 509966.95
2019,3,Chinese Grand Prix,3.0,Right,-4576.061882544893,2066.837140684728,1619.7351517821312,(x - -4576.06)^2 + (y - 2066.84)^2 = 2623541.96
2019,3,Chinese Grand Prix,4.0,Right,-6202.197062842476,3105.784582422223,595.5961808772599,(x - -6202.20)^2 + (y - 3105.78)^2 = 354734.81
2019,3,Chinese Grand Prix,5.0,Left,-3627.8432986029743,1856.2946621303684,1254.0884610931528,(x - -3627.84)^2 + (y - 1856.29)^2 = 1572737.87
2019,3,Chinese Grand Prix,6.0,Right,-1403.8246177258347,1639.917471258856,840.097429850379,(x - -1403.82)^2 + (y - 1639.92)^2 = 705763.69
2019,3,Chinese Grand Prix,7.0,Left,-90.23739156308436,1508.5753255417449,315.3469744732295,(x - -90.24)^2 + (y - 1508.58)^2 = 99443.71
2019,3,Chinese Grand Prix,8.0,Left,-92.42794956114135,2016.5791436051386,655.9452311407609,(x - -92.43)^2 + (y - 2016.58)^2 = 430264.15
2019,3,Chinese Grand Prix,9.0,Left,-1861.847199132091,5784.805936786887,255.0636817228312,(x - -1861.85)^2 + (y - 5784.81)^2 = 65057.48
2019,3,Chinese Grand Prix,10.0,Right,-1940.400473898237,6688.615847858262,931.8079862099602,(x - -1940.40)^2 + (y - 6688.62)^2 = 868266.12
2019,3,Chinese Grand Prix,11.0,Right,5027.090949071046,-3176.1853367417825,510.70092665628107,(x - 5027.09)^2 + (y - -3176.19)^2 = 260815.44
2019,3,Chinese Grand Prix,12.0,Left,2869.4088186151944,-1235.0437790170083,324.3791908639037,(x - 2869.41)^2 + (y - -1235.04)^2 = 105221.86
2019,4,Azerbaijan Grand Prix,1.0,Left,3520.598951127819,688.9582366311023,239.0775769244524,(x - 3520.60)^2 + (y - 688.96)^2 = 57158.09
2019,4,Azerbaijan Grand Prix,2.0,Left,2398.7729157666886,3600.481651753846,127.09274078792919,(x - 2398.77)^2 + (y - 3600.48)^2 = 16152.56
2019,4,Azerbaijan Grand Prix,3.0,Left,-5422.301251592954,343.56016556109125,148.85409244212866,(x - -5422.30)^2 + (y - 343.56)^2 = 22157.54
2019,4,Azerbaijan Grand Prix,4.0,Right,-4964.295899135708,-1660.3299865858708,156.26752950669027,(x - -4964.30)^2 + (y - -1660.33)^2 = 24419.54
2019,4,Azerbaijan Grand Prix,5.0,Left,-7502.15757349371,-3410.6020013796106,258.3695553084565,(x - -7502.16)^2 + (y - -3410.60)^2 = 66754.83
2019,4,Azerbaijan Grand Prix,6.0,Right,-7678.267137450574,-3850.388301175751,122.90642601291194,(x - -7678.27)^2 + (y - -3850.39)^2 = 15105.99
2019,4,Azerbaijan Grand Prix,7.0,Left,-9505.204115464569,-7142.308591931973,1431.2731247816046,(x - -9505.20)^2 + (y - -7142.31)^2 = 2048542.76
2019,4,Azerbaijan Grand Prix,8.0,Right,-10659.820755201776,-5999.256928005744,233.5093864770076,(x - -10659.82)^2 + (y - -5999.26)^2 = 54526.63
2019,4,Azerbaijan Grand Prix,9.0,Left,-11514.887165366274,-4383.098840621044,90.28704959375555,(x - -11514.89)^2 + (y - -4383.10)^2 = 8151.75
2019,4,Azerbaijan Grand Prix,10.0,Right,-11346.639503250808,-3614.0537299505468,739.2513342806141,(x - -11346.64)^2 + (y - -3614.05)^2 = 546492.54
2019,4,Azerbaijan Grand Prix,11.0,Left,-12517.32016408506,-19637.01019783925,15468.41127576824,(x - -12517.32)^2 + (y - -19637.01)^2 = 239271747.40
2019,4,Azerbaijan Grand Prix,12.0,Right,-12245.588806840264,-3958.403031480762,212.77038944954083,(x - -12245.59)^2 + (y - -3958.40)^2 = 45271.24
2019,4,Azerbaijan Grand Prix,13.0,Left,-12773.152892903505,-3741.0764416983734,197.426652207766,(x - -12773.15)^2 + (y - -3741.08)^2 = 38977.28
2019,4,Azerbaijan Grand Prix,14.0,Left,-15517.923106396005,-5793.816312828586,915.1401539459497,(x - -15517.92)^2 + (y - -5793.82)^2 = 837481.50
2019,4,Azerbaijan Grand Prix,15.0,Left,-15022.845772456347,-7461.628288071737,1893.0160216191375,(x - -15022.85)^2 + (y - -7461.63)^2 = 3583509.66
2019,4,Azerbaijan Grand Prix,16.0,Left,-16613.064535409914,-9473.706829308976,254.94577803443036,(x - -16613.06)^2 + (y - -9473.71)^2 = 64997.35
2019,4,Azerbaijan Grand Prix,17.0,Left,-13752.825627548726,-10999.082485258492,187.2334808089378,(x - -13752.83)^2 + (y - -10999.08)^2 = 35056.38
2019,4,Azerbaijan Grand Prix,18.0,Right,-11557.553009259176,-10337.583143939466,1472.5401862234837,(x - -11557.55)^2 + (y - -10337.58)^2 = 2168374.60
2019,4,Azerbaijan Grand Prix,19.0,Left,-11755.872198745808,-7248.30925654675,939.5012891855539,(x - -11755.87)^2 + (y - -7248.31)^2 = 882662.67
2019,4,Azerbaijan Grand Prix,20.0,Right,-9716.781220918336,-6863.547110791793,965.8218755245664,(x - -9716.78)^2 + (y - -6863.55)^2 = 932811.90
2019,4,Azerbaijan Grand Prix,21.0,Right,-6323.0028534555895,-6848.830325283201,3003.3389556164893,(x - -6323.00)^2 + (y - -6848.83)^2 = 9020044.88
2019,5,Spanish Grand Prix,1.0,Right,-3844.0867829722424,-6806.274566456107,500.7455128114416,(x - -3844.09)^2 + (y - -6806.27)^2 = 250746.07
2019,5,Spanish Grand Prix,2.0,Left,-4591.608942249644,-7677.9972945055715,667.2307999589319,(x - -4591.61)^2 + (y - -7678.00)^2 = 445196.94
2019,5,Spanish Grand Prix,3.0,Right,-6111.99825030979,-6311.77593332009,1386.6906055100524,(x - -6112.00)^2 + (y - -6311.78)^2 = 1922910.84
2019,5,Spanish Grand Prix,4.0,Right,-5315.773065695229,-3954.4187299430846,761.5809194472954,(x - -5315.77)^2 + (y - -3954.42)^2 = 580005.50
2019,5,Spanish Grand Prix,5.0,Left,-5463.820437376823,-6190.958660683442,359.86169099495663,(x - -5463.82)^2 + (y - -6190.96)^2 = 129500.44
2019,5,Spanish Grand Prix,6.0,Left,-5011.132968678096,-3963.6571149292554,2214.6698847726157,(x - -5011.13)^2 + (y - -3963.66)^2 = 4904762.70
2019,5,Spanish Grand Prix,7.0,Left,-3046.1270148577228,-4239.110654131348,410.8967998031556,(x - -3046.13)^2 + (y - -4239.11)^2 = 168836.18
2019,5,Spanish Grand Prix,8.0,Right,-2561.338202871175,-3001.7396252593503,897.6860290901263,(x - -2561.34)^2 + (y - -3001.74)^2 = 805840.21
2019,5,Spanish Grand Prix,9.0,Right,-3175.7173728321523,-1407.9302342972703,943.067220821766,(x - -3175.72)^2 + (y - -1407.93)^2 = 889375.78
2019,5,Spanish Grand Prix,10.0,Left,685.2400456896698,1777.8985125733225,198.19974139960698,(x - 685.24)^2 + (y - 1777.90)^2 = 39283.14
2019,5,Spanish Grand Prix,11.0,Left,-225.47556687047165,1529.012510950039,643.8387214915456,(x - -225.48)^2 + (y - 1529.01)^2 = 414528.30
2019,5,Spanish Grand Prix,12.0,Right,-1079.941508672852,2423.9851754739816,605.9518464267576,(x - -1079.94)^2 + (y - 2423.99)^2 = 367177.64
2019,5,Spanish Grand Prix,13.0,Right,-155.87842486412995,3391.417483443216,382.62784115480383,(x - -155.88)^2 + (y - 3391.42)^2 = 146404.06
2019,5,Spanish Grand Prix,14.0,Left,893.3153923993875,3230.5650028652667,166.8757316286501,(x - 893.32)^2 + (y - 3230.57)^2 = 27847.51
2019,5,Spanish Grand Prix,15.0,Right,1260.7791636801214,3166.679315899466,153.34587025354207,(x - 1260.78)^2 + (y - 3166.68)^2 = 23514.96
2019,5,Spanish Grand Prix,16.0,Right,1383.2112286363256,2101.559526208798,958.0558482307623,(x - 1383.21)^2 + (y - 2101.56)^2 = 917871.01
2019,6,Monaco Grand Prix,1.0,Right,-4661.36728047035,-6179.746669158263,3023.77266161928,(x - -4661.37)^2 + (y - -6179.75)^2 = 9143201.11
2019,6,Monaco Grand Prix,2.0,Left,-16950.234040179927,-3521.7002507593097,9588.108727904391,(x - -16950.23)^2 + (y - -3521.70)^2 = 91931828.98
2019,6,Monaco Grand Prix,3.0,Right,-7301.569510562346,-4756.910325757911,141.66166091048558,(x - -7301.57)^2 + (y - -4756.91)^2 = 20068.03
2019,6,Monaco Grand Prix,4.0,Right,-1764.3111540641053,-32209.10519045503,28202.846422840994,(x - -1764.31)^2 + (y - -32209.11)^2 = 795400546.35
2019,6,Monaco Grand Prix,5.0,Left,-7045.4772405397125,2165.545103195205,6752.976715974786,(x - -7045.48)^2 + (y - 2165.55)^2 = 45602694.53
2019,6,Monaco Grand Prix,6.0,Right,-3335.9966887157257,-5378.86644452512,1653.4608865910805,(x - -3336.00)^2 + (y - -5378.87)^2 = 2733932.90
2019,6,Monaco Grand Prix,7.0,Left,-3016.8793169706214,-2877.8983262092434,770.5818986756193,(x - -3016.88)^2 + (y - -2877.90)^2 = 593796.46
2019,6,Monaco Grand Prix,8.0,Right,-2148.2757843498416,-1878.6102696968471,592.0490774119814,(x - -2148.28)^2 + (y - -1878.61)^2 = 350522.11
2019,6,Monaco Grand Prix,9.0,Right,-1425.10232920616,-435.21531928686454,245.91604217538526,(x - -1425.10)^2 + (y - -435.22)^2 = 60474.70
2019,6,Monaco Grand Prix,10.0,Left,-652.8354573927965,-441.1265930445973,547.3337661052154,(x - -652.84)^2 + (y - -441.13)^2 = 299574.25
2019,6,Monaco Grand Prix,11.0,Left,-805.9197580346054,-1016.3033447070725,114.15798038939658,(x - -805.92)^2 + (y - -1016.30)^2 = 13032.04
2019,6,Monaco Grand Prix,12.0,Right,-264.53538440810553,-412.0972233473663,725.247659670494,(x - -264.54)^2 + (y - -412.10)^2 = 525984.17
2019,6,Monaco Grand Prix,13.0,Right,-791.307064545095,-653.9709297908995,153.81282067003184,(x - -791.31)^2 + (y - -653.97)^2 = 23658.38
2019,6,Monaco Grand Prix,14.0,Right,-790.5249150254054,-501.4629858670715,246.01484048342053,(x - -790.52)^2 + (y - -501.46)^2 = 60523.30
2019,6,Monaco Grand Prix,15.0,Right,-406.66827699288916,-397.5292877617695,244.70765697225937,(x - -406.67)^2 + (y - -397.53)^2 = 59881.84
2019,6,Monaco Grand Prix,16.0,Right,-2210.9700309582913,-1905.3530535400434,1770.7072524896173,(x - -2210.97)^2 + (y - -1905.35)^2 = 3135404.17
2019,6,Monaco Grand Prix,17.0,Left,-4154.303684445422,-4466.0524501550535,67.85612355818849,(x - -4154.30)^2 + (y - -4466.05)^2 = 4604.45
2019,6,Monaco Grand Prix,18.0,Right,-4391.220450523394,-4453.825042717966,209.33235308085085,(x - -4391.22)^2 + (y - -4453.83)^2 = 43820.03
2019,6,Monaco Grand Prix,19.0,Left,-4634.443392921486,-4725.892624963441,152.46748840500345,(x - -4634.44)^2 + (y - -4725.89)^2 = 23246.34
2019,6,Monaco Grand Prix,20.0,Left,-5894.647259473375,-5838.792662061677,1301.0323561042285,(x - -5894.65)^2 + (y - -5838.79)^2 = 1692685.19
2019,6,Monaco Grand Prix,21.0,Right,-7611.999776878574,-6968.504687379056,764.0863936114757,(x - -7612.00)^2 + (y - -6968.50)^2 = 583828.02
2019,6,Monaco Grand Prix,22.0,Right,-6882.671219015204,-7816.656197772837,172.9449310738911,(x - -6882.67)^2 + (y - -7816.66)^2 = 29909.95
2019,6,Monaco Grand Prix,23.0,Left,-6751.595262712512,-8084.695159336268,181.41937879073677,(x - -6751.60)^2 + (y - -8084.70)^2 = 32912.99
2019,6,Monaco Grand Prix,24.0,Left,-5564.244454759528,-8204.739491322214,1270.5713636227727,(x - -5564.24)^2 + (y - -8204.74)^2 = 1614351.59
2019,6,Monaco Grand Prix,25.0,Right,-6011.154822916444,-9540.232340649318,134.8225032910494,(x - -6011.15)^2 + (y - -9540.23)^2 = 18177.11
2019,6,Monaco Grand Prix,26.0,Right,-6663.255031228314,-9655.93442054129,110.73113877560438,(x - -6663.26)^2 + (y - -9655.93)^2 = 12261.39
2019,6,Monaco Grand Prix,27.0,Left,-7722.020834517483,-9767.061510073496,980.9640635472363,(x - -7722.02)^2 + (y - -9767.06)^2 = 962290.49
2019,6,Monaco Grand Prix,28.0,Right,-3607.6277961071733,-7275.699144529032,3865.7378238845376,(x - -3607.63)^2 + (y - -7275.70)^2 = 14943928.92
2019,7,Canadian Grand Prix,1.0,Left,3586.5184279415816,-1319.806833838523,297.66042610481935,(x - 3586.52)^2 + (y - -1319.81)^2 = 88601.73
2019,7,Canadian Grand Prix,2.0,Right,3505.534319036304,-1973.0099455642585,364.8176371520965,(x - 3505.53)^2 + (y - -1973.01)^2 = 133091.91
2019,7,Canadian Grand Prix,3.0,Right,3427.110872445132,303.3661644984426,2506.0741203272364,(x - 3427.11)^2 + (y - 303.37)^2 = 6280407.50
2019,7,Canadian Grand Prix,4.0,Right,1084.8640376130418,-503.2585951186101,383.82208666855894,(x - 1084.86)^2 + (y - -503.26)^2 = 147319.39
2019,7,Canadian Grand Prix,5.0,Left,361.4630618805024,-134.9398375833552,436.4417252824818,(x - 361.46)^2 + (y - -134.94)^2 = 190481.38
2019,7,Canadian Grand Prix,6.0,Left,-991.5866779089376,45.03018549747049,1329.8570397279316,(x - -991.59)^2 + (y - 45.03)^2 = 1768519.75
2019,7,Canadian Grand Prix,7.0,Right,442.5554991420818,2349.3884188735497,1401.5032910262833,(x - 442.56)^2 + (y - 2349.39)^2 = 1964211.47
2019,7,Canadian Grand Prix,8.0,Left,-1291.2460918356346,3692.2236833270977,338.99371401136824,(x - -1291.25)^2 + (y - 3692.22)^2 = 114916.74
2019,7,Canadian Grand Prix,9.0,Right,-1381.402971296506,4817.351609606987,909.1480524003155,(x - -1381.40)^2 + (y - 4817.35)^2 = 826550.18
2019,7,Canadian Grand Prix,10.0,Right,-1692.30623545904,10368.092269283437,234.40020403278578,(x - -1692.31)^2 + (y - 10368.09)^2 = 54943.46
2019,7,Canadian Grand Prix,11.0,Left,-1959.0284145346066,11347.892452649648,887.9593097411247,(x - -1959.03)^2 + (y - 11347.89)^2 = 788471.74
2019,7,Canadian Grand Prix,12.0,Right,-574.8456706978981,16501.445057463778,329.13965270569906,(x - -574.85)^2 + (y - 16501.45)^2 = 108332.91
2019,7,Canadian Grand Prix,13.0,Left,733.420257047064,16015.528229325237,1166.5071718565957,(x - 733.42)^2 + (y - 16015.53)^2 = 1360738.98
2019,7,Canadian Grand Prix,14.0,Right,2315.315090392779,5510.276162722314,287.39930273114516,(x - 2315.32)^2 + (y - 5510.28)^2 = 82598.36
2019,7,Canadian Grand Prix,15.0,Left,2646.6092774308654,5072.022301516503,279.67412490426494,(x - 2646.61)^2 + (y - 5072.02)^2 = 78217.62
2019,8,French Grand Prix,1.0,Left,-4416.48516888234,507.9868570719307,726.7403332670267,(x - -4416.49)^2 + (y - 507.99)^2 = 528151.51
2019,8,French Grand Prix,2.0,Right,-5406.316952645945,1317.0792085329847,563.1188668514566,(x - -5406.32)^2 + (y - 1317.08)^2 = 317102.86
2019,8,French Grand Prix,3.0,Right,-4452.627690105746,3765.6713010342137,3210.228493701428,(x - -4452.63)^2 + (y - 3765.67)^2 = 10305566.98
2019,8,French Grand Prix,4.0,Right,-9833.229591898149,3738.0789749692144,416.7612128341532,(x - -9833.23)^2 + (y - 3738.08)^2 = 173689.91
2019,8,French Grand Prix,5.0,Left,-10721.545550827721,3994.388664556417,519.5785211554278,(x - -10721.55)^2 + (y - 3994.39)^2 = 269961.84
2019,8,French Grand Prix,6.0,Right,-11328.421995311512,4659.415571488911,203.7661734576055,(x - -11328.42)^2 + (y - 4659.42)^2 = 41520.65
2019,8,French Grand Prix,7.0,Right,,,,
2019,8,French Grand Prix,8.0,Left,-11321.584417710139,5260.483780602559,1.5581846638056591,(x - -11321.58)^2 + (y - 5260.48)^2 = 2.43
2019,8,French Grand Prix,9.0,Right,-10740.923994070861,4472.290689664534,1031.7204641330702,(x - -10740.92)^2 + (y - 4472.29)^2 = 1064447.12
2019,8,French Grand Prix,10.0,Left,-8877.911238436647,4542.177983050932,716.7795105849308,(x - -8877.91)^2 + (y - 4542.18)^2 = 513772.87
2019,8,French Grand Prix,11.0,Left,689.3010406828633,1041.978518096147,431.97041408706417,(x - 689.30)^2 + (y - 1041.98)^2 = 186598.44
2019,8,French Grand Prix,12.0,Right,1414.5999694863171,642.3875199037124,421.10344104218063,(x - 1414.60)^2 + (y - 642.39)^2 = 177328.11
2019,8,French Grand Prix,13.0,Left,2495.8101983002834,1130.3371104815865,788.5980385355034,(x - 2495.81)^2 + (y - 1130.34)^2 = 621886.87
2019,8,French Grand Prix,14.0,Left,3564.560491469768,585.3622576584561,900.095421433418,(x - 3564.56)^2 + (y - 585.36)^2 = 810171.77
2019,8,French Grand Prix,15.0,Right,7959.443747566356,-3488.8801324801334,1564.784605253817,(x - 7959.44)^2 + (y - -3488.88)^2 = 2448550.86
2019,8,French Grand Prix,16.0,Right,8720.850228870957,-5812.502680019408,906.1046661664784,(x - 8720.85)^2 + (y - -5812.50)^2 = 821025.67
2019,8,French Grand Prix,17.0,Left,8350.661767411688,-3772.9466544156594,583.8673570442419,(x - 8350.66)^2 + (y - -3772.95)^2 = 340901.09
2019,8,French Grand Prix,18.0,Right,6694.370752831445,-1471.1129247168553,2240.8443173961437,(x - 6694.37)^2 + (y - -1471.11)^2 = 5021383.25
2019,8,French Grand Prix,19.0,Right,6620.021760067519,-1410.9044111319718,2302.0586897962485,(x - 6620.02)^2 + (y - -1410.90)^2 = 5299474.21
2019,8,French Grand Prix,20.0,Left,4276.837234783232,-3349.227536742574,719.4955973497887,(x - 4276.84)^2 + (y - -3349.23)^2 = 517673.91
2019,8,French Grand Prix,21.0,Right,3362.800904616747,-3872.029797543027,218.586977538956,(x - 3362.80)^2 + (y - -3872.03)^2 = 47780.27
2019,8,French Grand Prix,22.0,Left,21566.335565012643,25132.861165573508,34376.953679008715,(x - 21566.34)^2 + (y - 25132.86)^2 = 1181774944.25
2019,9,Austrian Grand Prix,1.0,Right,-3012.518490357876,-2116.427582798076,166.94414116025624,(x - -3012.52)^2 + (y - -2116.43)^2 = 27870.35
2019,9,Austrian Grand Prix,2.0,Right,-8112.94986092289,5403.253610546991,146.47474194183218,(x - -8112.95)^2 + (y - 5403.25)^2 = 21454.85
2019,9,Austrian Grand Prix,3.0,Right,-540.3811525967351,4592.13793741519,305.9149866177993,(x - -540.38)^2 + (y - 4592.14)^2 = 93583.98
2019,9,Austrian Grand Prix,4.0,Right,-2067.383665757815,5369.642199522568,2001.54065646309,(x - -2067.38)^2 + (y - 5369.64)^2 = 4006165.00
2019,9,Austrian Grand Prix,5.0,Left,-4001.832080581953,2821.3551417625868,828.4487844365916,(x - -4001.83)^2 + (y - 2821.36)^2 = 686327.39
2019,9,Austrian Grand Prix,6.0,Left,-3298.082321747758,1661.0033326913895,840.0719483547282,(x - -3298.08)^2 + (y - 1661.00)^2 = 705720.88
2019,9,Austrian Grand Prix,7.0,Right,-1131.220223799765,145.13308641777985,1858.6192677769548,(x - -1131.22)^2 + (y - 145.13)^2 = 3454465.58
2019,9,Austrian Grand Prix,8.0,Right,3151.190389563813,1337.4347705039315,752.2642272788748,(x - 3151.19)^2 + (y - 1337.43)^2 = 565901.47
2019,9,Austrian Grand Prix,9.0,Right,3940.1627270166555,132.4665677709174,327.97392192446847,(x - 3940.16)^2 + (y - 132.47)^2 = 107566.89
2019,10,British Grand Prix,1.0,Right,1241.5790048445842,3459.955875897104,1069.1057682571882,(x - 1241.58)^2 + (y - 3459.96)^2 = 1142987.14
2019,10,British Grand Prix,2.0,Left,2486.9432486520977,5868.937858700087,1476.0151931848045,(x - 2486.94)^2 + (y - 5868.94)^2 = 2178620.85
2019,10,British Grand Prix,3.0,Right,4989.551004062617,5688.543926643714,275.1911026490411,(x - 4989.55)^2 + (y - 5688.54)^2 = 75730.14
2019,10,British Grand Prix,4.0,Left,5776.578834248901,4958.55788287757,246.56972297805666,(x - 5776.58)^2 + (y - 4958.56)^2 = 60796.63
2019,10,British Grand Prix,5.0,Left,5384.802469909467,6072.385078344824,983.5689718169589,(x - 5384.80)^2 + (y - 6072.39)^2 = 967407.92
2019,10,British Grand Prix,6.0,Left,887.1352490726725,10406.14624643871,611.4813546517119,(x - 887.14)^2 + (y - 10406.15)^2 = 373909.45
2019,10,British Grand Prix,7.0,Right,-311.4821452730706,10016.869076640382,568.5366170526609,(x - -311.48)^2 + (y - 10016.87)^2 = 323233.88
2019,10,British Grand Prix,8.0,Right,1878.6855328847748,10309.430789528244,2367.638656904186,(x - 1878.69)^2 + (y - 10309.43)^2 = 5605712.81
2019,10,British Grand Prix,9.0,Right,5447.904531347321,12115.013429570583,989.9042543612264,(x - 5447.90)^2 + (y - 12115.01)^2 = 979910.43
2019,10,British Grand Prix,10.0,Left,8891.172065744755,8490.17784125801,1818.2561833942175,(x - 8891.17)^2 + (y - 8490.18)^2 = 3306055.55
2019,10,British Grand Prix,11.0,Right,6941.855885400984,6938.945133132659,667.1604596513528,(x - 6941.86)^2 + (y - 6938.95)^2 = 445103.08
2019,10,British Grand Prix,12.0,Left,8264.266963881437,5615.5932721937415,1016.8578170377227,(x - 8264.27)^2 + (y - 5615.59)^2 = 1033999.82
2019,10,British Grand Prix,13.0,Right,7067.428452286153,4292.166665830202,769.7593630265853,(x - 7067.43)^2 + (y - 4292.17)^2 = 592529.48
2019,10,British Grand Prix,14.0,Left,7846.105409657509,2007.972770180322,1595.4276481507727,(x - 7846.11)^2 + (y - 2007.97)^2 = 2545389.38
2019,10,British Grand Prix,15.0,Right,2235.369333537044,-3241.7410635964548,902.7431213144383,(x - 2235.37)^2 + (y - -3241.74)^2 = 814945.14
2019,10,British Grand Prix,16.0,Left,-881.507427926153,-1075.5337702394543,220.73797303727684,(x - -881.51)^2 + (y - -1075.53)^2 = 48725.25
2019,10,British Grand Prix,17.0,Right,-1283.6871751841554,-56.264602394279436,1066.3541486093584,(x - -1283.69)^2 + (y - -56.26)^2 = 1137111.17
2019,11,German Grand Prix,1.0,Right,-1163.3171089014695,391.6151501235195,687.3741153215387,(x - -1163.32)^2 + (y - 391.62)^2 = 472483.17
2019,11,German Grand Prix,2.0,Right,1555.8326438542097,4126.358021650101,546.1782893452759,(x - 1555.83)^2 + (y - 4126.36)^2 = 298310.72
2019,11,German Grand Prix,3.0,Left,2874.406995540814,3928.6908964296285,810.1223370614364,(x - 2874.41)^2 + (y - 3928.69)^2 = 656298.20
2019,11,German Grand Prix,4.0,Right,12592.540374284405,3165.585298997587,144.2707202584967,(x - 12592.54)^2 + (y - 3165.59)^2 = 20814.04
2019,11,German Grand Prix,5.0,Right,8926.461457202477,1614.4434891474614,837.0007844281715,(x - 8926.46)^2 + (y - 1614.44)^2 = 700570.31
2019,11,German Grand Prix,6.0,Left,6470.434604207004,921.6950084372202,208.5606108978561,(x - 6470.43)^2 + (y - 921.70)^2 = 43497.53
2019,11,German Grand Prix,7.0,Left,7216.398481484212,492.1849851490269,937.5894547045914,(x - 7216.40)^2 + (y - 492.18)^2 = 879073.99
2019,11,German Grand Prix,8.0,Right,5743.7751792110175,-481.1402139932037,863.1015554070578,(x - 5743.78)^2 + (y - -481.14)^2 = 744944.29
2019,11,German Grand Prix,9.0,Right,3081.280719425973,-2214.3751991385643,826.0420406723041,(x - 3081.28)^2 + (y - -2214.38)^2 = 682345.45
2019,11,German Grand Prix,10.0,Left,834.653142342477,-1828.3913999208505,792.6537886596612,(x - 834.65)^2 + (y - -1828.39)^2 = 628300.03
2019,11,German Grand Prix,11.0,Right,743.2894166750979,-3394.6092002948276,890.8767093667553,(x - 743.29)^2 + (y - -3394.61)^2 = 793661.31
2019,11,German Grand Prix,12.0,Right,910.4719316600087,-3397.321663683112,880.5457093273369,(x - 910.47)^2 + (y - -3397.32)^2 = 775360.75
2019,12,Hungarian Grand Prix,1.0,Right,-5868.923198415105,3864.7023593575277,276.1882909623196,(x - -5868.92)^2 + (y - 3864.70)^2 = 76279.97
2019,12,Hungarian Grand Prix,2.0,Right,-5534.066931651544,1564.6041981832896,2544.3909574060126,(x - -5534.07)^2 + (y - 1564.60)^2 = 6473925.34
2019,12,Hungarian Grand Prix,3.0,Left,-2053.4234789476945,2636.2076497294556,500.59189412399843,(x - -2053.42)^2 + (y - 2636.21)^2 = 250592.24
2019,12,Hungarian Grand Prix,4.0,Right,-1400.6121157938549,3974.4695392557305,706.4287018414187,(x - -1400.61)^2 + (y - 3974.47)^2 = 499041.51
2019,12,Hungarian Grand Prix,5.0,Left,-305.1582211647177,8266.38009941288,508.12275696245155,(x - -305.16)^2 + (y - 8266.38)^2 = 258188.74
2019,12,Hungarian Grand Prix,6.0,Right,399.05372165483243,9973.558509213733,605.1184872272682,(x - 399.05)^2 + (y - 9973.56)^2 = 366168.38
2019,12,Hungarian Grand Prix,7.0,Right,2202.8936175286954,8702.809148420993,237.56232099326525,(x - 2202.89)^2 + (y - 8702.81)^2 = 56435.86
2019,12,Hungarian Grand Prix,8.0,Left,2508.2247193134262,8303.265348410108,278.2650020443012,(x - 2508.22)^2 + (y - 8303.27)^2 = 77431.41
2019,12,Hungarian Grand Prix,9.0,Left,2982.2993316618463,7047.729412500137,436.77375509504355,(x - 2982.30)^2 + (y - 7047.73)^2 = 190771.31
2019,12,Hungarian Grand Prix,10.0,Right,3493.260731960566,6006.078908274462,539.4130780792799,(x - 3493.26)^2 + (y - 6006.08)^2 = 290966.47
2019,12,Hungarian Grand Prix,11.0,Left,4829.751364119306,4507.460372633988,1032.6799152549797,(x - 4829.75)^2 + (y - 4507.46)^2 = 1066427.81
2019,12,Hungarian Grand Prix,12.0,Right,3865.1932087450264,2777.865314972951,712.7396797925683,(x - 3865.19)^2 + (y - 2777.87)^2 = 507997.85
2019,12,Hungarian Grand Prix,13.0,Right,1821.0931371058648,-98.3904426569033,250.4943815915096,(x - 1821.09)^2 + (y - -98.39)^2 = 62747.44
2019,12,Hungarian Grand Prix,14.0,Left,105.0488981251496,708.7656996571116,400.97727378145674,(x - 105.05)^2 + (y - 708.77)^2 = 160782.77
2019,12,Hungarian Grand Prix,15.0,Right,442.51741786663433,-893.4616201279543,626.1453299148435,(x - 442.52)^2 + (y - -893.46)^2 = 392057.97
2019,13,Belgian Grand Prix,1.0,Right,-2242.910669975186,4423.203473945409,154.84078832431177,(x - -2242.91)^2 + (y - 4423.20)^2 = 23975.67
2019,13,Belgian Grand Prix,2.0,Left,4297.490330748807,2578.028734154235,2442.942094369113,(x - 4297.49)^2 + (y - 2578.03)^2 = 5967966.08
2019,13,Belgian Grand Prix,3.0,Right,2305.1920466106635,-969.8256812678095,1658.1397637099271,(x - 2305.19)^2 + (y - -969.83)^2 = 2749427.48
2019,13,Belgian Grand Prix,4.0,Left,5726.436280884265,-430.9512353706112,1834.4052721446055,(x - 5726.44)^2 + (y - -430.95)^2 = 3365042.70
2019,13,Belgian Grand Prix,5.0,Right,3456.1874904136876,-5025.8890340635935,2643.970913870881,(x - 3456.19)^2 + (y - -5025.89)^2 = 6990582.19
2019,13,Belgian Grand Prix,6.0,Right,7838.362518308702,-11441.988010957115,497.8363798190014,(x - 7838.36)^2 + (y - -11441.99)^2 = 247841.06
2019,13,Belgian Grand Prix,7.0,Left,8284.704305728896,-12353.778101485179,524.598775354985,(x - 8284.70)^2 + (y - -12353.78)^2 = 275203.88
2019,13,Belgian Grand Prix,8.0,Right,7394.637790890195,-13471.925686591456,645.3392210810531,(x - 7394.64)^2 + (y - -13471.93)^2 = 416462.71
2019,13,Belgian Grand Prix,9.0,Right,5187.807802667973,-15302.772409441748,500.4879317488474,(x - 5187.81)^2 + (y - -15302.77)^2 = 250488.17
2019,13,Belgian Grand Prix,10.0,Left,5586.580374594921,-13761.870933072269,557.3367788764687,(x - 5586.58)^2 + (y - -13761.87)^2 = 310624.29
2019,13,Belgian Grand Prix,11.0,Left,3930.7968726977024,-9609.766480705244,1023.6252047360159,(x - 3930.80)^2 + (y - -9609.77)^2 = 1047808.56
2019,13,Belgian Grand Prix,12.0,Left,3465.8570249403015,-10095.403717614294,1516.0226417467175,(x - 3465.86)^2 + (y - -10095.40)^2 = 2298324.65
2019,13,Belgian Grand Prix,13.0,Right,274.22339319191053,-12198.366390595605,782.0014530740397,(x - 274.22)^2 + (y - -12198.37)^2 = 611526.27
2019,13,Belgian Grand Prix,14.0,Left,-665.3124768586571,-13421.277034567765,763.6645064064871,(x - -665.31)^2 + (y - -13421.28)^2 = 583183.48
2019,13,Belgian Grand Prix,15.0,Right,-2703.6296573737554,-14408.071388506372,500.9438527505342,(x - -2703.63)^2 + (y - -14408.07)^2 = 250944.74
2019,13,Belgian Grand Prix,16.0,Right,-3352.1238478513187,-13355.01482445932,1018.1906844247665,(x - -3352.12)^2 + (y - -13355.01)^2 = 1036712.27
2019,13,Belgian Grand Prix,17.0,Right,-153.9285255408855,-13212.033205676102,3692.3995080399445,(x - -153.93)^2 + (y - -13212.03)^2 = 13633814.13
2019,13,Belgian Grand Prix,18.0,Left,-1983.9932482596112,-6603.96075382778,2949.0289014115374,(x - -1983.99)^2 + (y - -6603.96)^2 = 8696771.46
2019,13,Belgian Grand Prix,19.0,Left,-73.76930131732533,-5880.078455894614,1446.4720835277349,(x - -73.77)^2 + (y - -5880.08)^2 = 2092281.49
2019,13,Belgian Grand Prix,20.0,Right,218.4667871047833,-767.5724171674974,236.30490559395815,(x - 218.47)^2 + (y - -767.57)^2 = 55840.01
2019,13,Belgian Grand Prix,21.0,Left,409.96195081664206,-388.23043903859633,181.21369361888918,(x - 409.96)^2 + (y - -388.23)^2 = 32838.40
2019,14,Italian Grand Prix,1.0,Right,-415.2054558374506,8160.110840615123,163.9825311439909,(x - -415.21)^2 + (y - 8160.11)^2 = 26890.27
2019,14,Italian Grand Prix,2.0,Left,-280.59623507722637,8458.643344721162,161.0211166909483,(x - -280.60)^2 + (y - 8458.64)^2 = 25927.80
2019,14,Italian Grand Prix,3.0,Right,2340.2934883784715,10024.809446548301,2779.761427904155,(x - 2340.29)^2 + (y - 10024.81)^2 = 7727073.60
2019,14,Italian Grand Prix,4.0,Right,2566.2781382712274,11150.138937069332,2919.4734184168674,(x - 2566.28)^2 + (y - 11150.14)^2 = 8523325.04
2019,14,Italian Grand Prix,5.0,Right,3282.6125984049304,10001.702009330245,4289.757473359204,(x - 3282.61)^2 + (y - 10001.70)^2 = 18402019.18
2019,14,Italian Grand Prix,6.0,Left,6633.40032790882,14833.570926704695,287.5701869786576,(x - 6633.40)^2 + (y - 14833.57)^2 = 82696.61
2019,14,Italian Grand Prix,7.0,Right,7119.426110419261,14818.09900373599,196.8764523515969,(x - 7119.43)^2 + (y - 14818.10)^2 = 38760.34
2019,14,Italian Grand Prix,8.0,Right,10100.433348742676,15145.247690223558,755.9883665465973,(x - 10100.43)^2 + (y - 15145.25)^2 = 571518.41
2019,14,Italian Grand Prix,9.0,Right,10664.766423953177,12855.554709938959,404.17830403674475,(x - 10664.77)^2 + (y - 12855.55)^2 = 163360.10
2019,14,Italian Grand Prix,10.0,Left,2848.016166464386,6089.769972040583,326.5680989158933,(x - 2848.02)^2 + (y - 6089.77)^2 = 106646.72
2019,14,Italian Grand Prix,11.0,Right,1495.9154913023915,5630.697377730323,1081.7701140857996,(x - 1495.92)^2 + (y - 5630.70)^2 = 1170226.58
2019,14,Italian Grand Prix,12.0,Left,2463.32893796033,4232.539535465546,622.4416427153486,(x - 2463.33)^2 + (y - 4232.54)^2 = 387433.60
2019,14,Italian Grand Prix,13.0,Right,-259.86733390549733,-4333.462115725013,1380.7621739521842,(x - -259.87)^2 + (y - -4333.46)^2 = 1906504.18
2019,15,Singapore Grand Prix,1.0,Left,265.6350187703114,3394.8598377988183,233.73670911316574,(x - 265.64)^2 + (y - 3394.86)^2 = 54632.85
2019,15,Singapore Grand Prix,2.0,Right,108.37318278513595,4333.637407331259,735.7105395372222,(x - 108.37)^2 + (y - 4333.64)^2 = 541270.00
2019,15,Singapore Grand Prix,3.0,Left,-775.1774650912348,3907.697288795927,245.9970279836755,(x - -775.18)^2 + (y - 3907.70)^2 = 60514.54
2019,15,Singapore Grand Prix,4.0,Left,530.1907697791621,3242.638900753985,1620.524038968294,(x - 530.19)^2 + (y - 3242.64)^2 = 2626098.16
2019,15,Singapore Grand Prix,5.0,Right,-3713.207587593109,799.9954578595815,3228.7313585783963,(x - -3713.21)^2 + (y - 800.00)^2 = 10424706.19
2019,15,Singapore Grand Prix,6.0,Right,-1071.125728248065,775.0806000771388,653.9278083486087,(x - -1071.13)^2 + (y - 775.08)^2 = 427621.58
2019,15,Singapore Grand Prix,7.0,Right,-4646.284585758773,2332.9532932361913,1935.421391281994,(x - -4646.28)^2 + (y - 2332.95)^2 = 3745855.96
2019,15,Singapore Grand Prix,8.0,Left,-8276.33620747939,1979.6643860105462,216.06944012026148,(x - -8276.34)^2 + (y - 1979.66)^2 = 46686.00
2019,15,Singapore Grand Prix,9.0,Right,-9540.65468182008,625.4082438474073,142.42755503436658,(x - -9540.65)^2 + (y - 625.41)^2 = 20285.61
2019,15,Singapore Grand Prix,10.0,Left,-12754.738922822364,-1394.906587612071,3621.8341423932916,(x - -12754.74)^2 + (y - -1394.91)^2 = 13117682.56
2019,15,Singapore Grand Prix,11.0,Left,-10942.610562222522,1461.0617647815816,240.49736586152648,(x - -10942.61)^2 + (y - 1461.06)^2 = 57838.98
2019,15,Singapore Grand Prix,12.0,Left,-10668.355713094244,852.5450375312761,881.1472542360661,(x - -10668.36)^2 + (y - 852.55)^2 = 776420.48
2019,15,Singapore Grand Prix,13.0,Left,-12318.76931041156,-1900.779474555917,887.0086434130798,(x - -12318.77)^2 + (y - -1900.78)^2 = 786784.33
2019,15,Singapore Grand Prix,14.0,Right,-12389.75755766627,-2951.607046074524,174.87784894507314,(x - -12389.76)^2 + (y - -2951.61)^2 = 30582.26
2019,15,Singapore Grand Prix,15.0,Left,-10589.526022404134,-2595.451672962322,1819.442290849428,(x - -10589.53)^2 + (y - -2595.45)^2 = 3310370.25
2019,15,Singapore Grand Prix,16.0,Right,-12281.431802108624,-5335.482994799948,1405.2279984219201,(x - -12281.43)^2 + (y - -5335.48)^2 = 1974665.73
2019,15,Singapore Grand Prix,17.0,Left,-10792.393106006395,-4807.020353476638,141.1722401263569,(x - -10792.39)^2 + (y - -4807.02)^2 = 19929.60
2019,15,Singapore Grand Prix,18.0,Right,-9295.688443202944,15.727234642308897,144.33824130803433,(x - -9295.69)^2 + (y - 15.73)^2 = 20833.53
2019,15,Singapore Grand Prix,19.0,Left,-6684.828435607927,134.78756452169728,1598.0050997545954,(x - -6684.83)^2 + (y - 134.79)^2 = 2553620.30
2019,15,Singapore Grand Prix,20.0,Right,-6520.399695692308,-1656.6251575856056,196.60459834183357,(x - -6520.40)^2 + (y - -1656.63)^2 = 38653.37
2019,15,Singapore Grand Prix,21.0,Left,-5918.544085491281,-2060.18194319811,380.3498123737361,(x - -5918.54)^2 + (y - -2060.18)^2 = 144665.98
2019,15,Singapore Grand Prix,22.0,Left,-4215.865044450968,-2380.908464745788,157.8765799515409,(x - -4215.87)^2 + (y - -2380.91)^2 = 24925.01
2019,15,Singapore Grand Prix,23.0,Right,-3573.1569872293353,-1944.2717287531077,379.6273435673046,(x - -3573.16)^2 + (y - -1944.27)^2 = 144116.92
2019,15,Singapore Grand Prix,24.0,Right,-2650.249306711037,-1929.7083564429654,231.3777803772917,(x - -2650.25)^2 + (y - -1929.71)^2 = 53535.68
2019,15,Singapore Grand Prix,25.0,Left,-1941.0688701603576,-2034.5176477522714,493.29632718049214,(x - -1941.07)^2 + (y - -2034.52)^2 = 243341.27
2019,15,Singapore Grand Prix,26.0,Left,509.37631034455626,-2385.012865673932,282.44129525667256,(x - 509.38)^2 + (y - -2385.01)^2 = 79773.09
2019,15,Singapore Grand Prix,27.0,Left,412.10518170773753,-1628.9254340650193,774.2473274003551,(x - 412.11)^2 + (y - -1628.93)^2 = 599458.92
2019,16,Russian Grand Prix,1.0,Right,-2998.0143549935183,-2425.009253636955,2487.4983764831377,(x - -2998.01)^2 + (y - -2425.01)^2 = 6187648.17
2019,16,Russian Grand Prix,2.0,Right,-8202.297856331266,-6191.893744082068,259.20031767715255,(x - -8202.30)^2 + (y - -6191.89)^2 = 67184.80
2019,16,Russian Grand Prix,3.0,Left,-9311.045733387493,-6546.993484287642,967.2222942740528,(x - -9311.05)^2 + (y - -6546.99)^2 = 935518.97
2019,16,Russian Grand Prix,4.0,Left,-10807.145503320544,-6354.053246315367,1858.8373917194656,(x - -10807.15)^2 + (y - -6354.05)^2 = 3455276.45
2019,16,Russian Grand Prix,5.0,Right,-12116.107286162927,-8530.150179829685,273.55251935874395,(x - -12116.11)^2 + (y - -8530.15)^2 = 74830.98
2019,16,Russian Grand Prix,6.0,Right,-15498.20686591036,-10523.169088425802,310.08783056720966,(x - -15498.21)^2 + (y - -10523.17)^2 = 96154.46
2019,16,Russian Grand Prix,7.0,Right,-15020.856005379588,-8236.453141265378,1698.4558647426986,(x - -15020.86)^2 + (y - -8236.45)^2 = 2884752.32
2019,16,Russian Grand Prix,8.0,Right,-16257.069068689127,-7032.876012974712,259.5058406606193,(x - -16257.07)^2 + (y - -7032.88)^2 = 67343.28
2019,16,Russian Grand Prix,9.0,Left,-13624.299333254867,-6107.600519346358,236.00223080589424,(x - -13624.30)^2 + (y - -6107.60)^2 = 55697.05
2019,16,Russian Grand Prix,10.0,Left,-14467.829681017956,-5352.295869770617,1236.8451226322566,(x - -14467.83)^2 + (y - -5352.30)^2 = 1529785.86
2019,16,Russian Grand Prix,11.0,Right,-13668.563703307776,-2863.5063031853597,428.70923982882186,(x - -13668.56)^2 + (y - -2863.51)^2 = 183791.61
2019,16,Russian Grand Prix,12.0,Left,-5053.3067225441255,47.08913443668318,3753.963343041338,(x - -5053.31)^2 + (y - 47.09)^2 = 14092240.78
2019,16,Russian Grand Prix,13.0,Right,-3443.0176003763218,-3507.0792294032376,129.62747046044987,(x - -3443.02)^2 + (y - -3507.08)^2 = 16803.28
2019,16,Russian Grand Prix,14.0,Left,-2535.677215528447,-3394.3066445792906,962.2659327226139,(x - -2535.68)^2 + (y - -3394.31)^2 = 925955.73
2019,16,Russian Grand Prix,15.0,Left,-1270.527028149236,-2810.283943580855,183.88877769548307,(x - -1270.53)^2 + (y - -2810.28)^2 = 33815.08
2019,16,Russian Grand Prix,16.0,Right,-1414.9663005772884,-2111.6705308046094,325.5501116593242,(x - -1414.97)^2 + (y - -2111.67)^2 = 105982.88
2019,16,Russian Grand Prix,17.0,Right,277.94148853478185,863.2107615018542,204.96702819423447,(x - 277.94)^2 + (y - 863.21)^2 = 42011.48
2019,16,Russian Grand Prix,18.0,Right,1497.633545228868,345.5654546506009,188.03069191707345,(x - 1497.63)^2 + (y - 345.57)^2 = 35355.54
2019,17,Japanese Grand Prix,1.0,Right,5414.350778578759,-6441.144828733056,835.9573681376737,(x - 5414.35)^2 + (y - -6441.14)^2 = 698824.72
2019,17,Japanese Grand Prix,2.0,Left,3226.183018807993,-6307.636016541954,909.4674078282279,(x - 3226.18)^2 + (y - -6307.64)^2 = 827130.97
2019,17,Japanese Grand Prix,3.0,Right,3203.2721367279028,-4482.260491940494,976.3472494222563,(x - 3203.27)^2 + (y - -4482.26)^2 = 953253.95
2019,17,Japanese Grand Prix,4.0,Left,1408.5155804792114,-4510.987389717273,816.7170534973692,(x - 1408.52)^2 + (y - -4510.99)^2 = 667026.75
2019,17,Japanese Grand Prix,5.0,Right,1017.5823440875072,-2794.7304887073296,893.1798939676273,(x - 1017.58)^2 + (y - -2794.73)^2 = 797770.32
2019,17,Japanese Grand Prix,6.0,Left,-381.0234696262655,-1753.0720173566126,821.2393320764538,(x - -381.02)^2 + (y - -1753.07)^2 = 674434.04
2019,17,Japanese Grand Prix,7.0,Left,-1215.3091380700707,-2834.647205283803,2160.9831151983044,(x - -1215.31)^2 + (y - -2834.65)^2 = 4669848.02
2019,17,Japanese Grand Prix,8.0,Right,-4123.397622103147,-2300.1227569241837,446.11251835679366,(x - -4123.40)^2 + (y - -2300.12)^2 = 199016.38
2019,17,Japanese Grand Prix,9.0,Right,-5322.415703707273,-2586.574530741514,280.1135567410652,(x - -5322.42)^2 + (y - -2586.57)^2 = 78463.60
2019,17,Japanese Grand Prix,10.0,Right,-5041.718148663279,199.44034551281354,1127.852943091523,(x - -5041.72)^2 + (y - 199.44)^2 = 1272052.26
2019,17,Japanese Grand Prix,11.0,Left,-5986.75571271621,1433.544802229847,224.82017095752252,(x - -5986.76)^2 + (y - 1433.54)^2 = 50544.11
2019,17,Japanese Grand Prix,12.0,Right,-8566.866071611215,1688.757824522195,2163.5720994855947,(x - -8566.87)^2 + (y - 1688.76)^2 = 4681044.23
2019,17,Japanese Grand Prix,13.0,Right,-9126.047569465103,2265.2736359850064,2536.2996615531697,(x - -9126.05)^2 + (y - 2265.27)^2 = 6432815.97
2019,17,Japanese Grand Prix,14.0,Left,-12821.020103480954,2140.783442392862,877.6225047325919,(x - -12821.02)^2 + (y - 2140.78)^2 = 770221.26
2019,17,Japanese Grand Prix,15.0,Left,-5459.890073847255,597.1600606727828,2630.592442161646,(x - -5459.89)^2 + (y - 597.16)^2 = 6920016.60
2019,17,Japanese Grand Prix,16.0,Right,-1827.0319524421682,140.9025689313586,131.57481055002168,(x - -1827.03)^2 + (y - 140.90)^2 = 17311.93
2019,17,Japanese Grand Prix,17.0,Left,-1378.6988692008636,230.62746394733983,238.1026173381631,(x - -1378.70)^2 + (y - 230.63)^2 = 56692.86
2019,17,Japanese Grand Prix,18.0,Right,-199.3912012038802,-1203.7103973180328,1677.2044301898566,(x - -199.39)^2 + (y - -1203.71)^2 = 2813014.70
2019,18,Mexican Grand Prix,1.0,Right,11461.948775090279,-651.8140311371509,176.59985660214502,(x - 11461.95)^2 + (y - -651.81)^2 = 31187.51
2019,18,Mexican Grand Prix,2.0,Left,11866.42003699685,-1205.791399141968,338.82816335274265,(x - 11866.42)^2 + (y - -1205.79)^2 = 114804.52
2019,18,Mexican Grand Prix,3.0,Right,11749.221937435499,-1796.552755870314,253.54668817078834,(x - 11749.22)^2 + (y - -1796.55)^2 = 64285.92
2019,18,Mexican Grand Prix,4.0,Right,7183.74049886972,-980.0383791859156,4907.050244163812,(x - 7183.74)^2 + (y - -980.04)^2 = 24079142.10
2019,18,Mexican Grand Prix,5.0,Left,8920.489857003318,-7776.138946620437,174.9051528023611,(x - 8920.49)^2 + (y - -7776.14)^2 = 30591.81
2019,18,Mexican Grand Prix,6.0,Right,9146.378325237103,-8284.071131158917,148.80403990129182,(x - 9146.38)^2 + (y - -8284.07)^2 = 22142.64
2019,18,Mexican Grand Prix,7.0,Right,8254.944923069921,-8818.882939478697,246.16086763329304,(x - 8254.94)^2 + (y - -8818.88)^2 = 60595.17
2019,18,Mexican Grand Prix,8.0,Left,7856.766758287404,-5943.510361889504,529.4310791342353,(x - 7856.77)^2 + (y - -5943.51)^2 = 280297.27
2019,18,Mexican Grand Prix,9.0,Right,8299.562088126897,-4513.257365228843,972.2022479217479,(x - 8299.56)^2 + (y - -4513.26)^2 = 945177.21
2019,18,Mexican Grand Prix,10.0,Left,6542.209653500032,-5035.328069887389,868.6309831973541,(x - 6542.21)^2 + (y - -5035.33)^2 = 754519.78
2019,18,Mexican Grand Prix,11.0,Right,5569.1585681926545,-3542.6242799525535,492.16522719041006,(x - 5569.16)^2 + (y - -3542.62)^2 = 242226.61
2019,18,Mexican Grand Prix,12.0,Left,4269.957796234467,-3569.886901873474,787.3690770471989,(x - 4269.96)^2 + (y - -3569.89)^2 = 619950.06
2019,18,Mexican Grand Prix,13.0,Left,2603.1952881276475,-4397.0831144415415,2273.981951368169,(x - 2603.20)^2 + (y - -4397.08)^2 = 5170993.92
2019,18,Mexican Grand Prix,14.0,Right,-327.19879869719153,-1436.4706124779866,230.42894530272747,(x - -327.20)^2 + (y - -1436.47)^2 = 53097.50
2019,18,Mexican Grand Prix,15.0,Left,-858.1664814082985,-30.965144785895937,166.27429205407182,(x - -858.17)^2 + (y - -30.97)^2 = 27647.14
2019,18,Mexican Grand Prix,16.0,Right,-1435.2998593178022,172.27698127428434,421.03718169941885,(x - -1435.30)^2 + (y - 172.28)^2 = 177272.31
2019,18,Mexican Grand Prix,17.0,Right,-2275.5636351503313,211.73877320393154,206.05638364397623,(x - -2275.56)^2 + (y - 211.74)^2 = 42459.23
2019,18,Mexican Grand Prix,18.0,Right,-1310.2895072341016,164.3119873142279,1129.6868554208525,(x - -1310.29)^2 + (y - 164.31)^2 = 1276192.39
2019,19,United States Grand Prix,1.0,Left,3698.966464040751,-3926.4815795619547,174.62270924929763,(x - 3698.97)^2 + (y - -3926.48)^2 = 30493.09
2019,19,United States Grand Prix,2.0,Right,4447.604428210303,-2105.95041326449,1150.0742920363168,(x - 4447.60)^2 + (y - -2105.95)^2 = 1322670.88
2019,19,United States Grand Prix,3.0,Left,4492.74473209428,691.9526277145666,1204.1369844968237,(x - 4492.74)^2 + (y - 691.95)^2 = 1449945.88
2019,19,United States Grand Prix,4.0,Right,6508.293389149885,139.10467453602817,893.614471124694,(x - 6508.29)^2 + (y - 139.10)^2 = 798546.82
2019,19,United States Grand Prix,5.0,Left,5942.748367268537,1709.323665001921,822.4196045556275,(x - 5942.75)^2 + (y - 1709.32)^2 = 676374.01
2019,19,United States Grand Prix,6.0,Right,7881.888286294849,1604.0141062486496,1142.789577106994,(x - 7881.89)^2 + (y - 1604.01)^2 = 1305968.02
2019,19,United States Grand Prix,7.0,Left,9057.555539068331,3434.4492608052337,1083.3748287046126,(x - 9057.56)^2 + (y - 3434.45)^2 = 1173701.02
2019,19,United States Grand Prix,8.0,Right,10551.821039469633,2740.5622384642033,562.9874939115161,(x - 10551.82)^2 + (y - 2740.56)^2 = 316954.92
2019,19,United States Grand Prix,9.0,Left,11427.27282910974,3204.2233307607953,440.3689468142126,(x - 11427.27)^2 + (y - 3204.22)^2 = 193924.81
2019,19,United States Grand Prix,10.0,Left,12833.491626717781,3814.271703295968,665.418836030114,(x - 12833.49)^2 + (y - 3814.27)^2 = 442782.23
2019,19,United States Grand Prix,11.0,Left,15422.195093180133,6313.916470064264,163.4387012761876,(x - 15422.20)^2 + (y - 6313.92)^2 = 26712.21
2019,19,United States Grand Prix,12.0,Left,3998.697318487084,3924.9596328334233,103.81974360681782,(x - 3998.70)^2 + (y - 3924.96)^2 = 10778.54
2019,19,United States Grand Prix,13.0,Right,4856.595989919536,2203.92761775608,223.95221087682407,(x - 4856.60)^2 + (y - 2203.93)^2 = 50154.59
2019,19,United States Grand Prix,14.0,Right,4412.926500919411,2453.7273624599793,452.12136107524555,(x - 4412.93)^2 + (y - 2453.73)^2 = 204413.73
2019,19,United States Grand Prix,15.0,Left,2939.5774320086925,2023.2302571704913,1115.2737106093257,(x - 2939.58)^2 + (y - 2023.23)^2 = 1243835.45
2019,19,United States Grand Prix,16.0,Left,3205.7854098682424,2686.835677896764,468.1643712835349,(x - 3205.79)^2 + (y - 2686.84)^2 = 219177.88
2019,19,United States Grand Prix,17.0,Left,3011.047023265363,2916.282328779923,255.991907064601,(x - 3011.05)^2 + (y - 2916.28)^2 = 65531.86
2019,19,United States Grand Prix,18.0,Right,2370.634879648017,1219.0083576050893,1328.4911969576435,(x - 2370.63)^2 + (y - 1219.01)^2 = 1764888.86
2019,19,United States Grand Prix,19.0,Left,-69.5961716275932,1548.9794045312033,403.5821913813068,(x - -69.60)^2 + (y - 1548.98)^2 = 162878.59
2019,19,United States Grand Prix,20.0,Left,-2435.2507706359174,680.7181185066788,208.0035081156395,(x - -2435.25)^2 + (y - 680.72)^2 = 43265.46
2019,20,Brazilian Grand Prix,1.0,Left,-2905.158798049156,-4986.639435741214,467.6736114697597,(x - -2905.16)^2 + (y - -4986.64)^2 = 218718.61
2019,20,Brazilian Grand Prix,2.0,Right,-2068.2510019362103,-5543.279748543835,570.5409790642873,(x - -2068.25)^2 + (y - -5543.28)^2 = 325517.01
2019,20,Brazilian Grand Prix,3.0,Left,-1038.0992585797435,-3829.880746967037,1453.1317901224993,(x - -1038.10)^2 + (y - -3829.88)^2 = 2111592.00
2019,20,Brazilian Grand Prix,4.0,Left,1478.034031785901,1861.4846457642118,452.525074207594,(x - 1478.03)^2 + (y - 1861.48)^2 = 204778.94
2019,20,Brazilian Grand Prix,5.0,Left,575.435749109153,1195.6606459338147,1261.240726157511,(x - 575.44)^2 + (y - 1195.66)^2 = 1590728.17
2019,20,Brazilian Grand Prix,6.0,Right,-2997.75109575376,38.10026242946339,1007.9692381726956,(x - -2997.75)^2 + (y - 38.10)^2 = 1016001.99
2019,20,Brazilian Grand Prix,7.0,Right,-3775.504239316663,790.3767040545096,360.4893909635233,(x - -3775.50)^2 + (y - 790.38)^2 = 129952.60
2019,20,Brazilian Grand Prix,8.0,Left,-3147.18836245972,1242.827216137037,453.4235490252789,(x - -3147.19)^2 + (y - 1242.83)^2 = 205592.91
2019,20,Brazilian Grand Prix,9.0,Right,-2512.5173379376147,2892.4287854408835,1173.5590751849543,(x - -2512.52)^2 + (y - 2892.43)^2 = 1377240.90
2019,20,Brazilian Grand Prix,10.0,Right,-3512.9066126273633,3183.037791704796,271.68490865598096,(x - -3512.91)^2 + (y - 3183.04)^2 = 73812.69
2019,20,Brazilian Grand Prix,11.0,Left,-1993.3858220259938,3370.900715572696,1011.9775937562157,(x - -1993.39)^2 + (y - 3370.90)^2 = 1024098.65
2019,20,Brazilian Grand Prix,12.0,Left,-611.3810100854624,4412.744978747233,369.6635117785751,(x - -611.38)^2 + (y - 4412.74)^2 = 136651.11
2019,20,Brazilian Grand Prix,13.0,Left,-1464.3268547545526,1838.5915132897458,3154.900708258969,(x - -1464.33)^2 + (y - 1838.59)^2 = 9953398.48
2019,20,Brazilian Grand Prix,14.0,Left,-2570.7977497569195,2995.0927469024286,1625.006890057257,(x - -2570.80)^2 + (y - 2995.09)^2 = 2640647.39
2019,20,Brazilian Grand Prix,15.0,Left,-1872.2852810715628,487.2050480760584,2856.9559055095706,(x - -1872.29)^2 + (y - 487.21)^2 = 8162197.05
2019,21,Abu Dhabi Grand Prix,1.0,Left,484.2452173815113,6741.688078874888,372.15203015458854,(x - 484.25)^2 + (y - 6741.69)^2 = 138497.13
2019,21,Abu Dhabi Grand Prix,2.0,Left,-206.61260939487718,8424.019389825384,683.1931259716341,(x - -206.61)^2 + (y - 8424.02)^2 = 466752.85
2019,21,Abu Dhabi Grand Prix,3.0,Right,-259.73512930378274,10466.748658306047,1245.6529809377378,(x - -259.74)^2 + (y - 10466.75)^2 = 1551651.35
2019,21,Abu Dhabi Grand Prix,4.0,Left,-4233.669258800644,12363.871752221057,3108.415943891675,(x - -4233.67)^2 + (y - 12363.87)^2 = 9662249.68
2019,21,Abu Dhabi Grand Prix,5.0,Left,-1643.2023047793366,14282.391951264959,362.8848024616948,(x - -1643.20)^2 + (y - 14282.39)^2 = 131685.38
2019,21,Abu Dhabi Grand Prix,6.0,Right,-1682.5532797009566,14836.339129122485,189.4488480288947,(x - -1682.55)^2 + (y - 14836.34)^2 = 35890.87
2019,21,Abu Dhabi Grand Prix,7.0,Left,-1680.2156343474273,15891.929650103073,207.18819881958905,(x - -1680.22)^2 + (y - 15891.93)^2 = 42926.95
2019,21,Abu Dhabi Grand Prix,8.0,Left,-5711.766436613762,4578.158808592465,127.5182880053184,(x - -5711.77)^2 + (y - 4578.16)^2 = 16260.91
2019,21,Abu Dhabi Grand Prix,9.0,Right,-5269.486055699061,4354.855601686423,148.1575341666415,(x - -5269.49)^2 + (y - 4354.86)^2 = 21950.65
2019,21,Abu Dhabi Grand Prix,10.0,Left,1631.022097161631,-1494.4572633371415,174.69834744582428,(x - 1631.02)^2 + (y - -1494.46)^2 = 30519.51
2019,21,Abu Dhabi Grand Prix,11.0,Right,2122.0706492377108,-1237.749657441651,258.3051890383915,(x - 2122.07)^2 + (y - -1237.75)^2 = 66721.57
2019,21,Abu Dhabi Grand Prix,12.0,Left,2221.0930671197725,-811.2413265069628,175.3230679598308,(x - 2221.09)^2 + (y - -811.24)^2 = 30738.18
2019,21,Abu Dhabi Grand Prix,13.0,Left,2232.043564852504,355.7307208269812,166.05535079623854,(x - 2232.04)^2 + (y - 355.73)^2 = 27574.38
2019,21,Abu Dhabi Grand Prix,14.0,Right,-375.92736486486484,986.6089527027027,791.2772225908875,(x - -375.93)^2 + (y - 986.61)^2 = 626119.64
2019,21,Abu Dhabi Grand Prix,15.0,Right,-1247.266160717264,1406.4494813206782,653.1257553295222,(x - -1247.27)^2 + (y - 1406.45)^2 = 426573.25
2019,21,Abu Dhabi Grand Prix,16.0,Right,-1918.1202952866452,2238.0987880255952,147.0327411128966,(x - -1918.12)^2 + (y - 2238.10)^2 = 21618.63
2019,21,Abu Dhabi Grand Prix,17.0,Left,-1050.3791562376903,2671.723896719863,195.01224267783596,(x - -1050.38)^2 + (y - 2671.72)^2 = 38029.77
2019,21,Abu Dhabi Grand Prix,18.0,Left,-1076.4765781223928,3535.1107410147756,228.35158012124614,(x - -1076.48)^2 + (y - 3535.11)^2 = 52144.44
2019,21,Abu Dhabi Grand Prix,19.0,Left,-1518.5055998034402,2820.119121297027,1003.4881836734723,(x - -1518.51)^2 + (y - 2820.12)^2 = 1006988.53
2019,21,Abu Dhabi Grand Prix,20.0,Right,-3488.1729168168795,4180.326050745377,664.1151425087862,(x - -3488.17)^2 + (y - 4180.33)^2 = 441048.92
2019,21,Abu Dhabi Grand Prix,21.0,Right,-4453.028932052945,5373.426386706767,384.4555064652354,(x - -4453.03)^2 + (y - 5373.43)^2 = 147806.04
2020,1,Austrian Grand Prix,1.0,Right,-2845.1339541211123,-1680.3114011126568,573.4894811499937,(x - -2845.13)^2 + (y - -1680.31)^2 = 328890.18
2020,1,Austrian Grand Prix,2.0,Right,-7983.2970056415315,5350.801288053658,251.35157709450172,(x - -7983.30)^2 + (y - 5350.80)^2 = 63177.62
2020,1,Austrian Grand Prix,3.0,Right,-1528.9516682829815,4299.602588143924,1087.5039679419094,(x - -1528.95)^2 + (y - 4299.60)^2 = 1182664.88
2020,1,Austrian Grand Prix,4.0,Left,-3913.1307990191644,2733.2575526783194,919.1628041966344,(x - -3913.13)^2 + (y - 2733.26)^2 = 844860.26
2020,1,Austrian Grand Prix,5.0,Left,-3324.133100406705,1669.377370398758,826.6591370210193,(x - -3324.13)^2 + (y - 1669.38)^2 = 683365.33
2020,1,Austrian Grand Prix,6.0,Right,-1122.7459276579746,545.6793387231892,1489.5631025783937,(x - -1122.75)^2 + (y - 545.68)^2 = 2218798.24
2020,1,Austrian Grand Prix,7.0,Right,3005.7500807852643,1096.352117036131,1003.9449506266103,(x - 3005.75)^2 + (y - 1096.35)^2 = 1007905.46
2020,1,Austrian Grand Prix,8.0,Right,3518.2249370306895,250.47702302613013,717.8600209941187,(x - 3518.22)^2 + (y - 250.48)^2 = 515323.01
2020,2,Styrian Grand Prix,1.0,Right,-2855.8374414341006,-1697.5198614789163,551.7763430020594,(x - -2855.84)^2 + (y - -1697.52)^2 = 304457.13
2020,2,Styrian Grand Prix,2.0,Right,-8003.323087200678,5353.559976955124,232.11410451139818,(x - -8003.32)^2 + (y - 5353.56)^2 = 53876.96
2020,2,Styrian Grand Prix,3.0,Right,-654.294837261576,4516.38471894247,420.8378379722805,(x - -654.29)^2 + (y - 4516.38)^2 = 177104.49
2020,2,Styrian Grand Prix,4.0,Right,-1837.4399615754082,5196.92795389049,1769.9455868226646,(x - -1837.44)^2 + (y - 5196.93)^2 = 3132707.38
2020,2,Styrian Grand Prix,5.0,Right,-1963.6180049665757,5104.305040812051,1710.931033660735,(x - -1963.62)^2 + (y - 5104.31)^2 = 2927285.00
2020,2,Styrian Grand Prix,6.0,Left,-3913.7738409471754,2740.19925803983,914.4939542655959,(x - -3913.77)^2 + (y - 2740.20)^2 = 836299.19
2020,2,Styrian Grand Prix,7.0,Left,-3327.7570294451366,1646.3731866077208,798.3820265790181,(x - -3327.76)^2 + (y - 1646.37)^2 = 637413.86
2020,2,Styrian Grand Prix,8.0,Right,-1130.4005844693793,562.3671984383955,1470.679340617291,(x - -1130.40)^2 + (y - 562.37)^2 = 2162897.72
2020,2,Styrian Grand Prix,9.0,Right,3030.974254273247,1120.4177179299672,967.4365561494747,(x - 3030.97)^2 + (y - 1120.42)^2 = 935933.49
2020,2,Styrian Grand Prix,10.0,Right,3512.3705285281235,259.0983439421907,720.9737584017195,(x - 3512.37)^2 + (y - 259.10)^2 = 519803.16
2020,3,Hungarian Grand Prix,1.0,Right,-5711.719652881712,3820.2310714611954,387.1993698777198,(x - -5711.72)^2 + (y - 3820.23)^2 = 149923.35
2020,3,Hungarian Grand Prix,2.0,Left,-2084.9286445250723,2697.885942878407,537.6898600277625,(x - -2084.93)^2 + (y - 2697.89)^2 = 289110.39
2020,3,Hungarian Grand Prix,3.0,Right,-930.823075419688,4012.539807104101,1155.112448141361,(x - -930.82)^2 + (y - 4012.54)^2 = 1334284.77
2020,3,Hungarian Grand Prix,4.0,Left,-891.3667234607393,8422.129758868918,1082.6441191523274,(x - -891.37)^2 + (y - 8422.13)^2 = 1172118.29
2020,3,Hungarian Grand Prix,5.0,Right,506.04496284215736,9867.84030711779,727.3771388908389,(x - 506.04)^2 + (y - 9867.84)^2 = 529077.50
2020,3,Hungarian Grand Prix,6.0,Right,1955.2093576883449,8710.449112646249,447.2036125922394,(x - 1955.21)^2 + (y - 8710.45)^2 = 199991.07
2020,3,Hungarian Grand Prix,7.0,Left,3101.7788203744103,8131.132271338752,858.7814674902608,(x - 3101.78)^2 + (y - 8131.13)^2 = 737505.61
2020,3,Hungarian Grand Prix,8.0,Left,3223.692790031175,7314.714312237545,756.4653743274204,(x - 3223.69)^2 + (y - 7314.71)^2 = 572239.86
2020,3,Hungarian Grand Prix,9.0,Right,3354.1545417697957,5860.267752556345,706.5684420675244,(x - 3354.15)^2 + (y - 5860.27)^2 = 499238.96
2020,3,Hungarian Grand Prix,10.0,Left,5526.467512936785,4663.180574777509,1705.3714825766392,(x - 5526.47)^2 + (y - 4663.18)^2 = 2908291.89
2020,3,Hungarian Grand Prix,11.0,Right,3537.190418345115,2802.633622784056,1015.0778812584604,(x - 3537.19)^2 + (y - 2802.63)^2 = 1030383.11
2020,3,Hungarian Grand Prix,12.0,Right,1827.347427992649,128.39370111415118,431.8732952925909,(x - 1827.35)^2 + (y - 128.39)^2 = 186514.54
2020,3,Hungarian Grand Prix,13.0,Left,177.62500465427584,682.1450145452674,450.3762110990041,(x - 177.63)^2 + (y - 682.15)^2 = 202838.73
2020,3,Hungarian Grand Prix,14.0,Right,369.7157890475751,-855.1890440706462,676.7281380018683,(x - 369.72)^2 + (y - -855.19)^2 = 457960.97
2020,4,British Grand Prix,1.0,Right,1439.2641904434106,3039.4828364177793,1497.9274221726976,(x - 1439.26)^2 + (y - 3039.48)^2 = 2243786.56
2020,4,British Grand Prix,2.0,Left,2481.83850129199,6143.574552588764,1707.8529988879764,(x - 2481.84)^2 + (y - 6143.57)^2 = 2916761.87
2020,4,British Grand Prix,3.0,Right,4916.512195971198,5434.838525248492,468.3159514725961,(x - 4916.51)^2 + (y - 5434.84)^2 = 219319.83
2020,4,British Grand Prix,4.0,Left,5814.76214613696,5126.565548232294,398.9553451550609,(x - 5814.76)^2 + (y - 5126.57)^2 = 159165.37
2020,4,British Grand Prix,5.0,Left,4750.719750815597,5923.549406395067,1583.3580078960551,(x - 4750.72)^2 + (y - 5923.55)^2 = 2507022.58
2020,4,British Grand Prix,6.0,Left,958.511070864169,10198.116889667714,804.7821070637258,(x - 958.51)^2 + (y - 10198.12)^2 = 647674.24
2020,4,British Grand Prix,7.0,Right,-403.0975799439777,10118.359695305648,605.7854430953461,(x - -403.10)^2 + (y - 10118.36)^2 = 366976.00
2020,4,British Grand Prix,8.0,Right,1977.178445678911,10300.890679303617,2390.2549405248537,(x - 1977.18)^2 + (y - 10300.89)^2 = 5713318.68
2020,4,British Grand Prix,9.0,Right,5229.6035836278525,11696.506492374121,1420.890919824568,(x - 5229.60)^2 + (y - 11696.51)^2 = 2018931.01
2020,4,British Grand Prix,10.0,Right,6127.459414647708,6883.9366667515515,1412.7433840873443,(x - 6127.46)^2 + (y - 6883.94)^2 = 1995843.87
2020,4,British Grand Prix,11.0,Left,8667.449113483786,5639.626997883627,1342.6478892159068,(x - 8667.45)^2 + (y - 5639.63)^2 = 1802703.35
2020,4,British Grand Prix,12.0,Right,6749.5940330210915,4284.253833696599,1023.5620095184013,(x - 6749.59)^2 + (y - 4284.25)^2 = 1047679.19
2020,4,British Grand Prix,13.0,Left,8439.209986172073,1210.2135462252443,2530.343811719759,(x - 8439.21)^2 + (y - 1210.21)^2 = 6402639.81
2020,4,British Grand Prix,14.0,Right,2238.299610332663,-3061.063022511777,1055.8037590735662,(x - 2238.30)^2 + (y - -3061.06)^2 = 1114721.58
2020,4,British Grand Prix,15.0,Left,-889.6442186309976,-1418.4934120998541,511.2255479630937,(x - -889.64)^2 + (y - -1418.49)^2 = 261351.56
2020,4,British Grand Prix,16.0,Right,-1266.4076311299234,-2.9963447869774074,1112.8797311537958,(x - -1266.41)^2 + (y - -3.00)^2 = 1238501.30
2020,5,70th Anniversary Grand Prix,1.0,Right,1431.0892226664732,3066.716061551693,1472.6541989503567,(x - 1431.09)^2 + (y - 3066.72)^2 = 2168710.39
2020,5,70th Anniversary Grand Prix,2.0,Left,2485.2268654828245,6135.462450581184,1699.8059314689337,(x - 2485.23)^2 + (y - 6135.46)^2 = 2889340.20
2020,5,70th Anniversary Grand Prix,3.0,Right,4917.495774522891,5436.062921597593,469.4118450018055,(x - 4917.50)^2 + (y - 5436.06)^2 = 220347.48
2020,5,70th Anniversary Grand Prix,4.0,Left,5827.395275404138,5149.551000267758,425.3477346490981,(x - 5827.40)^2 + (y - 5149.55)^2 = 180920.70
2020,5,70th Anniversary Grand Prix,5.0,Left,4746.727752205139,5923.814792402059,1586.86460438046,(x - 4746.73)^2 + (y - 5923.81)^2 = 2518139.27
2020,5,70th Anniversary Grand Prix,6.0,Left,973.7825465024725,10214.809435452005,786.9928030925648,(x - 973.78)^2 + (y - 10214.81)^2 = 619357.67
2020,5,70th Anniversary Grand Prix,7.0,Right,-391.5845445016266,10089.33907427552,593.1623936543524,(x - -391.58)^2 + (y - 10089.34)^2 = 351841.63
2020,5,70th Anniversary Grand Prix,8.0,Right,1891.3052045416985,10440.984271040596,2227.2414186044302,(x - 1891.31)^2 + (y - 10440.98)^2 = 4960604.34
2020,5,70th Anniversary Grand Prix,9.0,Right,5222.195080480122,11674.515031028614,1442.6263296446452,(x - 5222.20)^2 + (y - 11674.52)^2 = 2081170.73
2020,5,70th Anniversary Grand Prix,10.0,Right,6164.6541739707345,6879.9210757455885,1377.413440636931,(x - 6164.65)^2 + (y - 6879.92)^2 = 1897267.79
2020,5,70th Anniversary Grand Prix,11.0,Left,8659.570921764569,5642.874606494241,1335.885709831227,(x - 8659.57)^2 + (y - 5642.87)^2 = 1784590.63
2020,5,70th Anniversary Grand Prix,12.0,Right,6729.708842478247,4287.2241623803175,1041.7522411716616,(x - 6729.71)^2 + (y - 4287.22)^2 = 1085247.73
2020,5,70th Anniversary Grand Prix,13.0,Left,8427.812880055173,1219.526539228439,2515.775640635449,(x - 8427.81)^2 + (y - 1219.53)^2 = 6329127.07
2020,5,70th Anniversary Grand Prix,14.0,Right,2238.170588768966,-3054.9239189021964,1062.6340394707988,(x - 2238.17)^2 + (y - -3054.92)^2 = 1129191.10
2020,5,70th Anniversary Grand Prix,15.0,Left,-895.6083192463295,-1425.2031834750826,517.8261005861488,(x - -895.61)^2 + (y - -1425.20)^2 = 268143.87
2020,5,70th Anniversary Grand Prix,16.0,Right,-1288.826309333164,15.03215431863741,1107.435401463615,(x - -1288.83)^2 + (y - 15.03)^2 = 1226413.17
2020,6,Spanish Grand Prix,1.0,Right,-3826.63245670569,-6655.295656364135,630.4158508996526,(x - -3826.63)^2 + (y - -6655.30)^2 = 397424.15
2020,6,Spanish Grand Prix,2.0,Left,-4627.008295337582,-7875.815854105767,839.6286251597645,(x - -4627.01)^2 + (y - -7875.82)^2 = 704976.23
2020,6,Spanish Grand Prix,3.0,Right,-6177.6960365326195,-6467.574684183587,1237.2331925940375,(x - -6177.70)^2 + (y - -6467.57)^2 = 1530745.97
2020,6,Spanish Grand Prix,4.0,Right,-5333.347282081323,-4105.52361955118,862.0762097548223,(x - -5333.35)^2 + (y - -4105.52)^2 = 743175.39
2020,6,Spanish Grand Prix,5.0,Left,-4836.712379846022,-6288.320800464673,988.8041999675905,(x - -4836.71)^2 + (y - -6288.32)^2 = 977733.75
2020,6,Spanish Grand Prix,6.0,Left,-5407.12197666952,-6141.852258133562,398.6431792495856,(x - -5407.12)^2 + (y - -6141.85)^2 = 158916.38
2020,6,Spanish Grand Prix,7.0,Left,-3482.804623904132,-4433.629598117114,850.0223983665685,(x - -3482.80)^2 + (y - -4433.63)^2 = 722538.08
2020,6,Spanish Grand Prix,8.0,Right,-2345.937640462288,-2738.9352367034967,1205.3425207353466,(x - -2345.94)^2 + (y - -2738.94)^2 = 1452850.59
2020,6,Spanish Grand Prix,9.0,Right,-3217.415834100742,-1385.0416225044742,883.1917537514756,(x - -3217.42)^2 + (y - -1385.04)^2 = 780027.67
2020,6,Spanish Grand Prix,10.0,Left,506.1740167524628,1725.5584369185312,320.6980262767836,(x - 506.17)^2 + (y - 1725.56)^2 = 102847.22
2020,6,Spanish Grand Prix,11.0,Left,-131.57796197030223,1189.6944185987948,986.8481373253009,(x - -131.58)^2 + (y - 1189.69)^2 = 973869.25
2020,6,Spanish Grand Prix,12.0,Right,-1088.0086250245738,2433.442497373681,581.3311112521625,(x - -1088.01)^2 + (y - 2433.44)^2 = 337945.86
2020,6,Spanish Grand Prix,13.0,Right,-123.8911120496426,3221.8984083409455,507.81016243533446,(x - -123.89)^2 + (y - 3221.90)^2 = 257871.16
2020,6,Spanish Grand Prix,14.0,Left,906.9310497766029,3369.1675015452224,269.0740556965112,(x - 906.93)^2 + (y - 3369.17)^2 = 72400.85
2020,6,Spanish Grand Prix,15.0,Right,1309.9997142212003,2860.3326665161344,407.6718640044203,(x - 1310.00)^2 + (y - 2860.33)^2 = 166196.35
2020,6,Spanish Grand Prix,16.0,Right,1377.5722575643424,2120.409610203325,934.0988397971771,(x - 1377.57)^2 + (y - 2120.41)^2 = 872540.64
2020,7,Belgian Grand Prix,1.0,Right,-2074.6238204351985,4294.201520391765,269.0795343510721,(x - -2074.62)^2 + (y - 4294.20)^2 = 72403.80
2020,7,Belgian Grand Prix,2.0,Right,2387.8430343997957,-920.2523797302518,1548.2302372392041,(x - 2387.84)^2 + (y - -920.25)^2 = 2397016.87
2020,7,Belgian Grand Prix,3.0,Right,7589.5490269955935,-11344.812378032739,731.2157859570224,(x - 7589.55)^2 + (y - -11344.81)^2 = 534676.53
2020,7,Belgian Grand Prix,4.0,Left,8486.79377037146,-12449.649120864427,706.2530988349282,(x - 8486.79)^2 + (y - -12449.65)^2 = 498793.44
2020,7,Belgian Grand Prix,5.0,Right,7136.050372603763,-13408.17780329063,904.5316725345257,(x - 7136.05)^2 + (y - -13408.18)^2 = 818177.55
2020,7,Belgian Grand Prix,6.0,Right,5221.296419597542,-15221.502196173278,530.6611027664301,(x - 5221.30)^2 + (y - -15221.50)^2 = 281601.21
2020,7,Belgian Grand Prix,7.0,Left,5336.957558193886,-13657.025614658316,810.857716582718,(x - 5336.96)^2 + (y - -13657.03)^2 = 657490.24
2020,7,Belgian Grand Prix,8.0,Left,3506.4023068087486,-10167.784552114472,1635.0724426131144,(x - 3506.40)^2 + (y - -10167.78)^2 = 2673461.89
2020,7,Belgian Grand Prix,9.0,Right,304.45545781271346,-12162.982724500282,800.9469386263163,(x - 304.46)^2 + (y - -12162.98)^2 = 641516.00
2020,7,Belgian Grand Prix,10.0,Left,-626.9053901901639,-13631.107853471967,954.1310252453293,(x - -626.91)^2 + (y - -13631.11)^2 = 910366.01
2020,7,Belgian Grand Prix,11.0,Right,-2775.51005094731,-14234.76719601973,673.691248277425,(x - -2775.51)^2 + (y - -14234.77)^2 = 453859.90
2020,7,Belgian Grand Prix,12.0,Right,-2999.980286068076,-13232.619834621692,1358.6301223928847,(x - -2999.98)^2 + (y - -13232.62)^2 = 1845875.81
2020,7,Belgian Grand Prix,13.0,Left,-1991.9348036909537,-6567.769566137606,2975.893109530266,(x - -1991.93)^2 + (y - -6567.77)^2 = 8855939.80
2020,7,Belgian Grand Prix,14.0,Left,-545.5840890441223,-5894.085930102889,1892.6242319355144,(x - -545.58)^2 + (y - -5894.09)^2 = 3582026.48
2020,7,Belgian Grand Prix,15.0,Right,281.94587557622,-865.7348470565933,322.64115995951465,(x - 281.95)^2 + (y - -865.73)^2 = 104097.32
2020,7,Belgian Grand Prix,16.0,Left,269.47687542666426,-263.05303760359385,298.3513608328303,(x - 269.48)^2 + (y - -263.05)^2 = 89013.53
2020,8,Italian Grand Prix,1.0,Right,-293.3269640367311,8004.7329956582425,321.3111647991309,(x - -293.33)^2 + (y - 8004.73)^2 = 103240.86
2020,8,Italian Grand Prix,2.0,Left,-425.7421491512926,8594.454683174932,301.89577160166397,(x - -425.74)^2 + (y - 8594.45)^2 = 91141.06
2020,8,Italian Grand Prix,3.0,Right,2711.2184052327866,11076.503290151215,3065.883459809588,(x - 2711.22)^2 + (y - 11076.50)^2 = 9399641.39
2020,8,Italian Grand Prix,4.0,Left,6509.5651400949155,14977.693659404462,460.2413519914357,(x - 6509.57)^2 + (y - 14977.69)^2 = 211822.10
2020,8,Italian Grand Prix,5.0,Right,7495.277042390775,14456.819473769692,672.4075019989839,(x - 7495.28)^2 + (y - 14456.82)^2 = 452131.85
2020,8,Italian Grand Prix,6.0,Right,10021.812573259964,14988.673752214589,895.9894241507669,(x - 10021.81)^2 + (y - 14988.67)^2 = 802797.05
2020,8,Italian Grand Prix,7.0,Right,10305.676950420437,13026.87446154037,766.0984244066228,(x - 10305.68)^2 + (y - 13026.87)^2 = 586906.80
2020,8,Italian Grand Prix,8.0,Left,3172.4240472262586,5995.020883890818,637.3964274780909,(x - 3172.42)^2 + (y - 5995.02)^2 = 406274.21
2020,8,Italian Grand Prix,9.0,Right,1225.6472480462762,5698.9371933110715,1322.2519996342753,(x - 1225.65)^2 + (y - 5698.94)^2 = 1748350.35
2020,8,Italian Grand Prix,10.0,Left,3113.5319535221497,3822.9669571532318,1371.7063990834274,(x - 3113.53)^2 + (y - 3822.97)^2 = 1881578.45
2020,8,Italian Grand Prix,11.0,Right,-224.4813643500375,-4520.814200399371,1204.1576514671422,(x - -224.48)^2 + (y - -4520.81)^2 = 1449995.65
2020,9,Tuscan Grand Prix,1.0,Right,1984.206582810815,4874.2785920915885,540.4198677720331,(x - 1984.21)^2 + (y - 4874.28)^2 = 292053.63
2020,9,Tuscan Grand Prix,2.0,Left,3009.502094794369,3552.4505962690455,626.6260507093301,(x - 3009.50)^2 + (y - 3552.45)^2 = 392660.21
2020,9,Tuscan Grand Prix,3.0,Right,2634.85391254217,2295.1939021080616,698.0361282336725,(x - 2634.85)^2 + (y - 2295.19)^2 = 487254.44
2020,9,Tuscan Grand Prix,4.0,Left,2103.0054213135068,-1106.7205700123916,610.4198927956638,(x - 2103.01)^2 + (y - -1106.72)^2 = 372612.45
2020,9,Tuscan Grand Prix,5.0,Right,1021.3803306453619,-1982.1484293050564,744.227119745209,(x - 1021.38)^2 + (y - -1982.15)^2 = 553874.01
2020,9,Tuscan Grand Prix,6.0,Right,-685.1306307964425,-4056.131622748905,786.6902106620615,(x - -685.13)^2 + (y - -4056.13)^2 = 618881.49
2020,9,Tuscan Grand Prix,7.0,Left,-1186.4526322329332,-5905.093750212603,1067.2320655348763,(x - -1186.45)^2 + (y - -5905.09)^2 = 1138984.28
2020,9,Tuscan Grand Prix,8.0,Right,-3861.363441267593,-6539.436995984399,1231.3421638826683,(x - -3861.36)^2 + (y - -6539.44)^2 = 1516203.52
2020,9,Tuscan Grand Prix,9.0,Right,-4489.656356590389,-6230.926129357696,1149.4728442943142,(x - -4489.66)^2 + (y - -6230.93)^2 = 1321287.82
2020,9,Tuscan Grand Prix,10.0,Right,-4502.511374699875,-3779.9702134102363,703.1693920977988,(x - -4502.51)^2 + (y - -3779.97)^2 = 494447.19
2020,9,Tuscan Grand Prix,11.0,Left,-4297.7408727459815,-2324.5685227924723,785.553662317556,(x - -4297.74)^2 + (y - -2324.57)^2 = 617094.56
2020,9,Tuscan Grand Prix,12.0,Right,-2213.1517562128142,179.56591182911822,683.3643568991172,(x - -2213.15)^2 + (y - 179.57)^2 = 466986.84
2020,9,Tuscan Grand Prix,13.0,Left,-1483.4783531792689,-1651.705063811766,1047.316849464885,(x - -1483.48)^2 + (y - -1651.71)^2 = 1096872.58
2020,9,Tuscan Grand Prix,14.0,Right,-3750.973008885394,-1955.1694215543582,1201.2874981463747,(x - -3750.97)^2 + (y - -1955.17)^2 = 1443091.65
2020,9,Tuscan Grand Prix,15.0,Left,-4195.99384303408,-5957.43709680377,799.0298042808162,(x - -4195.99)^2 + (y - -5957.44)^2 = 638448.63
2020,10,Russian Grand Prix,1.0,Right,-3055.5214886632393,-2440.631359236821,2449.907684502912,(x - -3055.52)^2 + (y - -2440.63)^2 = 6002047.66
2020,10,Russian Grand Prix,2.0,Right,-8063.103518071946,-5936.707032794063,513.448794113987,(x - -8063.10)^2 + (y - -5936.71)^2 = 263629.66
2020,10,Russian Grand Prix,3.0,Left,-10743.10053309808,-6371.731415920459,1881.9292874223413,(x - -10743.10)^2 + (y - -6371.73)^2 = 3541657.84
2020,10,Russian Grand Prix,4.0,Right,-12550.851491738496,-8381.589201029947,696.3246421005217,(x - -12550.85)^2 + (y - -8381.59)^2 = 484868.01
2020,10,Russian Grand Prix,5.0,Right,-15421.28088326516,-10238.577901409313,562.4358219647941,(x - -15421.28)^2 + (y - -10238.58)^2 = 316334.05
2020,10,Russian Grand Prix,6.0,Right,-13699.920893624187,-8067.292479265029,3008.4340642363763,(x - -13699.92)^2 + (y - -8067.29)^2 = 9050675.52
2020,10,Russian Grand Prix,7.0,Right,-15810.22658227329,-7462.349162283718,837.6181632296676,(x - -15810.23)^2 + (y - -7462.35)^2 = 701604.19
2020,10,Russian Grand Prix,8.0,Left,-14263.669801324211,-5374.366976765408,1122.2303808385552,(x - -14263.67)^2 + (y - -5374.37)^2 = 1259401.03
2020,10,Russian Grand Prix,9.0,Right,-13427.087829634504,-2909.3493989851368,654.8815333406993,(x - -13427.09)^2 + (y - -2909.35)^2 = 428869.82
2020,10,Russian Grand Prix,10.0,Left,-5147.127280514558,-705.8080007013601,2993.838820829246,(x - -5147.13)^2 + (y - -705.81)^2 = 8963070.89
2020,10,Russian Grand Prix,11.0,Right,-3586.502644754191,-3814.9898416790547,427.3224672562243,(x - -3586.50)^2 + (y - -3814.99)^2 = 182604.49
2020,10,Russian Grand Prix,12.0,Left,-2491.4977077337435,-3518.5265830197136,892.365196348472,(x - -2491.50)^2 + (y - -3518.53)^2 = 796315.64
2020,10,Russian Grand Prix,13.0,Left,-1470.6695311910871,-2857.050703401991,366.16750317371066,(x - -1470.67)^2 + (y - -2857.05)^2 = 134078.64
2020,10,Russian Grand Prix,14.0,Right,-1236.394467172691,-2004.139289870864,492.38779399029386,(x - -1236.39)^2 + (y - -2004.14)^2 = 242445.74
2020,10,Russian Grand Prix,15.0,Right,431.821780335863,496.69250945314127,564.3110492120189,(x - 431.82)^2 + (y - 496.69)^2 = 318446.96
2020,10,Russian Grand Prix,16.0,Right,1197.041985006498,232.11024468566066,458.8829678670143,(x - 1197.04)^2 + (y - 232.11)^2 = 210573.58
2020,11,Eifel Grand Prix,1.0,Right,-2856.245319411433,-4072.149619101472,215.9193831461915,(x - -2856.25)^2 + (y - -4072.15)^2 = 46621.18
2020,11,Eifel Grand Prix,2.0,Left,-3212.78754144955,-2787.1736144007577,652.3360045784815,(x - -3212.79)^2 + (y - -2787.17)^2 = 425542.26
2020,11,Eifel Grand Prix,3.0,Left,-4291.764827331197,-2792.652721364463,412.364465155483,(x - -4291.76)^2 + (y - -2792.65)^2 = 170044.45
2020,11,Eifel Grand Prix,4.0,Right,-4194.9692527800125,-3756.0307567396253,514.8569601202724,(x - -4194.97)^2 + (y - -3756.03)^2 = 265077.69
2020,11,Eifel Grand Prix,5.0,Left,-4029.753661004966,-7781.026187336784,738.770943664939,(x - -4029.75)^2 + (y - -7781.03)^2 = 545782.51
2020,11,Eifel Grand Prix,6.0,Right,-4012.1828818363647,-9104.60724672063,441.6847314012788,(x - -4012.18)^2 + (y - -9104.61)^2 = 195085.40
2020,11,Eifel Grand Prix,7.0,Right,-7828.229198532982,-12345.132525808118,466.6200593502667,(x - -7828.23)^2 + (y - -12345.13)^2 = 217734.28
2020,11,Eifel Grand Prix,8.0,Left,-7156.749321521827,-9405.16900917481,1373.7914422063702,(x - -7156.75)^2 + (y - -9405.17)^2 = 1887302.93
2020,11,Eifel Grand Prix,9.0,Right,-4298.0789753384315,-8714.256342658446,1595.715154804269,(x - -4298.08)^2 + (y - -8714.26)^2 = 2546306.86
2020,11,Eifel Grand Prix,10.0,Left,-5155.258078254097,-4625.250878459708,491.73835244903404,(x - -5155.26)^2 + (y - -4625.25)^2 = 241806.61
2020,11,Eifel Grand Prix,11.0,Right,-5652.254805084388,-3224.906825467151,670.3728944474758,(x - -5652.25)^2 + (y - -3224.91)^2 = 449399.82
2020,11,Eifel Grand Prix,12.0,Right,-2722.996972413448,-1513.9624386814598,1737.0520270714912,(x - -2723.00)^2 + (y - -1513.96)^2 = 3017349.74
2020,11,Eifel Grand Prix,13.0,Left,493.0199196989444,1268.4496406763358,246.31923755619184,(x - 493.02)^2 + (y - 1268.45)^2 = 60673.17
2020,11,Eifel Grand Prix,14.0,Right,1109.7569645725828,1300.1270985059557,384.98178215189495,(x - 1109.76)^2 + (y - 1300.13)^2 = 148210.97
2020,11,Eifel Grand Prix,15.0,Right,1837.2979868938114,811.3308544544889,1166.6608765302167,(x - 1837.30)^2 + (y - 811.33)^2 = 1361097.60
2020,11,Eifel Grand Prix,16.0,Right,2948.297258730223,1608.4061711171041,564.1075073740361,(x - 2948.30)^2 + (y - 1608.41)^2 = 318217.28
2020,12,Portuguese Grand Prix,1.0,Right,-2735.30455681096,7530.777863629722,847.3689382957537,(x - -2735.30)^2 + (y - 7530.78)^2 = 718034.12
2020,12,Portuguese Grand Prix,2.0,Left,-4501.623592024824,11194.761883878435,3257.0094878927807,(x - -4501.62)^2 + (y - 11194.76)^2 = 10608110.80
2020,12,Portuguese Grand Prix,3.0,Right,-2013.6680514293355,7324.791404397866,1376.2819049137413,(x - -2013.67)^2 + (y - 7324.79)^2 = 1894151.88
2020,12,Portuguese Grand Prix,4.0,Right,-1140.7029702781826,8197.479713088116,251.70342741311165,(x - -1140.70)^2 + (y - 8197.48)^2 = 63354.62
2020,12,Portuguese Grand Prix,5.0,Left,-1256.5323882216508,7030.013297017395,667.9541107303739,(x - -1256.53)^2 + (y - 7030.01)^2 = 446162.69
2020,12,Portuguese Grand Prix,6.0,Left,-274.916451786973,2119.6905827651176,228.07569531978507,(x - -274.92)^2 + (y - 2119.69)^2 = 52018.52
2020,12,Portuguese Grand Prix,7.0,Left,-2351.638897126485,3834.0279155462676,2402.806571819549,(x - -2351.64)^2 + (y - 3834.03)^2 = 5773479.42
2020,12,Portuguese Grand Prix,8.0,Right,57.38337182227367,6139.185808891616,871.4233944214075,(x - 57.38)^2 + (y - 6139.19)^2 = 759378.73
2020,12,Portuguese Grand Prix,9.0,Right,40.50762703648123,6888.6601448771735,384.5634572908298,(x - 40.51)^2 + (y - 6888.66)^2 = 147889.05
2020,12,Portuguese Grand Prix,10.0,Left,2052.056900588676,4622.389933738423,1377.215692733499,(x - 2052.06)^2 + (y - 4622.39)^2 = 1896723.06
2020,12,Portuguese Grand Prix,11.0,Right,2475.9120417200693,2131.3467651449123,635.3928025169517,(x - 2475.91)^2 + (y - 2131.35)^2 = 403724.01
2020,12,Portuguese Grand Prix,12.0,Left,2106.210617426428,24.785487593768032,1283.6654756770138,(x - 2106.21)^2 + (y - 24.79)^2 = 1647797.05
2020,12,Portuguese Grand Prix,13.0,Left,1063.9259275650818,-724.0731815143204,369.3401468554771,(x - 1063.93)^2 + (y - -724.07)^2 = 136412.14
2020,12,Portuguese Grand Prix,14.0,Right,2319.1091042627863,-611.7460803200113,701.4279612767488,(x - 2319.11)^2 + (y - -611.75)^2 = 492001.18
2020,12,Portuguese Grand Prix,15.0,Right,557.4250473721333,-1128.9945269048708,1650.774874415462,(x - 557.43)^2 + (y - -1128.99)^2 = 2725057.69
2020,13,Emilia Romagna Grand Prix,1.0,Left,-10051.183294165676,-2159.1849024666144,389.43324614395215,(x - -10051.18)^2 + (y - -2159.18)^2 = 151658.25
2020,13,Emilia Romagna Grand Prix,2.0,Right,-11048.755368715321,-2028.9670676436951,630.0796186419504,(x - -11048.76)^2 + (y - -2028.97)^2 = 397000.33
2020,13,Emilia Romagna Grand Prix,3.0,Left,-10894.754977110319,-3774.629111805638,960.8104909932763,(x - -10894.75)^2 + (y - -3774.63)^2 = 923156.80
2020,13,Emilia Romagna Grand Prix,4.0,Left,-11640.687317099579,-7238.317307954945,1515.5254293240803,(x - -11640.69)^2 + (y - -7238.32)^2 = 2296817.33
2020,13,Emilia Romagna Grand Prix,5.0,Right,-13414.628878009777,-7990.822369569374,402.57989607352727,(x - -13414.63)^2 + (y - -7990.82)^2 = 162070.57
2020,13,Emilia Romagna Grand Prix,6.0,Left,-14488.704176291521,-10049.872841334944,394.9875907659751,(x - -14488.70)^2 + (y - -10049.87)^2 = 156015.20
2020,13,Emilia Romagna Grand Prix,7.0,Left,-9172.41892301063,-9370.46558234209,704.882959859867,(x - -9172.42)^2 + (y - -9370.47)^2 = 496859.99
2020,13,Emilia Romagna Grand Prix,8.0,Left,-10073.746244219883,-8591.637898387666,1840.9989487641149,(x - -10073.75)^2 + (y - -8591.64)^2 = 3389277.13
2020,13,Emilia Romagna Grand Prix,9.0,Right,-7887.564923517741,-6160.358392617078,799.2092002971308,(x - -7887.56)^2 + (y - -6160.36)^2 = 638735.35
2020,13,Emilia Romagna Grand Prix,10.0,Left,-7313.653620150532,-4135.147189345595,1307.527666298992,(x - -7313.65)^2 + (y - -4135.15)^2 = 1709628.60
2020,13,Emilia Romagna Grand Prix,11.0,Right,-3288.82630518596,-5600.501716372096,330.2615257711136,(x - -3288.83)^2 + (y - -5600.50)^2 = 109072.68
2020,13,Emilia Romagna Grand Prix,12.0,Left,-2740.616504854369,-5260.092233009709,318.76756032758755,(x - -2740.62)^2 + (y - -5260.09)^2 = 101612.76
2020,13,Emilia Romagna Grand Prix,13.0,Right,2694.312874422395,-3749.9715036597645,1802.6125554046507,(x - 2694.31)^2 + (y - -3749.97)^2 = 3249412.02
2020,13,Emilia Romagna Grand Prix,14.0,Left,2827.12274097344,-1340.4283201747312,383.4612579155569,(x - 2827.12)^2 + (y - -1340.43)^2 = 147042.54
2020,13,Emilia Romagna Grand Prix,15.0,Left,2438.0925628884033,-927.5767421834939,591.231031656164,(x - 2438.09)^2 + (y - -927.58)^2 = 349554.13
2020,13,Emilia Romagna Grand Prix,16.0,Right,-1018.0274496921968,573.1060997726166,2158.501782453778,(x - -1018.03)^2 + (y - 573.11)^2 = 4659129.94
2020,14,Turkish Grand Prix,1.0,Left,4323.478403955044,-106.80311785098085,493.4157578703033,(x - 4323.48)^2 + (y - -106.80)^2 = 243459.11
2020,14,Turkish Grand Prix,2.0,Right,6095.51622002216,974.7161403504698,1447.223207513762,(x - 6095.52)^2 + (y - 974.72)^2 = 2094455.01
2020,14,Turkish Grand Prix,3.0,Left,8879.053734879897,3885.8812441707814,799.5921976475033,(x - 8879.05)^2 + (y - 3885.88)^2 = 639347.68
2020,14,Turkish Grand Prix,4.0,Right,9915.777576632052,4638.305164364975,286.93312482514017,(x - 9915.78)^2 + (y - 4638.31)^2 = 82330.62
2020,14,Turkish Grand Prix,5.0,Left,10365.94345434462,5505.818875952373,759.8056520287689,(x - 10365.94)^2 + (y - 5505.82)^2 = 577304.63
2020,14,Turkish Grand Prix,6.0,Right,7159.827805879272,8262.309622457746,440.4434217604954,(x - 7159.83)^2 + (y - 8262.31)^2 = 193990.41
2020,14,Turkish Grand Prix,7.0,Right,7693.479064357715,7673.32140087878,1223.2408999051538,(x - 7693.48)^2 + (y - 7673.32)^2 = 1496318.30
2020,14,Turkish Grand Prix,8.0,Left,10143.169719462483,9798.40245545386,1376.0900656018002,(x - 10143.17)^2 + (y - 9798.40)^2 = 1893623.87
2020,14,Turkish Grand Prix,9.0,Left,5274.942123627575,9282.011138991398,427.7391116860058,(x - 5274.94)^2 + (y - 9282.01)^2 = 182960.75
2020,14,Turkish Grand Prix,10.0,Right,4099.864185685693,8508.629400263446,935.5779350709322,(x - 4099.86)^2 + (y - 8508.63)^2 = 875306.07
2020,14,Turkish Grand Prix,11.0,Right,2364.1230230240826,4442.70028053232,1429.05663356857,(x - 2364.12)^2 + (y - 4442.70)^2 = 2042202.86
2020,14,Turkish Grand Prix,12.0,Left,-2506.7094456230975,-377.0356516926483,345.4713373908746,(x - -2506.71)^2 + (y - -377.04)^2 = 119350.44
2020,14,Turkish Grand Prix,13.0,Right,-2165.246688114842,-1010.5047833879001,244.51510527378332,(x - -2165.25)^2 + (y - -1010.50)^2 = 59787.64
2020,14,Turkish Grand Prix,14.0,Left,-1669.199600489921,-1600.0791772201749,372.63276427058213,(x - -1669.20)^2 + (y - -1600.08)^2 = 138855.18
2020,15,Bahrain Grand Prix,1.0,Right,128.90649712420455,8113.363068606418,240.14552562993669,(x - 128.91)^2 + (y - 8113.36)^2 = 57669.87
2020,15,Bahrain Grand Prix,2.0,Left,1008.7145679184478,8584.11913591159,733.9472712945916,(x - 1008.71)^2 + (y - 8584.12)^2 = 538678.60
2020,15,Bahrain Grand Prix,3.0,Right,2075.8407951853806,6679.197026441747,1396.9191881884983,(x - 2075.84)^2 + (y - 6679.20)^2 = 1951383.22
2020,15,Bahrain Grand Prix,4.0,Right,6956.835878225742,6612.798336055294,555.4162893502357,(x - 6956.84)^2 + (y - 6612.80)^2 = 308487.25
2020,15,Bahrain Grand Prix,5.0,Right,4945.864082882029,4968.3269518059415,795.8666841616914,(x - 4945.86)^2 + (y - 4968.33)^2 = 633403.78
2020,15,Bahrain Grand Prix,6.0,Left,4554.644122465875,2921.641412050292,1267.8001633130148,(x - 4554.64)^2 + (y - 2921.64)^2 = 1607317.25
2020,15,Bahrain Grand Prix,7.0,Right,2566.8226596359623,2806.9961253703013,335.91419060240855,(x - 2566.82)^2 + (y - 2807.00)^2 = 112838.34
2020,15,Bahrain Grand Prix,8.0,Left,2367.101165883865,5977.226373555473,609.5562325478429,(x - 2367.10)^2 + (y - 5977.23)^2 = 371558.80
2020,15,Bahrain Grand Prix,9.0,Left,2429.865164216107,246.1637645937116,929.0051876395099,(x - 2429.87)^2 + (y - 246.16)^2 = 863050.64
2020,15,Bahrain Grand Prix,10.0,Right,4852.704710243883,182.2316088699283,1424.5244331863266,(x - 4852.70)^2 + (y - 182.23)^2 = 2029269.86
2020,15,Bahrain Grand Prix,11.0,Right,5979.3117752665585,435.53759220582464,689.202850059235,(x - 5979.31)^2 + (y - 435.54)^2 = 475000.57
2020,15,Bahrain Grand Prix,12.0,Right,81.82208554054758,-2792.6846108402137,691.2060925333876,(x - 81.82)^2 + (y - -2792.68)^2 = 477765.86
2020,16,Sakhir Grand Prix,1.0,Right,173.33239113343336,8100.362110935497,239.98043220538108,(x - 173.33)^2 + (y - 8100.36)^2 = 57590.61
2020,16,Sakhir Grand Prix,2.0,Left,1055.85093421991,8155.304620231634,377.334852297658,(x - 1055.85)^2 + (y - 8155.30)^2 = 142381.59
2020,16,Sakhir Grand Prix,3.0,Right,1989.204993128722,6850.428996793404,1186.591646268038,(x - 1989.20)^2 + (y - 6850.43)^2 = 1407999.73
2020,16,Sakhir Grand Prix,4.0,Right,2331.0272177419356,6364.876008064516,1700.0788916662073,(x - 2331.03)^2 + (y - 6364.88)^2 = 2890268.24
2020,16,Sakhir Grand Prix,5.0,Right,7049.602025410539,6745.058309347236,429.2022016986612,(x - 7049.60)^2 + (y - 6745.06)^2 = 184214.53
2020,16,Sakhir Grand Prix,6.0,Left,7923.424616394506,5714.21608449076,805.3695735545258,(x - 7923.42)^2 + (y - 5714.22)^2 = 648620.15
2020,16,Sakhir Grand Prix,7.0,Right,6209.550433855954,3605.0619913835785,1641.429558220473,(x - 6209.55)^2 + (y - 3605.06)^2 = 2694290.99
2020,16,Sakhir Grand Prix,8.0,Left,7793.920177242252,2238.571091715988,451.79421104164857,(x - 7793.92)^2 + (y - 2238.57)^2 = 204118.01
2020,16,Sakhir Grand Prix,9.0,Right,6972.926617121904,1733.832959091714,521.9070322931734,(x - 6972.93)^2 + (y - 1733.83)^2 = 272386.95
2020,16,Sakhir Grand Prix,10.0,Right,5630.873043819721,896.864410916663,1242.0063155818475,(x - 5630.87)^2 + (y - 896.86)^2 = 1542579.69
2020,16,Sakhir Grand Prix,11.0,Right,52.18373799010389,-2828.413985310071,683.65948785859,(x - 52.18)^2 + (y - -2828.41)^2 = 467390.30
2020,17,Abu Dhabi Grand Prix,1.0,Left,203.28760301344542,6964.076959988172,670.8962457151498,(x - 203.29)^2 + (y - 6964.08)^2 = 450101.77
2020,17,Abu Dhabi Grand Prix,2.0,Left,-523.3816903529964,8032.103516196403,1126.77379595807,(x - -523.38)^2 + (y - 8032.10)^2 = 1269619.19
2020,17,Abu Dhabi Grand Prix,3.0,Right,-15.706043771103758,10624.284662388378,1483.1636869622664,(x - -15.71)^2 + (y - 10624.28)^2 = 2199774.52
2020,17,Abu Dhabi Grand Prix,4.0,Left,-1634.4833575337875,14203.775382553335,396.48923707486466,(x - -1634.48)^2 + (y - 14203.78)^2 = 157203.72
2020,17,Abu Dhabi Grand Prix,5.0,Right,-1248.7565352282038,15038.409399544966,578.2789853987503,(x - -1248.76)^2 + (y - 15038.41)^2 = 334406.58
2020,17,Abu Dhabi Grand Prix,6.0,Left,-1684.5751641850338,15799.065987117605,263.93094018478575,(x - -1684.58)^2 + (y - 15799.07)^2 = 69659.54
2020,17,Abu Dhabi Grand Prix,7.0,Left,-5601.878879786842,4719.978698375804,258.90479755385263,(x - -5601.88)^2 + (y - 4719.98)^2 = 67031.69
2020,17,Abu Dhabi Grand Prix,8.0,Right,-5387.386778527578,4068.752427437733,399.8321592109353,(x - -5387.39)^2 + (y - 4068.75)^2 = 159865.76
2020,17,Abu Dhabi Grand Prix,9.0,Left,1507.805830116546,-1267.117371465884,359.12792101198005,(x - 1507.81)^2 + (y - -1267.12)^2 = 128972.86
2020,17,Abu Dhabi Grand Prix,10.0,Right,2311.7099245369313,-1368.5795792362223,420.3951749377916,(x - 2311.71)^2 + (y - -1368.58)^2 = 176732.10
2020,17,Abu Dhabi Grand Prix,11.0,Left,1786.643933847987,-410.4526018149717,695.5334352823733,(x - 1786.64)^2 + (y - -410.45)^2 = 483766.76
2020,17,Abu Dhabi Grand Prix,12.0,Left,1858.9912425128693,-60.18405859302224,628.7387125140235,(x - 1858.99)^2 + (y - -60.18)^2 = 395312.37
2020,17,Abu Dhabi Grand Prix,13.0,Right,-231.61296990343186,1561.801922461474,1372.5008785017562,(x - -231.61)^2 + (y - 1561.80)^2 = 1883758.66
2020,17,Abu Dhabi Grand Prix,14.0,Right,-758.6845503530617,1769.6661870619414,1232.9020110625806,(x - -758.68)^2 + (y - 1769.67)^2 = 1520047.37
2020,17,Abu Dhabi Grand Prix,15.0,Right,-1706.9417728064113,2045.9125819076328,387.46102541617915,(x - -1706.94)^2 + (y - 2045.91)^2 = 150126.05
2020,17,Abu Dhabi Grand Prix,16.0,Left,-1303.843356323904,2918.4314231531284,508.2505173703584,(x - -1303.84)^2 + (y - 2918.43)^2 = 258318.59
2020,17,Abu Dhabi Grand Prix,17.0,Left,-1366.3866418875011,3308.180204813158,564.7549322385213,(x - -1366.39)^2 + (y - 3308.18)^2 = 318948.13
2020,17,Abu Dhabi Grand Prix,18.0,Left,-1473.5482230128725,2799.5934073579974,1092.5982441749425,(x - -1473.55)^2 + (y - 2799.59)^2 = 1193770.92
2020,17,Abu Dhabi Grand Prix,19.0,Right,-3429.6229202005907,4469.997088546289,924.4283778180636,(x - -3429.62)^2 + (y - 4470.00)^2 = 854567.83
2020,17,Abu Dhabi Grand Prix,20.0,Right,-4262.956192197174,5319.534750886005,521.5131530166834,(x - -4262.96)^2 + (y - 5319.53)^2 = 271975.97
2021,1,Bahrain Grand Prix,1.0,Right,132.79068311670594,8107.915524031025,247.9848616936403,(x - 132.79)^2 + (y - 8107.92)^2 = 61496.49
2021,1,Bahrain Grand Prix,2.0,Left,995.9035406041585,8550.06728128678,698.9576981981229,(x - 995.90)^2 + (y - 8550.07)^2 = 488541.86
2021,1,Bahrain Grand Prix,3.0,Right,2054.18702946788,6895.567756625226,1181.1572765386438,(x - 2054.19)^2 + (y - 6895.57)^2 = 1395132.51
2021,1,Bahrain Grand Prix,4.0,Right,6952.060676774616,6621.236924499155,549.5913416288599,(x - 6952.06)^2 + (y - 6621.24)^2 = 302050.64
2021,1,Bahrain Grand Prix,5.0,Right,4941.083190335294,4967.382606408004,797.3597989578116,(x - 4941.08)^2 + (y - 4967.38)^2 = 635782.65
2021,1,Bahrain Grand Prix,6.0,Left,4552.09672221922,2927.990444270157,1261.0721623974628,(x - 4552.10)^2 + (y - 2927.99)^2 = 1590303.00
2021,1,Bahrain Grand Prix,7.0,Right,2572.4087632776937,2825.9479561836115,344.0433503201914,(x - 2572.41)^2 + (y - 2825.95)^2 = 118365.83
2021,1,Bahrain Grand Prix,8.0,Left,2375.7048871602115,6022.7075373829075,597.1282593824196,(x - 2375.70)^2 + (y - 6022.71)^2 = 356562.16
2021,1,Bahrain Grand Prix,9.0,Left,2417.463645059186,247.62431078830141,916.2433162207577,(x - 2417.46)^2 + (y - 247.62)^2 = 839501.81
2021,1,Bahrain Grand Prix,10.0,Right,4852.084606189401,187.67480029599832,1419.7094208016858,(x - 4852.08)^2 + (y - 187.67)^2 = 2015574.84
2021,1,Bahrain Grand Prix,11.0,Right,5973.634467965574,430.3892152640814,696.3699997555732,(x - 5973.63)^2 + (y - 430.39)^2 = 484931.18
2021,1,Bahrain Grand Prix,12.0,Right,99.79050539018488,-2765.333815183125,710.631313704478,(x - 99.79)^2 + (y - -2765.33)^2 = 504996.86
2021,2,Emilia Romagna Grand Prix,1.0,Left,-10042.732288804891,-2163.575866865993,397.79238249678025,(x - -10042.73)^2 + (y - -2163.58)^2 = 158238.78
2021,2,Emilia Romagna Grand Prix,2.0,Right,-11132.217192581988,-1954.9792941893086,738.613095515681,(x - -11132.22)^2 + (y - -1954.98)^2 = 545549.30
2021,2,Emilia Romagna Grand Prix,3.0,Left,-10911.303746946605,-3762.339910604139,940.8691695966811,(x - -10911.30)^2 + (y - -3762.34)^2 = 885234.79
2021,2,Emilia Romagna Grand Prix,4.0,Left,-12270.393672295417,-7214.718964557432,902.8675961810793,(x - -12270.39)^2 + (y - -7214.72)^2 = 815169.90
2021,2,Emilia Romagna Grand Prix,5.0,Right,-13445.443470383123,-7998.814122102856,429.4027458701457,(x - -13445.44)^2 + (y - -7998.81)^2 = 184386.72
2021,2,Emilia Romagna Grand Prix,6.0,Left,-14495.603910758278,-10047.366423152143,389.30733208373914,(x - -14495.60)^2 + (y - -10047.37)^2 = 151560.20
2021,2,Emilia Romagna Grand Prix,7.0,Left,-9168.055174302568,-9396.176809413524,683.0890459122957,(x - -9168.06)^2 + (y - -9396.18)^2 = 466610.64
2021,2,Emilia Romagna Grand Prix,8.0,Left,-10045.489272350556,-8593.483568167507,1813.4978311291143,(x - -10045.49)^2 + (y - -8593.48)^2 = 3288774.38
2021,2,Emilia Romagna Grand Prix,9.0,Right,-7891.176009852739,-6153.77377229698,793.7452047630511,(x - -7891.18)^2 + (y - -6153.77)^2 = 630031.45
2021,2,Emilia Romagna Grand Prix,10.0,Left,-7317.849693251534,-4174.481595092025,1267.8526444920888,(x - -7317.85)^2 + (y - -4174.48)^2 = 1607450.33
2021,2,Emilia Romagna Grand Prix,11.0,Right,-3292.808843461447,-5608.19880824869,337.59043605412234,(x - -3292.81)^2 + (y - -5608.20)^2 = 113967.30
2021,2,Emilia Romagna Grand Prix,12.0,Left,-2743.38231564393,-5245.08137760443,329.92258835379454,(x - -2743.38)^2 + (y - -5245.08)^2 = 108848.91
2021,2,Emilia Romagna Grand Prix,13.0,Right,2644.9313562145776,-3684.105238091344,1721.0708688631646,(x - 2644.93)^2 + (y - -3684.11)^2 = 2962084.94
2021,2,Emilia Romagna Grand Prix,14.0,Left,2817.58891179612,-1326.6219975657616,396.7548319244854,(x - 2817.59)^2 + (y - -1326.62)^2 = 157414.40
2021,2,Emilia Romagna Grand Prix,15.0,Left,2434.050518140633,-937.4675034921158,601.1773668376876,(x - 2434.05)^2 + (y - -937.47)^2 = 361414.23
2021,2,Emilia Romagna Grand Prix,16.0,Right,-1008.7823111479165,487.35493379865994,2072.704430407933,(x - -1008.78)^2 + (y - 487.35)^2 = 4296103.66
2021,3,Portuguese Grand Prix,1.0,Right,-2685.349642973283,7474.474310611758,913.4410888803687,(x - -2685.35)^2 + (y - 7474.47)^2 = 834374.62
2021,3,Portuguese Grand Prix,2.0,Left,-4877.101081130027,11757.24500459147,3933.616318461571,(x - -4877.10)^2 + (y - 11757.25)^2 = 15473337.34
2021,3,Portuguese Grand Prix,3.0,Right,-2011.6497204906523,7389.793094711673,1311.8226572709996,(x - -2011.65)^2 + (y - 7389.79)^2 = 1720878.68
2021,3,Portuguese Grand Prix,4.0,Right,-1144.9433490291617,8196.11835280324,254.77758787969375,(x - -1144.94)^2 + (y - 8196.12)^2 = 64911.62
2021,3,Portuguese Grand Prix,5.0,Left,-1253.0350671847839,7010.752256091255,679.1834869478339,(x - -1253.04)^2 + (y - 7010.75)^2 = 461290.21
2021,3,Portuguese Grand Prix,6.0,Left,-271.48774260376535,2131.223322672094,238.04573752772757,(x - -271.49)^2 + (y - 2131.22)^2 = 56665.77
2021,3,Portuguese Grand Prix,7.0,Left,-2288.030730041632,3850.1635967215066,2338.945761404306,(x - -2288.03)^2 + (y - 3850.16)^2 = 5470667.27
2021,3,Portuguese Grand Prix,8.0,Right,42.7924065444115,6132.928225133987,855.5224102970957,(x - 42.79)^2 + (y - 6132.93)^2 = 731918.59
2021,3,Portuguese Grand Prix,9.0,Right,39.907948190791906,6905.808138575784,372.4277007216578,(x - 39.91)^2 + (y - 6905.81)^2 = 138702.39
2021,3,Portuguese Grand Prix,10.0,Left,2027.0233907553486,4608.000838571314,1348.5372378956454,(x - 2027.02)^2 + (y - 4608.00)^2 = 1818552.68
2021,3,Portuguese Grand Prix,11.0,Right,2463.117842100699,2132.602438121661,647.3992522567818,(x - 2463.12)^2 + (y - 2132.60)^2 = 419125.79
2021,3,Portuguese Grand Prix,12.0,Left,2099.1651523885666,33.35315183028138,1273.7335442040298,(x - 2099.17)^2 + (y - 33.35)^2 = 1622397.14
2021,3,Portuguese Grand Prix,13.0,Left,1057.2915776060033,-714.6655278053858,377.56195493186243,(x - 1057.29)^2 + (y - -714.67)^2 = 142553.03
2021,3,Portuguese Grand Prix,14.0,Right,2365.214900142164,-578.4384679867885,698.6460342149768,(x - 2365.21)^2 + (y - -578.44)^2 = 488106.28
2021,3,Portuguese Grand Prix,15.0,Right,556.1408602458064,-1132.7267085883632,1647.9023771740733,(x - 556.14)^2 + (y - -1132.73)^2 = 2715582.24
2021,4,Spanish Grand Prix,1.0,Right,-3868.134943688081,-6680.600852510017,605.6670755146571,(x - -3868.13)^2 + (y - -6680.60)^2 = 366832.61
2021,4,Spanish Grand Prix,2.0,Left,-4623.4911372639735,-7879.982823930833,794.1664508292537,(x - -4623.49)^2 + (y - -7879.98)^2 = 630700.35
2021,4,Spanish Grand Prix,3.0,Right,-6194.626882269828,-6570.85710658223,1169.1498173249197,(x - -6194.63)^2 + (y - -6570.86)^2 = 1366911.30
2021,4,Spanish Grand Prix,4.0,Right,-5285.315361631075,-3979.696458388259,784.4968775152487,(x - -5285.32)^2 + (y - -3979.70)^2 = 615435.35
2021,4,Spanish Grand Prix,5.0,Left,-5374.0767868417715,-6111.242515363968,460.93346850315885,(x - -5374.08)^2 + (y - -6111.24)^2 = 212459.66
2021,4,Spanish Grand Prix,6.0,Left,-4919.579013078031,-3925.153436211958,2182.3772661074827,(x - -4919.58)^2 + (y - -3925.15)^2 = 4762770.53
2021,4,Spanish Grand Prix,7.0,Left,-3162.839806443262,-4291.469059232249,518.0019614232519,(x - -3162.84)^2 + (y - -4291.47)^2 = 268326.03
2021,4,Spanish Grand Prix,8.0,Right,-2559.5099105010518,-3051.4281864743944,879.671090215294,(x - -2559.51)^2 + (y - -3051.43)^2 = 773821.23
2021,4,Spanish Grand Prix,9.0,Right,-2974.022817626765,-1492.7831751084007,1120.2931597301156,(x - -2974.02)^2 + (y - -1492.78)^2 = 1255056.76
2021,4,Spanish Grand Prix,10.0,Left,141.40229472747018,1885.7013436865539,620.7439188549704,(x - 141.40)^2 + (y - 1885.70)^2 = 385323.01
2021,4,Spanish Grand Prix,11.0,Right,-1073.1134794842744,2423.730308533799,584.768445889414,(x - -1073.11)^2 + (y - 2423.73)^2 = 341954.14
2021,4,Spanish Grand Prix,12.0,Right,-172.0845921450151,3344.1027190332325,389.71459407743544,(x - -172.08)^2 + (y - 3344.10)^2 = 151877.46
2021,4,Spanish Grand Prix,13.0,Left,903.171979215532,3337.85989607766,269.2944495894533,(x - 903.17)^2 + (y - 3337.86)^2 = 72519.50
2021,4,Spanish Grand Prix,14.0,Right,1326.3209464667314,3077.5459580281718,233.21152389945766,(x - 1326.32)^2 + (y - 3077.55)^2 = 54387.61
2021,4,Spanish Grand Prix,15.0,Right,1255.1729615836975,2106.2278026375184,1045.6461481909087,(x - 1255.17)^2 + (y - 2106.23)^2 = 1093375.87
2021,5,Monaco Grand Prix,1.0,Right,-7129.496181380216,-4935.620469433021,331.0188319945017,(x - -7129.50)^2 + (y - -4935.62)^2 = 109573.47
2021,5,Monaco Grand Prix,2.0,Left,-4905.479418090031,-3043.1003612316476,1151.810422376594,(x - -4905.48)^2 + (y - -3043.10)^2 = 1326667.25
2021,5,Monaco Grand Prix,3.0,Right,-3213.3454303099024,-5726.749652368753,2004.9657772994815,(x - -3213.35)^2 + (y - -5726.75)^2 = 4019887.77
2021,5,Monaco Grand Prix,4.0,Left,-3017.276512726967,-2911.1365548741405,763.7280207912614,(x - -3017.28)^2 + (y - -2911.14)^2 = 583280.49
2021,5,Monaco Grand Prix,5.0,Right,-2179.603080734137,-1875.3937234829855,557.6371591663756,(x - -2179.60)^2 + (y - -1875.39)^2 = 310959.20
2021,5,Monaco Grand Prix,6.0,Right,-1435.8542326543904,-427.3313008422993,220.06673387736927,(x - -1435.85)^2 + (y - -427.33)^2 = 48429.37
2021,5,Monaco Grand Prix,7.0,Left,-903.7680294762825,-1005.0907200403451,189.1768337051396,(x - -903.77)^2 + (y - -1005.09)^2 = 35787.87
2021,5,Monaco Grand Prix,8.0,Right,-576.5091811309562,-616.2970507878352,386.52610248871053,(x - -576.51)^2 + (y - -616.30)^2 = 149402.43
2021,5,Monaco Grand Prix,9.0,Right,-2422.613917259425,-1291.3335552199744,2160.0519057652164,(x - -2422.61)^2 + (y - -1291.33)^2 = 4665824.24
2021,5,Monaco Grand Prix,10.0,Right,-2000.1478237921967,-2191.0022025397097,1429.6338336877798,(x - -2000.15)^2 + (y - -2191.00)^2 = 2043852.90
2021,5,Monaco Grand Prix,11.0,Left,-3994.1760546915643,-4605.414394717065,230.9280975961506,(x - -3994.18)^2 + (y - -4605.41)^2 = 53327.79
2021,5,Monaco Grand Prix,12.0,Right,-4449.3248530572855,-4355.437319063076,301.85764188623693,(x - -4449.32)^2 + (y - -4355.44)^2 = 91118.04
2021,5,Monaco Grand Prix,13.0,Left,-4752.063084154052,-5251.163679366386,652.6005133376232,(x - -4752.06)^2 + (y - -5251.16)^2 = 425887.43
2021,5,Monaco Grand Prix,14.0,Left,-5986.15163552711,-5870.534590160162,1228.2099524132632,(x - -5986.15)^2 + (y - -5870.53)^2 = 1508499.69
2021,5,Monaco Grand Prix,15.0,Right,-9367.247754491018,-7546.754491017964,2571.0961734897423,(x - -9367.25)^2 + (y - -7546.75)^2 = 6610535.53
2021,5,Monaco Grand Prix,16.0,Right,-7021.950656324582,-7800.360859188544,282.90924602193746,(x - -7021.95)^2 + (y - -7800.36)^2 = 80037.64
2021,5,Monaco Grand Prix,17.0,Left,-5539.841176448297,-8129.717150366273,1339.4879040372582,(x - -5539.84)^2 + (y - -8129.72)^2 = 1794227.85
2021,5,Monaco Grand Prix,18.0,Right,-6144.550051997014,-9560.262951216295,184.8888042835963,(x - -6144.55)^2 + (y - -9560.26)^2 = 34183.87
2021,5,Monaco Grand Prix,19.0,Right,-6532.361489208542,-9476.215695380446,295.93012188555866,(x - -6532.36)^2 + (y - -9476.22)^2 = 87574.64
2021,5,Monaco Grand Prix,20.0,Left,-7550.874579496207,-9569.44419525701,740.4991151751414,(x - -7550.87)^2 + (y - -9569.44)^2 = 548338.94
2021,5,Monaco Grand Prix,21.0,Right,-5551.490313684293,-7986.360397061648,1809.2068127846421,(x - -5551.49)^2 + (y - -7986.36)^2 = 3273229.29
2021,6,Azerbaijan Grand Prix,1.0,Left,3282.687974955295,813.8281919641771,453.0641115340607,(x - 3282.69)^2 + (y - 813.83)^2 = 205267.09
2021,6,Azerbaijan Grand Prix,2.0,Left,2317.183251025457,3454.816005148591,252.02097615330965,(x - 2317.18)^2 + (y - 3454.82)^2 = 63514.57
2021,6,Azerbaijan Grand Prix,3.0,Left,-5329.541451246354,250.60868090882843,273.14907266450786,(x - -5329.54)^2 + (y - 250.61)^2 = 74610.42
2021,6,Azerbaijan Grand Prix,4.0,Right,-5136.721414923576,-1629.80759361606,296.22656636533054,(x - -5136.72)^2 + (y - -1629.81)^2 = 87750.18
2021,6,Azerbaijan Grand Prix,5.0,Left,-7362.138829557084,-3470.4396154594965,388.28474158217176,(x - -7362.14)^2 + (y - -3470.44)^2 = 150765.04
2021,6,Azerbaijan Grand Prix,6.0,Right,-7848.599303542527,-3877.9074484720495,242.453133233215,(x - -7848.60)^2 + (y - -3877.91)^2 = 58783.52
2021,6,Azerbaijan Grand Prix,7.0,Right,-10714.574074813683,-6024.38903990833,221.4729919956009,(x - -10714.57)^2 + (y - -6024.39)^2 = 49050.29
2021,6,Azerbaijan Grand Prix,8.0,Left,-11633.023837633813,-4529.4976297722515,243.4839954973369,(x - -11633.02)^2 + (y - -4529.50)^2 = 59284.46
2021,6,Azerbaijan Grand Prix,9.0,Left,-12062.64018459677,-5238.073823895884,1056.1307318262852,(x - -12062.64)^2 + (y - -5238.07)^2 = 1115412.12
2021,6,Azerbaijan Grand Prix,10.0,Right,-12232.41973985957,-3848.852198823741,317.1852429536985,(x - -12232.42)^2 + (y - -3848.85)^2 = 100606.48
2021,6,Azerbaijan Grand Prix,11.0,Left,-12807.653493518812,-3867.8533038254823,308.1943368030532,(x - -12807.65)^2 + (y - -3867.85)^2 = 94983.75
2021,6,Azerbaijan Grand Prix,12.0,Left,-12631.21926966934,-5587.16799143998,2025.7755449910517,(x - -12631.22)^2 + (y - -5587.17)^2 = 4103766.56
2021,6,Azerbaijan Grand Prix,13.0,Left,-15493.24657170586,-5863.768167878768,974.3302327911088,(x - -15493.25)^2 + (y - -5863.77)^2 = 949319.40
2021,6,Azerbaijan Grand Prix,14.0,Left,-14265.678334098968,-7562.26153694346,2646.0417768500456,(x - -14265.68)^2 + (y - -7562.26)^2 = 7001537.08
2021,6,Azerbaijan Grand Prix,15.0,Left,-16639.242175720115,-9449.93420249376,236.98660890100663,(x - -16639.24)^2 + (y - -9449.93)^2 = 56162.65
2021,6,Azerbaijan Grand Prix,16.0,Left,-13832.97951785853,-10747.743826951599,405.202446391105,(x - -13832.98)^2 + (y - -10747.74)^2 = 164189.02
2021,6,Azerbaijan Grand Prix,17.0,Left,-12302.407789972025,-6899.887884656768,1551.0419350158681,(x - -12302.41)^2 + (y - -6899.89)^2 = 2405731.08
2021,6,Azerbaijan Grand Prix,18.0,Right,-9501.675600802466,-6979.082743657874,1201.3321805109813,(x - -9501.68)^2 + (y - -6979.08)^2 = 1443199.01
2021,6,Azerbaijan Grand Prix,19.0,Right,-6094.52374077583,-7308.036767105932,3524.292898866306,(x - -6094.52)^2 + (y - -7308.04)^2 = 12420640.44
2021,7,French Grand Prix,1.0,Left,-3921.007547550096,28.54357180888807,926.5060420218146,(x - -3921.01)^2 + (y - 28.54)^2 = 858413.45
2021,7,French Grand Prix,2.0,Right,-5114.303527250553,1429.1653194929095,908.9350704081684,(x - -5114.30)^2 + (y - 1429.17)^2 = 826162.96
2021,7,French Grand Prix,3.0,Right,-9096.88720774988,3558.241798898885,712.2559420205047,(x - -9096.89)^2 + (y - 3558.24)^2 = 507308.53
2021,7,French Grand Prix,4.0,Left,-10322.430706118608,3677.91763114213,520.8089262423224,(x - -10322.43)^2 + (y - 3677.92)^2 = 271241.94
2021,7,French Grand Prix,5.0,Right,-10867.067270050014,4379.328168447592,260.2768485012703,(x - -10867.07)^2 + (y - 4379.33)^2 = 67744.04
2021,7,French Grand Prix,6.0,Right,-10308.291248569689,4482.545309323722,795.4786160827807,(x - -10308.29)^2 + (y - 4482.55)^2 = 632786.23
2021,7,French Grand Prix,7.0,Left,-8198.753485778027,4579.927309908905,1079.6647579035573,(x - -8198.75)^2 + (y - 4579.93)^2 = 1165675.99
2021,7,French Grand Prix,8.0,Left,973.2502067060151,1136.880120229977,762.6791184839523,(x - 973.25)^2 + (y - 1136.88)^2 = 581679.44
2021,7,French Grand Prix,9.0,Right,1830.491084930142,286.91576743049853,447.3258440504179,(x - 1830.49)^2 + (y - 286.92)^2 = 200100.41
2021,7,French Grand Prix,10.0,Left,3271.346961649563,1192.449398585096,1245.7829668646268,(x - 3271.35)^2 + (y - 1192.45)^2 = 1551975.20
2021,7,French Grand Prix,11.0,Right,8046.414641977123,-3935.051573010672,1895.2034818010457,(x - 8046.41)^2 + (y - -3935.05)^2 = 3591796.24
2021,7,French Grand Prix,12.0,Right,9093.804867860541,-6068.166625308463,927.5037730140874,(x - 9093.80)^2 + (y - -6068.17)^2 = 860263.25
2021,7,French Grand Prix,13.0,Left,8681.396345210562,-4170.661204317543,652.84447807032,(x - 8681.40)^2 + (y - -4170.66)^2 = 426205.91
2021,7,French Grand Prix,14.0,Right,6786.018808761937,-2632.2971729662904,1309.560780686292,(x - 6786.02)^2 + (y - -2632.30)^2 = 1714949.44
2021,7,French Grand Prix,15.0,Left,4678.696477252467,-3702.7502772731864,755.024299587415,(x - 4678.70)^2 + (y - -3702.75)^2 = 570061.69
2021,7,French Grand Prix,16.0,Right,3718.552902731412,-4068.421438396397,268.17918891083474,(x - 3718.55)^2 + (y - -4068.42)^2 = 71920.08
2021,8,Styrian Grand Prix,1.0,Right,-2850.2067732695914,-1690.299655875868,562.8120629048851,(x - -2850.21)^2 + (y - -1690.30)^2 = 316757.42
2021,8,Styrian Grand Prix,2.0,Right,-7984.611927054501,5349.014685207917,250.49567542613843,(x - -7984.61)^2 + (y - 5349.01)^2 = 62748.08
2021,8,Styrian Grand Prix,3.0,Right,-1529.3152355695718,4330.704182876947,1081.8823844985354,(x - -1529.32)^2 + (y - 4330.70)^2 = 1170469.49
2021,8,Styrian Grand Prix,4.0,Left,-3898.279444525783,2725.444499594836,937.5590142014767,(x - -3898.28)^2 + (y - 2725.44)^2 = 879016.91
2021,8,Styrian Grand Prix,5.0,Left,-3313.4313781507303,1675.2023861465734,831.0717826544566,(x - -3313.43)^2 + (y - 1675.20)^2 = 690680.31
2021,8,Styrian Grand Prix,6.0,Right,-1113.6577940817485,526.6164518714666,1509.8026039824188,(x - -1113.66)^2 + (y - 526.62)^2 = 2279503.90
2021,8,Styrian Grand Prix,7.0,Right,3019.651065782764,1141.2416012238655,945.2141513951922,(x - 3019.65)^2 + (y - 1141.24)^2 = 893429.79
2021,8,Styrian Grand Prix,8.0,Right,3594.9389370833005,212.81933799382958,653.8200539262247,(x - 3594.94)^2 + (y - 212.82)^2 = 427480.66
2021,9,Austrian Grand Prix,1.0,Right,-2841.30938266497,-1677.9918444917832,576.297401004725,(x - -2841.31)^2 + (y - -1677.99)^2 = 332118.69
2021,9,Austrian Grand Prix,2.0,Right,-7983.186804168073,5355.795941245864,249.3031170441261,(x - -7983.19)^2 + (y - 5355.80)^2 = 62152.04
2021,9,Austrian Grand Prix,3.0,Right,-1548.1606020610177,4338.3755437184445,1082.7008339790505,(x - -1548.16)^2 + (y - 4338.38)^2 = 1172241.10
2021,9,Austrian Grand Prix,4.0,Left,-3891.765050102874,2712.5350899696764,939.7663316525714,(x - -3891.77)^2 + (y - 2712.54)^2 = 883160.76
2021,9,Austrian Grand Prix,5.0,Left,-3328.6148150561107,1656.9412277461806,814.928287038556,(x - -3328.61)^2 + (y - 1656.94)^2 = 664108.11
2021,9,Austrian Grand Prix,6.0,Right,-1100.9753541308442,506.05162531728485,1534.0032516284195,(x - -1100.98)^2 + (y - 506.05)^2 = 2353165.98
2021,9,Austrian Grand Prix,7.0,Right,3013.8201154150247,1137.0820365544623,952.9301540878037,(x - 3013.82)^2 + (y - 1137.08)^2 = 908075.88
2021,9,Austrian Grand Prix,8.0,Right,3601.50854420108,205.38184670522028,645.7492665331368,(x - 3601.51)^2 + (y - 205.38)^2 = 416992.12
2021,10,British Grand Prix,1.0,Right,1430.1138964305344,3063.8694471742424,1473.8653587848025,(x - 1430.11)^2 + (y - 3063.87)^2 = 2172279.10
2021,10,British Grand Prix,2.0,Left,2480.2508240927764,6123.276198141981,1690.0592423731896,(x - 2480.25)^2 + (y - 6123.28)^2 = 2856300.24
2021,10,British Grand Prix,3.0,Right,4911.707280818822,5372.923927775756,517.766705410251,(x - 4911.71)^2 + (y - 5372.92)^2 = 268082.36
2021,10,British Grand Prix,4.0,Left,5815.122600084324,5135.78897195685,411.2338183021317,(x - 5815.12)^2 + (y - 5135.79)^2 = 169113.25
2021,10,British Grand Prix,5.0,Left,4733.241296609368,5918.261597331345,1599.927446473104,(x - 4733.24)^2 + (y - 5918.26)^2 = 2559767.83
2021,10,British Grand Prix,6.0,Left,974.8478651387866,10192.243342495025,818.748372880295,(x - 974.85)^2 + (y - 10192.24)^2 = 670348.90
2021,10,British Grand Prix,7.0,Right,-400.62663281324325,10079.756685852915,585.3472101658924,(x - -400.63)^2 + (y - 10079.76)^2 = 342631.36
2021,10,British Grand Prix,8.0,Right,1978.379236852307,10282.11143828159,2407.122512727465,(x - 1978.38)^2 + (y - 10282.11)^2 = 5794238.79
2021,10,British Grand Prix,9.0,Right,5219.135352457741,11669.143113149637,1446.9097711467384,(x - 5219.14)^2 + (y - 11669.14)^2 = 2093547.89
2021,10,British Grand Prix,10.0,Right,6136.979996370903,6878.939941751357,1403.516919694318,(x - 6136.98)^2 + (y - 6878.94)^2 = 1969859.74
2021,10,British Grand Prix,11.0,Left,8711.936194272528,5636.06464989902,1388.4702696323443,(x - 8711.94)^2 + (y - 5636.06)^2 = 1927849.69
2021,10,British Grand Prix,12.0,Right,6716.628592958803,4287.6302376548665,1052.3954808058859,(x - 6716.63)^2 + (y - 4287.63)^2 = 1107536.25
2021,10,British Grand Prix,13.0,Left,8469.306694166835,1186.6188289586555,2567.9962378401633,(x - 8469.31)^2 + (y - 1186.62)^2 = 6594604.68
2021,10,British Grand Prix,14.0,Right,2237.4028109903356,-3059.4261162456946,1058.2187196626821,(x - 2237.40)^2 + (y - -3059.43)^2 = 1119826.86
2021,10,British Grand Prix,15.0,Left,-888.7775220877462,-1418.563105550552,511.8895115772595,(x - -888.78)^2 + (y - -1418.56)^2 = 262030.87
2021,10,British Grand Prix,16.0,Right,-1276.5156607648023,8.443621529222433,1111.0104297106725,(x - -1276.52)^2 + (y - 8.44)^2 = 1234344.17
2021,11,Hungarian Grand Prix,1.0,Right,-5725.792393008818,3817.2217471707286,376.3115589685377,(x - -5725.79)^2 + (y - 3817.22)^2 = 141610.39
2021,11,Hungarian Grand Prix,2.0,Left,-2079.5,2681.365691489362,523.2039167642952,(x - -2079.50)^2 + (y - 2681.37)^2 = 273742.34
2021,11,Hungarian Grand Prix,3.0,Right,-932.7546837605066,4009.8425869196594,1152.174841692258,(x - -932.75)^2 + (y - 4009.84)^2 = 1327506.87
2021,11,Hungarian Grand Prix,4.0,Left,-868.8920126238601,8416.483338361219,1059.934437656561,(x - -868.89)^2 + (y - 8416.48)^2 = 1123461.01
2021,11,Hungarian Grand Prix,5.0,Right,506.03529108137326,9866.752386861328,724.3861211112782,(x - 506.04)^2 + (y - 9866.75)^2 = 524735.25
2021,11,Hungarian Grand Prix,6.0,Right,1946.8053670284303,8707.755700121977,454.0275467201583,(x - 1946.81)^2 + (y - 8707.76)^2 = 206141.01
2021,11,Hungarian Grand Prix,7.0,Left,3168.1014870853624,8131.244270017468,922.71945971158,(x - 3168.10)^2 + (y - 8131.24)^2 = 851411.20
2021,11,Hungarian Grand Prix,8.0,Left,3161.5051235428723,7273.515948471797,687.5567995272702,(x - 3161.51)^2 + (y - 7273.52)^2 = 472734.35
2021,11,Hungarian Grand Prix,9.0,Right,3345.770151846617,5852.823404300576,715.4189106036437,(x - 3345.77)^2 + (y - 5852.82)^2 = 511824.22
2021,11,Hungarian Grand Prix,10.0,Left,5417.4880568320405,4655.484920858859,1597.499846577999,(x - 5417.49)^2 + (y - 4655.48)^2 = 2552005.76
2021,11,Hungarian Grand Prix,11.0,Right,3551.4424786264995,2804.647892889873,1001.9475988203038,(x - 3551.44)^2 + (y - 2804.65)^2 = 1003898.99
2021,11,Hungarian Grand Prix,12.0,Right,1823.828544420035,117.39056434882563,419.1870442212957,(x - 1823.83)^2 + (y - 117.39)^2 = 175717.78
2021,11,Hungarian Grand Prix,13.0,Left,172.14691317231953,688.299647624291,441.9511134057913,(x - 172.15)^2 + (y - 688.30)^2 = 195320.79
2021,11,Hungarian Grand Prix,14.0,Right,364.96852310153844,-854.9993012608613,679.8449973586683,(x - 364.97)^2 + (y - -855.00)^2 = 462189.22
2021,12,Belgian Grand Prix,1.0,Right,-2090.628623885328,4293.465038986658,257.8362171268754,(x - -2090.63)^2 + (y - 4293.47)^2 = 66479.51
2021,12,Belgian Grand Prix,2.0,Left,3932.6907893310695,2055.2188363603873,1805.3701657944468,(x - 3932.69)^2 + (y - 2055.22)^2 = 3259361.44
2021,12,Belgian Grand Prix,3.0,Right,2254.9151670951155,-1022.317920907138,1751.1433678852884,(x - 2254.92)^2 + (y - -1022.32)^2 = 3066503.09
2021,12,Belgian Grand Prix,4.0,Left,5619.079198411096,-612.1429508937591,1661.6625626047428,(x - 5619.08)^2 + (y - -612.14)^2 = 2761122.47
2021,12,Belgian Grand Prix,5.0,Right,7691.16961195276,-11361.521324335137,627.1938537059576,(x - 7691.17)^2 + (y - -11361.52)^2 = 393372.13
2021,12,Belgian Grand Prix,6.0,Left,8496.544191200841,-12439.153185705847,710.5351026058697,(x - 8496.54)^2 + (y - -12439.15)^2 = 504860.13
2021,12,Belgian Grand Prix,7.0,Right,7166.179949755274,-13410.648048685407,873.8468277669172,(x - 7166.18)^2 + (y - -13410.65)^2 = 763608.28
2021,12,Belgian Grand Prix,8.0,Right,5210.061291254599,-15249.154615822395,510.56389965346926,(x - 5210.06)^2 + (y - -15249.15)^2 = 260675.50
2021,12,Belgian Grand Prix,9.0,Left,5371.89704439227,-13684.285937659093,767.7848598992456,(x - 5371.90)^2 + (y - -13684.29)^2 = 589493.59
2021,12,Belgian Grand Prix,10.0,Left,3833.2678705223525,-9685.562820981888,1144.6041960075927,(x - 3833.27)^2 + (y - -9685.56)^2 = 1310118.77
2021,12,Belgian Grand Prix,11.0,Left,3692.162031162123,-10386.315126868252,1874.3857191424408,(x - 3692.16)^2 + (y - -10386.32)^2 = 3513321.82
2021,12,Belgian Grand Prix,12.0,Right,311.6906085621008,-12178.26446597706,780.0826339022127,(x - 311.69)^2 + (y - -12178.26)^2 = 608528.92
2021,12,Belgian Grand Prix,13.0,Left,-631.0793638381102,-13548.023723590963,877.9474114766217,(x - -631.08)^2 + (y - -13548.02)^2 = 770791.66
2021,12,Belgian Grand Prix,14.0,Right,-2754.5906061147975,-14255.968837124512,639.8581175179054,(x - -2754.59)^2 + (y - -14255.97)^2 = 409418.41
2021,12,Belgian Grand Prix,15.0,Right,-2950.138542495469,-13204.221583878452,1406.853012925401,(x - -2950.14)^2 + (y - -13204.22)^2 = 1979235.40
2021,12,Belgian Grand Prix,16.0,Left,-1944.0983231474513,-6601.786147777903,2918.149794606175,(x - -1944.10)^2 + (y - -6601.79)^2 = 8515598.22
2021,12,Belgian Grand Prix,17.0,Left,-537.1656925846348,-5900.9192305741035,1883.4579690510045,(x - -537.17)^2 + (y - -5900.92)^2 = 3547413.92
2021,12,Belgian Grand Prix,18.0,Right,273.566635822534,-842.125358340827,300.93418972700044,(x - 273.57)^2 + (y - -842.13)^2 = 90561.39
2021,12,Belgian Grand Prix,19.0,Left,321.47757569613816,-305.8172958872166,242.24242937380225,(x - 321.48)^2 + (y - -305.82)^2 = 58681.39
2021,13,Dutch Grand Prix,1.0,Right,1896.7694748999356,6239.341849588266,471.5812462150708,(x - 1896.77)^2 + (y - 6239.34)^2 = 222388.87
2021,13,Dutch Grand Prix,2.0,Left,3285.6506068425347,4486.170189679494,1523.4406487278118,(x - 3285.65)^2 + (y - 4486.17)^2 = 2320871.41
2021,13,Dutch Grand Prix,3.0,Right,1189.3715422154373,4055.1837339231843,612.8165900686288,(x - 1189.37)^2 + (y - 4055.18)^2 = 375544.17
2021,13,Dutch Grand Prix,4.0,Left,1037.8388668704413,2941.713001662032,410.6049371826865,(x - 1037.84)^2 + (y - 2941.71)^2 = 168596.41
2021,13,Dutch Grand Prix,5.0,Left,4362.713315755336,4477.197923523625,1628.0960610946058,(x - 4362.71)^2 + (y - 4477.20)^2 = 2650696.78
2021,13,Dutch Grand Prix,6.0,Right,6562.102115846984,1923.1816844144646,1692.1366504652533,(x - 6562.10)^2 + (y - 1923.18)^2 = 2863326.44
2021,13,Dutch Grand Prix,7.0,Right,7698.89178689426,2579.376625067043,1022.8479093144747,(x - 7698.89)^2 + (y - 2579.38)^2 = 1046217.85
2021,13,Dutch Grand Prix,8.0,Right,6672.569489927425,508.6327198933593,994.7529422311163,(x - 6672.57)^2 + (y - 508.63)^2 = 989533.42
2021,13,Dutch Grand Prix,9.0,Left,6936.750158344964,2061.1876996824317,528.1020587204216,(x - 6936.75)^2 + (y - 2061.19)^2 = 278891.78
2021,13,Dutch Grand Prix,10.0,Right,2077.1052901373864,1798.9425235800943,263.49706324377723,(x - 2077.11)^2 + (y - 1798.94)^2 = 69430.70
2021,13,Dutch Grand Prix,11.0,Left,1554.4863560634797,1440.9778414887926,371.4873577231718,(x - 1554.49)^2 + (y - 1440.98)^2 = 138002.86
2021,13,Dutch Grand Prix,12.0,Right,1032.389265000444,-1047.1440671126966,579.6000694825565,(x - 1032.39)^2 + (y - -1047.14)^2 = 335936.24
2021,13,Dutch Grand Prix,13.0,Right,288.87053933230504,-282.933465791744,1275.599507419358,(x - 288.87)^2 + (y - -282.93)^2 = 1627154.10
2021,14,Italian Grand Prix,1.0,Right,-287.336450707907,7995.072739751689,329.99454532479984,(x - -287.34)^2 + (y - 7995.07)^2 = 108896.40
2021,14,Italian Grand Prix,2.0,Left,-413.087822394282,8579.904021244934,285.1608639561736,(x - -413.09)^2 + (y - 8579.90)^2 = 81316.72
2021,14,Italian Grand Prix,3.0,Right,2561.366129229137,11202.554494637227,2872.2400781881224,(x - 2561.37)^2 + (y - 11202.55)^2 = 8249763.07
2021,14,Italian Grand Prix,4.0,Left,6501.371388163143,14994.943713494995,474.94385870077684,(x - 6501.37)^2 + (y - 14994.94)^2 = 225571.67
2021,14,Italian Grand Prix,5.0,Right,7470.6814231170165,14507.19664918742,618.4390962781023,(x - 7470.68)^2 + (y - 14507.20)^2 = 382466.92
2021,14,Italian Grand Prix,6.0,Right,10023.051120545057,14983.164105952173,900.3102525346254,(x - 10023.05)^2 + (y - 14983.16)^2 = 810558.55
2021,14,Italian Grand Prix,7.0,Right,10303.556950429851,13026.61250588268,767.8748533645418,(x - 10303.56)^2 + (y - 13026.61)^2 = 589631.79
2021,14,Italian Grand Prix,8.0,Left,3191.4700545103715,5988.721836889919,657.3783141091063,(x - 3191.47)^2 + (y - 5988.72)^2 = 432146.25
2021,14,Italian Grand Prix,9.0,Right,1218.766850221749,5691.510157572902,1325.3960205582073,(x - 1218.77)^2 + (y - 5691.51)^2 = 1756674.61
2021,14,Italian Grand Prix,10.0,Left,3101.553534061733,3817.4145601870687,1360.5026402461026,(x - 3101.55)^2 + (y - 3817.41)^2 = 1850967.43
2021,14,Italian Grand Prix,11.0,Right,-201.77608447853774,-4566.981864027135,1173.8410081787345,(x - -201.78)^2 + (y - -4566.98)^2 = 1377902.71
2021,15,Russian Grand Prix,1.0,Right,-8064.352232467655,-5975.554342873486,478.25032238034555,(x - -8064.35)^2 + (y - -5975.55)^2 = 228723.37
2021,15,Russian Grand Prix,2.0,Left,-10744.617491398021,-6373.715619077655,1883.3232348613826,(x - -10744.62)^2 + (y - -6373.72)^2 = 3546906.41
2021,15,Russian Grand Prix,3.0,Right,-12533.733342496702,-8382.533866369278,676.3392734757147,(x - -12533.73)^2 + (y - -8382.53)^2 = 457434.81
2021,15,Russian Grand Prix,4.0,Right,-15421.235864468406,-10246.708699968,556.4820453111442,(x - -15421.24)^2 + (y - -10246.71)^2 = 309672.27
2021,15,Russian Grand Prix,5.0,Right,-15927.20186961934,-7297.490548947942,652.7172594506559,(x - -15927.20)^2 + (y - -7297.49)^2 = 426039.82
2021,15,Russian Grand Prix,6.0,Left,-14253.92816409433,-5383.553492133214,1113.2315340489058,(x - -14253.93)^2 + (y - -5383.55)^2 = 1239284.45
2021,15,Russian Grand Prix,7.0,Right,-13477.316480896996,-2899.956685140396,605.0558471741381,(x - -13477.32)^2 + (y - -2899.96)^2 = 366092.58
2021,15,Russian Grand Prix,8.0,Left,-5243.675224646983,-99.00641848523749,3607.182278987102,(x - -5243.68)^2 + (y - -99.01)^2 = 13011763.99
2021,15,Russian Grand Prix,9.0,Right,-3597.5610523189885,-3829.233394016468,439.91591500323597,(x - -3597.56)^2 + (y - -3829.23)^2 = 193526.01
2021,15,Russian Grand Prix,10.0,Left,-2482.6143472424674,-3543.655438207969,870.6350367430857,(x - -2482.61)^2 + (y - -3543.66)^2 = 758005.37
2021,15,Russian Grand Prix,11.0,Left,-1469.2243437152129,-2861.177038642383,367.145844011282,(x - -1469.22)^2 + (y - -2861.18)^2 = 134796.07
2021,15,Russian Grand Prix,12.0,Left,-1592.7862830457825,-2697.441905011231,288.7206745886984,(x - -1592.79)^2 + (y - -2697.44)^2 = 83359.63
2021,15,Russian Grand Prix,13.0,Right,-1237.209718700025,-2012.6020816316432,485.62536750775934,(x - -1237.21)^2 + (y - -2012.60)^2 = 235832.00
2021,15,Russian Grand Prix,14.0,Right,428.700639845217,502.75080052360545,559.6304731276105,(x - 428.70)^2 + (y - 502.75)^2 = 313186.27
2021,15,Russian Grand Prix,15.0,Right,1196.495799651557,235.8048947241761,458.64816804412465,(x - 1196.50)^2 + (y - 235.80)^2 = 210358.14
2021,16,Turkish Grand Prix,1.0,Left,4263.484621698006,-32.952164565279205,578.7349206740557,(x - 4263.48)^2 + (y - -32.95)^2 = 334934.11
2021,16,Turkish Grand Prix,2.0,Right,6084.574667183058,975.7002991639383,1437.6742516187023,(x - 6084.57)^2 + (y - 975.70)^2 = 2066907.25
2021,16,Turkish Grand Prix,3.0,Left,8867.012828599665,3914.467221020123,827.5175992328288,(x - 8867.01)^2 + (y - 3914.47)^2 = 684785.38
2021,16,Turkish Grand Prix,4.0,Right,9945.715124191027,4615.851848788615,327.121070922452,(x - 9945.72)^2 + (y - 4615.85)^2 = 107008.20
2021,16,Turkish Grand Prix,5.0,Left,10424.684806120133,5540.082947027884,736.3880790254622,(x - 10424.68)^2 + (y - 5540.08)^2 = 542267.40
2021,16,Turkish Grand Prix,6.0,Right,7503.003185951774,8334.618190466761,680.4973987078259,(x - 7503.00)^2 + (y - 8334.62)^2 = 463076.71
2021,16,Turkish Grand Prix,7.0,Left,10140.08882338449,9797.602433415042,1378.2868065604648,(x - 10140.09)^2 + (y - 9797.60)^2 = 1899674.52
2021,16,Turkish Grand Prix,8.0,Left,5280.835747022084,9271.558672325345,439.59285344866174,(x - 5280.84)^2 + (y - 9271.56)^2 = 193241.88
2021,16,Turkish Grand Prix,9.0,Right,3885.240824058438,8489.324203116694,1149.5665040595181,(x - 3885.24)^2 + (y - 8489.32)^2 = 1321503.15
2021,16,Turkish Grand Prix,10.0,Right,2322.8787591849105,4473.1551776380575,1479.1296849146272,(x - 2322.88)^2 + (y - 4473.16)^2 = 2187824.62
2021,16,Turkish Grand Prix,11.0,Left,-2497.2555861558344,-382.2407709155669,356.41731996049765,(x - -2497.26)^2 + (y - -382.24)^2 = 127033.31
2021,16,Turkish Grand Prix,12.0,Right,-2193.112867294883,-1070.6681480986433,304.033725229017,(x - -2193.11)^2 + (y - -1070.67)^2 = 92436.51
2021,16,Turkish Grand Prix,13.0,Left,-1651.1655323150121,-1570.0362798916706,406.60268533447567,(x - -1651.17)^2 + (y - -1570.04)^2 = 165325.74
2021,17,United States Grand Prix,1.0,Left,3531.833211297433,-3822.4350131099513,283.31621351622863,(x - 3531.83)^2 + (y - -3822.44)^2 = 80268.08
2021,17,United States Grand Prix,2.0,Left,2784.6789402533386,-3695.991793589749,1004.6856417377048,(x - 2784.68)^2 + (y - -3695.99)^2 = 1009393.24
2021,17,United States Grand Prix,3.0,Right,4772.264479147294,-2179.413363028696,1437.0206153747872,(x - 4772.26)^2 + (y - -2179.41)^2 = 2065028.25
2021,17,United States Grand Prix,4.0,Left,4344.989031593438,789.2016775111698,1341.5321914919396,(x - 4344.99)^2 + (y - 789.20)^2 = 1799708.62
2021,17,United States Grand Prix,5.0,Right,6619.406507191796,45.49870441385674,1005.3382475396975,(x - 6619.41)^2 + (y - 45.50)^2 = 1010704.99
2021,17,United States Grand Prix,6.0,Left,5619.967253199803,1938.419729976367,1181.7898227396636,(x - 5619.97)^2 + (y - 1938.42)^2 = 1396627.19
2021,17,United States Grand Prix,7.0,Right,7922.598537486725,1591.3930777236435,1157.4086581038734,(x - 7922.60)^2 + (y - 1591.39)^2 = 1339594.80
2021,17,United States Grand Prix,8.0,Left,9136.52168492998,3136.928977380916,798.856156766699,(x - 9136.52)^2 + (y - 3136.93)^2 = 638171.16
2021,17,United States Grand Prix,9.0,Right,10548.678115044273,2647.872754327309,615.9563735291856,(x - 10548.68)^2 + (y - 2647.87)^2 = 379402.25
2021,17,United States Grand Prix,10.0,Left,11486.526777238076,3433.0733616748134,626.0369261779443,(x - 11486.53)^2 + (y - 3433.07)^2 = 391922.23
2021,17,United States Grand Prix,11.0,Left,12480.93504454511,4480.395422624133,1381.8020212614422,(x - 12480.94)^2 + (y - 4480.40)^2 = 1909376.83
2021,17,United States Grand Prix,12.0,Left,15322.02808788526,6161.957404974555,284.89307350822327,(x - 15322.03)^2 + (y - 6161.96)^2 = 81164.06
2021,17,United States Grand Prix,13.0,Left,4371.175404209702,3779.7677062505913,388.3090402706802,(x - 4371.18)^2 + (y - 3779.77)^2 = 150783.91
2021,17,United States Grand Prix,14.0,Right,4495.9955603959315,2384.0764995509303,531.7827131812548,(x - 4496.00)^2 + (y - 2384.08)^2 = 282792.85
2021,17,United States Grand Prix,15.0,Left,3350.526346709899,2859.2445278428927,466.60613533598035,(x - 3350.53)^2 + (y - 2859.24)^2 = 217721.29
2021,17,United States Grand Prix,16.0,Right,2329.320278005125,1209.1856283488153,1362.4559992343554,(x - 2329.32)^2 + (y - 1209.19)^2 = 1856286.35
2021,17,United States Grand Prix,17.0,Left,-166.46230602933392,980.9417817298935,931.837307380801,(x - -166.46)^2 + (y - 980.94)^2 = 868320.77
2021,17,United States Grand Prix,18.0,Left,-2108.0528020985494,652.3436780190793,443.9598829524383,(x - -2108.05)^2 + (y - 652.34)^2 = 197100.38
2021,18,Mexico City Grand Prix,1.0,Right,11061.573712172072,-892.7419475009696,559.2034506278437,(x - 11061.57)^2 + (y - -892.74)^2 = 312708.50
2021,18,Mexico City Grand Prix,2.0,Left,11977.074440746816,-1216.9817969280707,411.24784446617053,(x - 11977.07)^2 + (y - -1216.98)^2 = 169124.79
2021,18,Mexico City Grand Prix,3.0,Right,11546.057937890238,-1977.7531045035548,479.19620482341367,(x - 11546.06)^2 + (y - -1977.75)^2 = 229629.00
2021,18,Mexico City Grand Prix,4.0,Left,9171.34825330633,-7707.454882593465,383.62178261135347,(x - 9171.35)^2 + (y - -7707.45)^2 = 147165.67
2021,18,Mexico City Grand Prix,5.0,Right,9006.42866644234,-8327.70810479131,252.69919575774435,(x - 9006.43)^2 + (y - -8327.71)^2 = 63856.88
2021,18,Mexico City Grand Prix,6.0,Right,8312.468102542774,-8704.117764590237,345.18731081945447,(x - 8312.47)^2 + (y - -8704.12)^2 = 119154.28
2021,18,Mexico City Grand Prix,7.0,Left,7537.003519690258,-6140.194074375726,868.7984621532285,(x - 7537.00)^2 + (y - -6140.19)^2 = 754810.77
2021,18,Mexico City Grand Prix,8.0,Right,8677.532973566658,-4118.221565195117,1469.6389993539744,(x - 8677.53)^2 + (y - -4118.22)^2 = 2159838.79
2021,18,Mexico City Grand Prix,9.0,Left,6284.961078239816,-5338.626735047701,1211.2474580662133,(x - 6284.96)^2 + (y - -5338.63)^2 = 1467120.40
2021,18,Mexico City Grand Prix,10.0,Right,5850.846508307457,-3278.741627159753,834.3000259592461,(x - 5850.85)^2 + (y - -3278.74)^2 = 696056.53
2021,18,Mexico City Grand Prix,11.0,Left,4014.358969082114,-3655.7208108235213,1010.3368240336473,(x - 4014.36)^2 + (y - -3655.72)^2 = 1020780.50
2021,18,Mexico City Grand Prix,12.0,Right,0.7496950484119026,-1123.4220024682031,638.5645514146167,(x - 0.75)^2 + (y - -1123.42)^2 = 407764.69
2021,18,Mexico City Grand Prix,13.0,Left,-842.3917349587946,-185.60379953457476,265.65742155425556,(x - -842.39)^2 + (y - -185.60)^2 = 70573.87
2021,18,Mexico City Grand Prix,14.0,Right,-1436.070475437075,378.52496434052796,550.5508695327776,(x - -1436.07)^2 + (y - 378.52)^2 = 303106.26
2021,18,Mexico City Grand Prix,15.0,Right,-1479.1525372159908,498.7463781615244,884.4773786601261,(x - -1479.15)^2 + (y - 498.75)^2 = 782300.23
2021,19,São Paulo Grand Prix,1.0,Left,-2908.153295496367,-4915.881368522251,474.0456728053134,(x - -2908.15)^2 + (y - -4915.88)^2 = 224719.30
2021,19,São Paulo Grand Prix,2.0,Right,-2070.650617922913,-5446.54218929885,464.8209205347345,(x - -2070.65)^2 + (y - -5446.54)^2 = 216058.49
2021,19,São Paulo Grand Prix,3.0,Left,-1055.6885175343834,-3661.62514105304,1581.2305703495133,(x - -1055.69)^2 + (y - -3661.63)^2 = 2500290.12
2021,19,São Paulo Grand Prix,4.0,Left,619.7376103601415,1215.6575761397828,1294.7648700822585,(x - 619.74)^2 + (y - 1215.66)^2 = 1676416.07
2021,19,São Paulo Grand Prix,5.0,Right,-3006.429789970908,73.1981547225171,1050.7297000404765,(x - -3006.43)^2 + (y - 73.20)^2 = 1104032.90
2021,19,São Paulo Grand Prix,6.0,Left,-3155.343532183926,1303.1461404982467,472.7134697791631,(x - -3155.34)^2 + (y - 1303.15)^2 = 223458.02
2021,19,São Paulo Grand Prix,7.0,Right,-3471.4142953694736,2719.306380784002,565.7279923199933,(x - -3471.41)^2 + (y - 2719.31)^2 = 320048.16
2021,19,São Paulo Grand Prix,8.0,Left,-1963.632344790929,3532.559068039236,1148.4691299356064,(x - -1963.63)^2 + (y - 3532.56)^2 = 1318981.34
2021,19,São Paulo Grand Prix,9.0,Left,-767.9458180700448,4321.913520396627,495.9360087474552,(x - -767.95)^2 + (y - 4321.91)^2 = 245952.52
2021,19,São Paulo Grand Prix,10.0,Left,-1531.9963879408417,2889.173378839607,2099.7021244896346,(x - -1532.00)^2 + (y - 2889.17)^2 = 4408749.01
2021,19,São Paulo Grand Prix,11.0,Left,-1886.4062196172486,2461.1158879253353,2400.2323851157307,(x - -1886.41)^2 + (y - 2461.12)^2 = 5761115.50
2021,20,Qatar Grand Prix,1.0,Right,-2026.5958561604239,3146.4436137729895,650.2798274443821,(x - -2026.60)^2 + (y - 3146.44)^2 = 422863.85
2021,20,Qatar Grand Prix,2.0,Left,-82.68873159563509,3479.687378505353,643.2132012745568,(x - -82.69)^2 + (y - 3479.69)^2 = 413723.22
2021,20,Qatar Grand Prix,3.0,Right,1843.554488812754,4661.867854259562,1288.6442762342722,(x - 1843.55)^2 + (y - 4661.87)^2 = 1660604.07
2021,20,Qatar Grand Prix,4.0,Right,3351.045802338319,6828.095876035716,1055.3686356235385,(x - 3351.05)^2 + (y - 6828.10)^2 = 1113802.96
2021,20,Qatar Grand Prix,5.0,Left,3315.623877002281,4731.088839473449,356.19267021461064,(x - 3315.62)^2 + (y - 4731.09)^2 = 126873.22
2021,20,Qatar Grand Prix,6.0,Right,6068.0905346271065,4835.2039692201,666.136970990362,(x - 6068.09)^2 + (y - 4835.20)^2 = 443738.46
2021,20,Qatar Grand Prix,7.0,Right,4694.421012484575,2876.3563251066557,849.1275467696662,(x - 4694.42)^2 + (y - 2876.36)^2 = 721017.59
2021,20,Qatar Grand Prix,8.0,Left,4098.436195226318,1184.9009388514407,707.255976634078,(x - 4098.44)^2 + (y - 1184.90)^2 = 500211.02
2021,20,Qatar Grand Prix,9.0,Right,8259.664522518746,-1223.3022264583046,1350.2999909836242,(x - 8259.66)^2 + (y - -1223.30)^2 = 1823310.07
2021,20,Qatar Grand Prix,10.0,Right,8768.029733505387,-1571.3825739873405,1038.7420596451016,(x - 8768.03)^2 + (y - -1571.38)^2 = 1078985.07
2021,20,Qatar Grand Prix,11.0,Right,8232.983837666947,-2200.0596490096136,1149.9219889325675,(x - 8232.98)^2 + (y - -2200.06)^2 = 1322320.58
2021,20,Qatar Grand Prix,12.0,Left,5918.242943027803,-3707.045441739076,819.550122908453,(x - 5918.24)^2 + (y - -3707.05)^2 = 671662.40
2021,20,Qatar Grand Prix,13.0,Right,3060.55256255922,-6011.978858006922,679.576373354944,(x - 3060.55)^2 + (y - -6011.98)^2 = 461824.05
2021,21,Saudi Arabian Grand Prix,1.0,Left,-3048.6870355637443,4451.117292797962,339.087025226354,(x - -3048.69)^2 + (y - 4451.12)^2 = 114980.01
2021,21,Saudi Arabian Grand Prix,2.0,Right,-3274.1252847865167,4999.271622569076,253.74399012200857,(x - -3274.13)^2 + (y - 4999.27)^2 = 64386.01
2021,21,Saudi Arabian Grand Prix,3.0,Left,-4023.247408172608,8945.17186946643,386.7198892568222,(x - -4023.25)^2 + (y - 8945.17)^2 = 149552.27
2021,21,Saudi Arabian Grand Prix,4.0,Right,-3343.7001958081296,10401.697092699642,1266.8631547610705,(x - -3343.70)^2 + (y - 10401.70)^2 = 1604942.25
2021,21,Saudi Arabian Grand Prix,5.0,Left,-5671.701856441478,11705.304169368368,1430.8301463618975,(x - -5671.70)^2 + (y - 11705.30)^2 = 2047274.91
2021,21,Saudi Arabian Grand Prix,6.0,Right,-4170.36661589277,13415.040379622807,877.3405492145928,(x - -4170.37)^2 + (y - 13415.04)^2 = 769726.44
2021,21,Saudi Arabian Grand Prix,7.0,Right,-3999.840792210464,13869.304484468927,1027.9716880966287,(x - -3999.84)^2 + (y - 13869.30)^2 = 1056725.79
2021,21,Saudi Arabian Grand Prix,8.0,Left,-4675.372561840815,15511.864777386176,758.6893460804235,(x - -4675.37)^2 + (y - 15511.86)^2 = 575609.52
2021,21,Saudi Arabian Grand Prix,9.0,Left,-4377.422474048221,20819.091879550888,814.72317182094,(x - -4377.42)^2 + (y - 20819.09)^2 = 663773.85
2021,21,Saudi Arabian Grand Prix,10.0,Right,-5989.658693115519,18807.90373395566,1866.9856047323874,(x - -5989.66)^2 + (y - 18807.90)^2 = 3485635.25
2021,21,Saudi Arabian Grand Prix,11.0,Right,-6693.473222400895,18492.789240019578,2594.4603965444044,(x - -6693.47)^2 + (y - 18492.79)^2 = 6731224.75
2021,21,Saudi Arabian Grand Prix,12.0,Left,-2229.220747179325,15947.488234116829,2521.4745490498162,(x - -2229.22)^2 + (y - 15947.49)^2 = 6357833.90
2021,21,Saudi Arabian Grand Prix,13.0,Right,-5262.748178711626,16114.82198925781,500.5707094119546,(x - -5262.75)^2 + (y - 16114.82)^2 = 250571.04
2021,21,Saudi Arabian Grand Prix,14.0,Left,-4909.835344893729,14827.208066224714,880.5140264133282,(x - -4909.84)^2 + (y - 14827.21)^2 = 775304.95
2021,21,Saudi Arabian Grand Prix,15.0,Left,-1978.098832309681,10333.253305118656,2947.3853438452334,(x - -1978.10)^2 + (y - 10333.25)^2 = 8687080.37
2021,21,Saudi Arabian Grand Prix,16.0,Right,-7044.94761557408,6860.667276050062,3181.9563617509552,(x - -7044.95)^2 + (y - 6860.67)^2 = 10124846.29
2021,21,Saudi Arabian Grand Prix,17.0,Left,-2844.553490762348,5056.555790593815,1073.5741718189233,(x - -2844.55)^2 + (y - 5056.56)^2 = 1152561.50
2021,21,Saudi Arabian Grand Prix,18.0,Right,-4857.443567303232,3131.5052454504857,1782.0697274175498,(x - -4857.44)^2 + (y - 3131.51)^2 = 3175772.51
2021,21,Saudi Arabian Grand Prix,19.0,Left,-1107.4023713286217,-22.52393749783481,2968.954970003918,(x - -1107.40)^2 + (y - -22.52)^2 = 8814693.61
2021,21,Saudi Arabian Grand Prix,20.0,Left,-368.4088819077133,-5218.34002051814,413.00902363707416,(x - -368.41)^2 + (y - -5218.34)^2 = 170576.45
2021,22,Abu Dhabi Grand Prix,1.0,Left,3861.445751625127,3031.9852243304244,549.9988184075038,(x - 3861.45)^2 + (y - 3031.99)^2 = 302498.70
2021,22,Abu Dhabi Grand Prix,2.0,Left,3108.402889333227,4322.1726905986125,991.5086163838932,(x - 3108.40)^2 + (y - 4322.17)^2 = 983089.34
2021,22,Abu Dhabi Grand Prix,3.0,Right,3299.627022039887,6545.384183421405,1160.2956587923875,(x - 3299.63)^2 + (y - 6545.38)^2 = 1346286.02
2021,22,Abu Dhabi Grand Prix,4.0,Left,1801.8544883942486,11338.06125412485,435.6627873998142,(x - 1801.85)^2 + (y - 11338.06)^2 = 189802.06
2021,22,Abu Dhabi Grand Prix,5.0,Left,-2028.9102384389084,753.0524671575545,156.2815453877577,(x - -2028.91)^2 + (y - 753.05)^2 = 24423.92
2021,22,Abu Dhabi Grand Prix,6.0,Right,-1698.0862587803092,453.2451179073382,173.75827752706516,(x - -1698.09)^2 + (y - 453.25)^2 = 30191.94
2021,22,Abu Dhabi Grand Prix,7.0,Left,5076.586229563858,-4574.802681524326,747.7750041887859,(x - 5076.59)^2 + (y - -4574.80)^2 = 559167.46
2021,22,Abu Dhabi Grand Prix,8.0,Right,3413.2361678516977,-1907.6349414216932,1722.9364598469274,(x - 3413.24)^2 + (y - -1907.63)^2 = 2968510.04
2021,22,Abu Dhabi Grand Prix,9.0,Right,2196.2567078483053,-2241.6837805232203,817.9927141427746,(x - 2196.26)^2 + (y - -2241.68)^2 = 669112.08
2021,22,Abu Dhabi Grand Prix,10.0,Left,2069.5963852398786,-723.074997466442,717.9179579881037,(x - 2069.60)^2 + (y - -723.07)^2 = 515406.19
2021,22,Abu Dhabi Grand Prix,11.0,Right,300.46827205593587,756.6581617720789,1038.936946920799,(x - 300.47)^2 + (y - 756.66)^2 = 1079389.98
2021,22,Abu Dhabi Grand Prix,12.0,Right,-552.1038175744306,1348.7514603562463,627.9681085502627,(x - -552.10)^2 + (y - 1348.75)^2 = 394343.95
2022,1,Bahrain Grand Prix,1.0,Right,123.78447807157255,8106.6829338671505,240.4253647837521,(x - 123.78)^2 + (y - 8106.68)^2 = 57804.36
2022,1,Bahrain Grand Prix,2.0,Left,995.583208294907,8567.671992529611,710.1333534080128,(x - 995.58)^2 + (y - 8567.67)^2 = 504289.38
2022,1,Bahrain Grand Prix,3.0,Right,2077.0382379823614,6485.924645112188,1585.686995304343,(x - 2077.04)^2 + (y - 6485.92)^2 = 2514403.25
2022,1,Bahrain Grand Prix,4.0,Right,6928.7985423263,6606.865341873716,562.4792606687171,(x - 6928.80)^2 + (y - 6606.87)^2 = 316382.92
2022,1,Bahrain Grand Prix,5.0,Left,8482.908149655774,3271.501190545003,3100.2630397165,(x - 8482.91)^2 + (y - 3271.50)^2 = 9611630.92
2022,1,Bahrain Grand Prix,6.0,Right,4947.197862223445,4983.664872087083,804.735709410071,(x - 4947.20)^2 + (y - 4983.66)^2 = 647599.56
2022,1,Bahrain Grand Prix,7.0,Left,4575.571197085088,2893.5078391106895,1296.4873961123146,(x - 4575.57)^2 + (y - 2893.51)^2 = 1680879.57
2022,1,Bahrain Grand Prix,8.0,Right,2634.482036147062,2819.9229002303764,378.6041316468463,(x - 2634.48)^2 + (y - 2819.92)^2 = 143341.09
2022,1,Bahrain Grand Prix,9.0,Left,2405.706630359108,6063.491831977958,592.4190166973973,(x - 2405.71)^2 + (y - 6063.49)^2 = 350960.29
2022,1,Bahrain Grand Prix,10.0,Left,2414.19531394442,234.0826777223652,913.9644043294406,(x - 2414.20)^2 + (y - 234.08)^2 = 835330.93
2022,1,Bahrain Grand Prix,11.0,Right,4857.10119573852,158.20401675354344,1440.2158416904397,(x - 4857.10)^2 + (y - 158.20)^2 = 2074221.67
2022,1,Bahrain Grand Prix,12.0,Right,5982.437722754743,444.06456290261883,683.0347770606724,(x - 5982.44)^2 + (y - 444.06)^2 = 466536.51
2022,1,Bahrain Grand Prix,13.0,Right,126.47753863126803,-2597.3196121470846,853.0837970039576,(x - 126.48)^2 + (y - -2597.32)^2 = 727751.96
2022,2,Saudi Arabian Grand Prix,1.0,Left,-3054.4072398190046,4444.841628959276,346.11711847861176,(x - -3054.41)^2 + (y - 4444.84)^2 = 119797.06
2022,2,Saudi Arabian Grand Prix,2.0,Right,-3266.528852738358,5003.3894502894855,256.3066793713197,(x - -3266.53)^2 + (y - 5003.39)^2 = 65693.11
2022,2,Saudi Arabian Grand Prix,3.0,Left,-4786.988710274633,6320.31249927822,1456.5579461728003,(x - -4786.99)^2 + (y - 6320.31)^2 = 2121561.05
2022,2,Saudi Arabian Grand Prix,4.0,Left,-4046.0704392118314,8927.120392297038,412.2083283678334,(x - -4046.07)^2 + (y - 8927.12)^2 = 169915.71
2022,2,Saudi Arabian Grand Prix,5.0,Right,-3358.860197802102,10388.228036453687,1252.7624453273743,(x - -3358.86)^2 + (y - 10388.23)^2 = 1569413.74
2022,2,Saudi Arabian Grand Prix,6.0,Left,-5502.8991587924065,11694.724109313756,1275.49763761614,(x - -5502.90)^2 + (y - 11694.72)^2 = 1626894.22
2022,2,Saudi Arabian Grand Prix,7.0,Left,-5329.261996247077,11835.687952550785,1112.9205957844158,(x - -5329.26)^2 + (y - 11835.69)^2 = 1238592.25
2022,2,Saudi Arabian Grand Prix,8.0,Right,-3705.329091091435,13606.606797527416,1379.9419802366563,(x - -3705.33)^2 + (y - 13606.61)^2 = 1904239.87
2022,2,Saudi Arabian Grand Prix,9.0,Left,-4718.251068458139,15561.205376516915,821.1360423399934,(x - -4718.25)^2 + (y - 15561.21)^2 = 674264.40
2022,2,Saudi Arabian Grand Prix,10.0,Left,-4341.643843679557,20750.538313704972,799.8895897466738,(x - -4341.64)^2 + (y - 20750.54)^2 = 639823.36
2022,2,Saudi Arabian Grand Prix,11.0,Right,-5850.22996288953,18846.22197878696,1724.2222945137685,(x - -5850.23)^2 + (y - 18846.22)^2 = 2972942.52
2022,2,Saudi Arabian Grand Prix,12.0,Right,-7257.582178781149,18591.41600786893,3161.3669420822594,(x - -7257.58)^2 + (y - 18591.42)^2 = 9994240.94
2022,2,Saudi Arabian Grand Prix,13.0,Left,-2821.9312842070435,16115.560579954381,1907.3313075309047,(x - -2821.93)^2 + (y - 16115.56)^2 = 3637912.72
2022,2,Saudi Arabian Grand Prix,14.0,Right,-5303.051612556769,16129.529326318583,539.110158540891,(x - -5303.05)^2 + (y - 16129.53)^2 = 290639.76
2022,2,Saudi Arabian Grand Prix,15.0,Left,-4848.490048115187,14841.788654284173,926.8912541962443,(x - -4848.49)^2 + (y - 14841.79)^2 = 859127.40
2022,2,Saudi Arabian Grand Prix,16.0,Left,1090.4645686387269,11527.988551410095,6207.162751234756,(x - 1090.46)^2 + (y - 11527.99)^2 = 38528869.42
2022,2,Saudi Arabian Grand Prix,17.0,Right,-7882.348028957798,6577.155227354537,4063.578936431563,(x - -7882.35)^2 + (y - 6577.16)^2 = 16512673.77
2022,2,Saudi Arabian Grand Prix,18.0,Left,-2933.197529499092,5024.827208439825,984.0299433576971,(x - -2933.20)^2 + (y - 5024.83)^2 = 968314.93
2022,2,Saudi Arabian Grand Prix,19.0,Right,-4885.750326187294,3108.5888168936312,1812.5522859984437,(x - -4885.75)^2 + (y - 3108.59)^2 = 3285345.79
2022,2,Saudi Arabian Grand Prix,20.0,Left,-870.3475044550424,-80.50727154907972,3212.740897352686,(x - -870.35)^2 + (y - -80.51)^2 = 10321704.07
2022,2,Saudi Arabian Grand Prix,21.0,Left,-7.36240635629898,-1118.5163135894704,3810.5540113906045,(x - -7.36)^2 + (y - -1118.52)^2 = 14520321.87
2022,2,Saudi Arabian Grand Prix,22.0,Left,-369.8802299226104,-5212.354429992037,416.877624687439,(x - -369.88)^2 + (y - -5212.35)^2 = 173786.95
2022,3,Australian Grand Prix,1.0,Right,-2892.9791067875303,1368.3958655759452,786.5835717861606,(x - -2892.98)^2 + (y - 1368.40)^2 = 618713.72
2022,3,Australian Grand Prix,2.0,Left,-4888.024838229864,2006.2779484216944,1337.5761177537113,(x - -4888.02)^2 + (y - 2006.28)^2 = 1789109.87
2022,3,Australian Grand Prix,3.0,Right,-6823.575795740232,6926.82261201798,401.8811005557847,(x - -6823.58)^2 + (y - 6926.82)^2 = 161508.42
2022,3,Australian Grand Prix,4.0,Left,-6420.480998265033,8004.81927357919,621.496480537006,(x - -6420.48)^2 + (y - 8004.82)^2 = 386257.88
2022,3,Australian Grand Prix,5.0,Right,-4752.847885005724,9235.273341333688,1202.950531702602,(x - -4752.85)^2 + (y - 9235.27)^2 = 1447089.98
2022,3,Australian Grand Prix,6.0,Right,-2268.147564241076,11186.198219121108,659.0711951994396,(x - -2268.15)^2 + (y - 11186.20)^2 = 434374.84
2022,3,Australian Grand Prix,7.0,Left,-861.1189568526856,13146.286187737513,1806.6600831711098,(x - -861.12)^2 + (y - 13146.29)^2 = 3264020.66
2022,3,Australian Grand Prix,8.0,Right,-1149.1955684718007,9128.867334734186,2195.513435560846,(x - -1149.20)^2 + (y - 9128.87)^2 = 4820279.25
2022,3,Australian Grand Prix,9.0,Right,-5662.208907825888,8318.667063685012,6832.020943310442,(x - -5662.21)^2 + (y - 8318.67)^2 = 46676510.17
2022,3,Australian Grand Prix,10.0,Right,-1120.9131340504366,7940.087715173728,2259.4604651706018,(x - -1120.91)^2 + (y - 7940.09)^2 = 5105161.59
2022,3,Australian Grand Prix,11.0,Left,2642.7860513186665,4758.937802581578,2386.132569843945,(x - 2642.79)^2 + (y - 4758.94)^2 = 5693628.64
2022,3,Australian Grand Prix,12.0,Left,3097.5930169857106,1988.740226476139,1196.8048683323525,(x - 3097.59)^2 + (y - 1988.74)^2 = 1432341.89
2022,3,Australian Grand Prix,13.0,Right,3818.147105312701,-93.47944265168228,971.191305433007,(x - 3818.15)^2 + (y - -93.48)^2 = 943212.55
2022,3,Australian Grand Prix,14.0,Right,3255.4484600147125,-3115.0039376375407,3625.0444375814814,(x - 3255.45)^2 + (y - -3115.00)^2 = 13140947.17
2022,3,Australian Grand Prix,15.0,Right,7169.249209367283,-4738.378008752847,343.85848183578895,(x - 7169.25)^2 + (y - -4738.38)^2 = 118238.66
2022,3,Australian Grand Prix,16.0,Right,5272.736470520231,-4629.288433753403,924.5126708128145,(x - 5272.74)^2 + (y - -4629.29)^2 = 854723.68
2022,3,Australian Grand Prix,17.0,Left,3513.840373773954,-4111.802336726365,440.848878501423,(x - 3513.84)^2 + (y - -4111.80)^2 = 194347.73
2022,3,Australian Grand Prix,18.0,Right,2353.3078353811898,-3585.4189850525554,876.8409113761979,(x - 2353.31)^2 + (y - -3585.42)^2 = 768849.98
2022,4,Emilia Romagna Grand Prix,1.0,Left,-9938.049082016028,-2236.393464342103,507.18457388730513,(x - -9938.05)^2 + (y - -2236.39)^2 = 257236.19
2022,4,Emilia Romagna Grand Prix,2.0,Right,-11119.932550700987,-1937.4165936701324,735.1439002425277,(x - -11119.93)^2 + (y - -1937.42)^2 = 540436.55
2022,4,Emilia Romagna Grand Prix,3.0,Left,-10834.116062809624,-3825.511794236848,1036.6719025747332,(x - -10834.12)^2 + (y - -3825.51)^2 = 1074688.63
2022,4,Emilia Romagna Grand Prix,4.0,Left,-12061.302468939613,-7217.6615382060445,1101.717670746831,(x - -12061.30)^2 + (y - -7217.66)^2 = 1213781.83
2022,4,Emilia Romagna Grand Prix,5.0,Right,-13496.064601569347,-7961.612254791728,470.0061738866798,(x - -13496.06)^2 + (y - -7961.61)^2 = 220905.80
2022,4,Emilia Romagna Grand Prix,6.0,Left,-14469.331371940754,-10024.972787228924,410.72977729365994,(x - -14469.33)^2 + (y - -10024.97)^2 = 168698.95
2022,4,Emilia Romagna Grand Prix,7.0,Left,-9156.933336158332,-9428.2427203944,643.5076208470585,(x - -9156.93)^2 + (y - -9428.24)^2 = 414102.06
2022,4,Emilia Romagna Grand Prix,8.0,Left,-10154.265605551553,-8573.617076128752,1921.2587901479649,(x - -10154.27)^2 + (y - -8573.62)^2 = 3691235.34
2022,4,Emilia Romagna Grand Prix,9.0,Right,-7749.665293022468,-6261.009431553311,911.3007897414858,(x - -7749.67)^2 + (y - -6261.01)^2 = 830469.13
2022,4,Emilia Romagna Grand Prix,10.0,Right,-3321.6414497178425,-5647.034348255553,372.6843751973437,(x - -3321.64)^2 + (y - -5647.03)^2 = 138893.64
2022,4,Emilia Romagna Grand Prix,11.0,Left,-2752.0602393139825,-5213.128341278747,351.066499861386,(x - -2752.06)^2 + (y - -5213.13)^2 = 123247.69
2022,4,Emilia Romagna Grand Prix,12.0,Right,2782.7189466458813,-3906.8435631144357,1976.236565082175,(x - 2782.72)^2 + (y - -3906.84)^2 = 3905510.96
2022,4,Emilia Romagna Grand Prix,13.0,Left,2806.401433603378,-1339.4215468394957,390.4364323830339,(x - 2806.40)^2 + (y - -1339.42)^2 = 152440.61
2022,4,Emilia Romagna Grand Prix,14.0,Left,2431.945888446053,-961.3619310809978,608.5887643168315,(x - 2431.95)^2 + (y - -961.36)^2 = 370380.28
2022,4,Emilia Romagna Grand Prix,15.0,Right,-1067.2166215739326,844.749382425597,2431.8253098181185,(x - -1067.22)^2 + (y - 844.75)^2 = 5913774.34
2022,5,Miami Grand Prix,1.0,Right,4687.325237674812,-1912.1088313567052,322.133795410288,(x - 4687.33)^2 + (y - -1912.11)^2 = 103770.18
2022,5,Miami Grand Prix,2.0,Left,5209.779182879377,-2995.2174124513617,801.9342519633102,(x - 5209.78)^2 + (y - -2995.22)^2 = 643098.54
2022,5,Miami Grand Prix,3.0,Right,2855.1960403824887,-2724.853192743738,1612.2759546652408,(x - 2855.20)^2 + (y - -2724.85)^2 = 2599433.75
2022,5,Miami Grand Prix,4.0,Left,-617.6539748921102,-3587.8330182242375,980.8985217122608,(x - -617.65)^2 + (y - -3587.83)^2 = 962161.91
2022,5,Miami Grand Prix,5.0,Right,-1910.561095568992,-2456.623725295551,724.2771023260377,(x - -1910.56)^2 + (y - -2456.62)^2 = 524577.32
2022,5,Miami Grand Prix,6.0,Left,-3502.1960572658945,-3061.890834411947,862.1706610226387,(x - -3502.20)^2 + (y - -3061.89)^2 = 743338.25
2022,5,Miami Grand Prix,7.0,Right,-3344.913189413464,-5432.776995044155,1593.517605396366,(x - -3344.91)^2 + (y - -5432.78)^2 = 2539298.36
2022,5,Miami Grand Prix,8.0,Left,-1811.4599575653954,-2567.9123800905318,1606.2855007440298,(x - -1811.46)^2 + (y - -2567.91)^2 = 2580153.11
2022,5,Miami Grand Prix,9.0,Right,679.9321080620015,-6125.731271526131,2029.4244523870664,(x - 679.93)^2 + (y - -6125.73)^2 = 4118563.61
2022,5,Miami Grand Prix,10.0,Left,4013.9298744257476,1259.123972088814,6063.1053617946845,(x - 4013.93)^2 + (y - 1259.12)^2 = 36761246.63
2022,5,Miami Grand Prix,11.0,Left,3686.6187024747433,1864.1727540720003,6667.589637011603,(x - 3686.62)^2 + (y - 1864.17)^2 = 44456751.57
2022,5,Miami Grand Prix,12.0,Left,9334.026397328727,-2531.549375517216,352.67627004653707,(x - 9334.03)^2 + (y - -2531.55)^2 = 124380.55
2022,5,Miami Grand Prix,13.0,Right,9650.49277166993,-1669.0052987161746,515.3224418292212,(x - 9650.49)^2 + (y - -1669.01)^2 = 265557.22
2022,5,Miami Grand Prix,14.0,Left,9974.398143312404,-660.3539934183968,543.9173822538078,(x - 9974.40)^2 + (y - -660.35)^2 = 295846.12
2022,5,Miami Grand Prix,15.0,Right,10581.526948861801,-263.95477318638314,185.65629636610808,(x - 10581.53)^2 + (y - -263.95)^2 = 34468.26
2022,5,Miami Grand Prix,16.0,Left,10134.01911246536,355.64571603388674,374.023499730609,(x - 10134.02)^2 + (y - 355.65)^2 = 139893.58
2022,5,Miami Grand Prix,17.0,Left,-2279.5356462089812,764.3607139176125,327.13513064622316,(x - -2279.54)^2 + (y - 764.36)^2 = 107017.39
2022,5,Miami Grand Prix,18.0,Left,-1461.511668667389,1379.2451387687584,1212.268411546987,(x - -1461.51)^2 + (y - 1379.25)^2 = 1469594.70
2022,5,Miami Grand Prix,19.0,Right,315.53289427861847,-1480.132708602897,2115.017309009134,(x - 315.53)^2 + (y - -1480.13)^2 = 4473298.22
2022,5,Miami Grand Prix,20.0,Right,1547.4628068554084,-226.94906470611133,464.2048894499995,(x - 1547.46)^2 + (y - -226.95)^2 = 215486.18
2022,6,Spanish Grand Prix,1.0,Right,-3910.205761364614,-6589.8770742033,694.5796075380356,(x - -3910.21)^2 + (y - -6589.88)^2 = 482440.83
2022,6,Spanish Grand Prix,2.0,Left,-4608.139892243515,-7945.615634839785,849.5239747330425,(x - -4608.14)^2 + (y - -7945.62)^2 = 721690.98
2022,6,Spanish Grand Prix,3.0,Right,-6177.116954540047,-6558.018238863278,1176.6746634886722,(x - -6177.12)^2 + (y - -6558.02)^2 = 1384563.26
2022,6,Spanish Grand Prix,4.0,Right,-5296.479650341658,-4014.837804328479,794.5417343548726,(x - -5296.48)^2 + (y - -4014.84)^2 = 631296.57
2022,6,Spanish Grand Prix,5.0,Left,-5378.867936270849,-6125.695419467264,426.5727777950796,(x - -5378.87)^2 + (y - -6125.70)^2 = 181964.33
2022,6,Spanish Grand Prix,6.0,Left,-4931.73432733787,-3916.839410041822,2193.625869929507,(x - -4931.73)^2 + (y - -3916.84)^2 = 4811994.46
2022,6,Spanish Grand Prix,7.0,Left,-3171.9786152384477,-4309.441597861271,518.4169304366764,(x - -3171.98)^2 + (y - -4309.44)^2 = 268756.11
2022,6,Spanish Grand Prix,8.0,Right,-2553.6349279507535,-3056.0014290972686,881.0049962428178,(x - -2553.63)^2 + (y - -3056.00)^2 = 776169.80
2022,6,Spanish Grand Prix,9.0,Right,-2952.075050742614,-1509.029269628532,1140.608062480859,(x - -2952.08)^2 + (y - -1509.03)^2 = 1300986.75
2022,6,Spanish Grand Prix,10.0,Left,140.542391225899,1875.8202539205734,619.4582660016006,(x - 140.54)^2 + (y - 1875.82)^2 = 383728.54
2022,6,Spanish Grand Prix,11.0,Right,-1055.9432461312592,2451.220491972627,601.6007184659211,(x - -1055.94)^2 + (y - 2451.22)^2 = 361923.42
2022,6,Spanish Grand Prix,12.0,Right,-169.93046989940603,3303.1015663313533,419.7632046035579,(x - -169.93)^2 + (y - 3303.10)^2 = 176201.15
2022,6,Spanish Grand Prix,13.0,Left,865.94017063524,3302.3687271841577,224.60390528618066,(x - 865.94)^2 + (y - 3302.37)^2 = 50446.91
2022,6,Spanish Grand Prix,14.0,Right,1304.5335583604076,3058.684326387901,239.21961764230412,(x - 1304.53)^2 + (y - 3058.68)^2 = 57226.03
2022,6,Spanish Grand Prix,15.0,Right,1253.7586091522012,2102.1531307795985,1046.7110832648946,(x - 1253.76)^2 + (y - 2102.15)^2 = 1095604.09
2022,7,Monaco Grand Prix,1.0,Right,-7073.6375897506905,-5003.002038952289,405.79212621494605,(x - -7073.64)^2 + (y - -5003.00)^2 = 164667.25
2022,7,Monaco Grand Prix,2.0,Left,-5157.273796355308,-2174.9241851743955,2048.9764918816113,(x - -5157.27)^2 + (y - -2174.92)^2 = 4198304.66
2022,7,Monaco Grand Prix,3.0,Right,-3199.618296464244,-5784.362776220533,2063.9326150985553,(x - -3199.62)^2 + (y - -5784.36)^2 = 4259817.84
2022,7,Monaco Grand Prix,4.0,Left,-3023.4927813322656,-2890.1873312051957,774.1206671151109,(x - -3023.49)^2 + (y - -2890.19)^2 = 599262.81
2022,7,Monaco Grand Prix,5.0,Right,-2122.048933038999,-1884.9356144223693,604.8300102879723,(x - -2122.05)^2 + (y - -1884.94)^2 = 365819.34
2022,7,Monaco Grand Prix,6.0,Right,-1435.2737312703985,-425.8069222414246,218.78098619667654,(x - -1435.27)^2 + (y - -425.81)^2 = 47865.12
2022,7,Monaco Grand Prix,7.0,Left,-962.1117709545221,-968.233391269168,254.52173233709658,(x - -962.11)^2 + (y - -968.23)^2 = 64781.31
2022,7,Monaco Grand Prix,8.0,Right,-578.3906818601881,-614.6019133613643,387.21104664925525,(x - -578.39)^2 + (y - -614.60)^2 = 149932.39
2022,7,Monaco Grand Prix,9.0,Right,-2088.8981612426564,-1354.529647347238,1820.615599557067,(x - -2088.90)^2 + (y - -1354.53)^2 = 3314641.16
2022,7,Monaco Grand Prix,10.0,Right,-2082.6720261626688,-2104.20909421867,1544.9230020773396,(x - -2082.67)^2 + (y - -2104.21)^2 = 2386787.08
2022,7,Monaco Grand Prix,11.0,Right,-3864.9913253216605,-1354.053011923191,2982.7532036697735,(x - -3864.99)^2 + (y - -1354.05)^2 = 8896816.67
2022,7,Monaco Grand Prix,12.0,Left,-3989.9355170561867,-4601.168454264557,234.93279630319202,(x - -3989.94)^2 + (y - -4601.17)^2 = 55193.42
2022,7,Monaco Grand Prix,13.0,Right,-4441.498597365389,-4377.629081279481,280.3993253251435,(x - -4441.50)^2 + (y - -4377.63)^2 = 78623.78
2022,7,Monaco Grand Prix,14.0,Left,-4753.859939738255,-5296.174699266206,697.2575513754239,(x - -4753.86)^2 + (y - -5296.17)^2 = 486168.09
2022,7,Monaco Grand Prix,15.0,Left,-6019.85589963227,-5872.1173305464445,1195.1799352944797,(x - -6019.86)^2 + (y - -5872.12)^2 = 1428455.08
2022,7,Monaco Grand Prix,16.0,Right,-6966.321342148065,-7840.387730768936,218.39346602692675,(x - -6966.32)^2 + (y - -7840.39)^2 = 47695.71
2022,7,Monaco Grand Prix,17.0,Left,-5538.309373356951,-8128.952462982299,1339.2620887900232,(x - -5538.31)^2 + (y - -8128.95)^2 = 1793622.94
2022,7,Monaco Grand Prix,18.0,Right,-6415.758497919328,-9375.127620571688,414.11431250082245,(x - -6415.76)^2 + (y - -9375.13)^2 = 171490.66
2022,7,Monaco Grand Prix,19.0,Left,-8059.133834931254,-9805.44506611691,1296.6787853210183,(x - -8059.13)^2 + (y - -9805.45)^2 = 1681375.87
2022,7,Monaco Grand Prix,20.0,Right,-5733.813103280191,-8069.373946220565,1609.5201422232253,(x - -5733.81)^2 + (y - -8069.37)^2 = 2590555.09
2022,8,Azerbaijan Grand Prix,1.0,Left,3271.1794415947384,822.8566921832747,466.6411427211917,(x - 3271.18)^2 + (y - 822.86)^2 = 217753.96
2022,8,Azerbaijan Grand Prix,2.0,Left,2307.2572647326842,3423.4488708921613,275.07987085334037,(x - 2307.26)^2 + (y - 3423.45)^2 = 75668.94
2022,8,Azerbaijan Grand Prix,3.0,Left,-5324.7042136956015,253.9681531154032,265.40225925660553,(x - -5324.70)^2 + (y - 253.97)^2 = 70438.36
2022,8,Azerbaijan Grand Prix,4.0,Right,-5158.921357508106,-1616.1740821735084,309.91295294697295,(x - -5158.92)^2 + (y - -1616.17)^2 = 96046.04
2022,8,Azerbaijan Grand Prix,5.0,Left,-7351.1944977677595,-3468.668631604838,392.2782492649077,(x - -7351.19)^2 + (y - -3468.67)^2 = 153882.22
2022,8,Azerbaijan Grand Prix,6.0,Right,-7859.2570365703305,-3864.2270819818013,248.41415359232656,(x - -7859.26)^2 + (y - -3864.23)^2 = 61709.59
2022,8,Azerbaijan Grand Prix,7.0,Right,-10708.08341733767,-6007.250896123539,233.2222064144214,(x - -10708.08)^2 + (y - -6007.25)^2 = 54392.60
2022,8,Azerbaijan Grand Prix,8.0,Left,-12022.231583917166,-5071.508791159906,890.5657454959215,(x - -12022.23)^2 + (y - -5071.51)^2 = 793107.35
2022,8,Azerbaijan Grand Prix,9.0,Right,-12220.38026799927,-3838.4954986218563,327.5047221441208,(x - -12220.38)^2 + (y - -3838.50)^2 = 107259.34
2022,8,Azerbaijan Grand Prix,10.0,Left,-12997.888021673583,-4342.912510330335,773.3133161245195,(x - -12997.89)^2 + (y - -4342.91)^2 = 598013.48
2022,8,Azerbaijan Grand Prix,11.0,Left,-15311.427976287483,-6030.973578063885,1214.2291719356308,(x - -15311.43)^2 + (y - -6030.97)^2 = 1474352.48
2022,8,Azerbaijan Grand Prix,12.0,Left,-14497.858492505047,-7539.924791445462,2411.2019682955256,(x - -14497.86)^2 + (y - -7539.92)^2 = 5813894.93
2022,8,Azerbaijan Grand Prix,13.0,Left,-16659.99078780178,-9462.704574332909,209.0161629094192,(x - -16659.99)^2 + (y - -9462.70)^2 = 43687.76
2022,8,Azerbaijan Grand Prix,14.0,Left,-13831.563224660647,-10750.763480619178,397.1820347567346,(x - -13831.56)^2 + (y - -10750.76)^2 = 157753.57
2022,8,Azerbaijan Grand Prix,15.0,Left,-12161.151834440534,-6975.660406265757,1396.373827516717,(x - -12161.15)^2 + (y - -6975.66)^2 = 1949859.87
2022,8,Azerbaijan Grand Prix,16.0,Right,-9679.590704964325,-6872.793129766772,1006.2458687887492,(x - -9679.59)^2 + (y - -6872.79)^2 = 1012530.75
2022,8,Azerbaijan Grand Prix,17.0,Right,-6373.640013877008,-6772.292212294687,2919.8911282337904,(x - -6373.64)^2 + (y - -6772.29)^2 = 8525764.20
2022,9,Canadian Grand Prix,1.0,Left,3957.261960585597,-1094.6563215803899,675.2168843306707,(x - 3957.26)^2 + (y - -1094.66)^2 = 455917.84
2022,9,Canadian Grand Prix,2.0,Right,3571.1346823862827,-1966.9793095858531,302.6911014103883,(x - 3571.13)^2 + (y - -1966.98)^2 = 91621.90
2022,9,Canadian Grand Prix,3.0,Right,3408.823370060295,-847.3605754264204,1422.5263876074168,(x - 3408.82)^2 + (y - -847.36)^2 = 2023581.32
2022,9,Canadian Grand Prix,4.0,Right,1319.8108396034056,-476.8842734637451,581.9734368848872,(x - 1319.81)^2 + (y - -476.88)^2 = 338693.08
2022,9,Canadian Grand Prix,5.0,Left,48.15230479588989,-233.02971526393503,723.146257916909,(x - 48.15)^2 + (y - -233.03)^2 = 522940.51
2022,9,Canadian Grand Prix,6.0,Right,670.7767576089519,2450.819691894616,1613.4669794537929,(x - 670.78)^2 + (y - 2450.82)^2 = 2603275.69
2022,9,Canadian Grand Prix,7.0,Left,-1346.8892068847358,3524.329593091916,456.0570571799386,(x - -1346.89)^2 + (y - 3524.33)^2 = 207988.04
2022,9,Canadian Grand Prix,8.0,Right,-1481.5609089190564,4750.340889622345,777.3614198908151,(x - -1481.56)^2 + (y - 4750.34)^2 = 604290.78
2022,9,Canadian Grand Prix,9.0,Right,-1594.7617263186462,10209.718719092316,377.0877420722471,(x - -1594.76)^2 + (y - 10209.72)^2 = 142195.17
2022,9,Canadian Grand Prix,10.0,Left,-1851.323622089394,11367.84450140139,817.4834235376959,(x - -1851.32)^2 + (y - 11367.84)^2 = 668279.15
2022,9,Canadian Grand Prix,11.0,Right,-680.1318851452452,16541.164014095066,216.36577076698413,(x - -680.13)^2 + (y - 16541.16)^2 = 46814.15
2022,9,Canadian Grand Prix,12.0,Left,1541.8619655207845,16133.63208664337,1940.3766213728707,(x - 1541.86)^2 + (y - 16133.63)^2 = 3765061.43
2022,9,Canadian Grand Prix,13.0,Right,2064.560041481728,5588.83643729404,541.7035811405739,(x - 2064.56)^2 + (y - 5588.84)^2 = 293442.77
2022,9,Canadian Grand Prix,14.0,Left,3355.223739688738,4877.884409718543,963.1983375738539,(x - 3355.22)^2 + (y - 4877.88)^2 = 927751.04
2022,10,British Grand Prix,1.0,Right,1446.6943707413238,3028.574113842256,1510.0735264071252,(x - 1446.69)^2 + (y - 3028.57)^2 = 2280322.06
2022,10,British Grand Prix,2.0,Left,2445.5226008265795,6208.204742402572,1770.0213705041997,(x - 2445.52)^2 + (y - 6208.20)^2 = 3132975.65
2022,10,British Grand Prix,3.0,Right,4910.81708958623,5432.7972331115525,467.35815062753977,(x - 4910.82)^2 + (y - 5432.80)^2 = 218423.64
2022,10,British Grand Prix,4.0,Left,5742.384882843175,5055.350307452154,326.60625757800386,(x - 5742.38)^2 + (y - 5055.35)^2 = 106671.65
2022,10,British Grand Prix,5.0,Left,4444.2164840326805,5872.911491188793,1867.5103075820891,(x - 4444.22)^2 + (y - 5872.91)^2 = 3487594.75
2022,10,British Grand Prix,6.0,Left,4734.8132034952605,5913.834993335308,1596.8487254581155,(x - 4734.81)^2 + (y - 5913.83)^2 = 2549925.85
2022,10,British Grand Prix,7.0,Left,968.3271107561307,10219.443334987405,778.9818951733781,(x - 968.33)^2 + (y - 10219.44)^2 = 606812.79
2022,10,British Grand Prix,8.0,Right,-318.3164610178042,9944.478233451748,493.37380117223205,(x - -318.32)^2 + (y - 9944.48)^2 = 243417.71
2022,10,British Grand Prix,9.0,Right,494.49506838309753,10091.910786553142,1263.2372959356085,(x - 494.50)^2 + (y - 10091.91)^2 = 1595768.47
2022,10,British Grand Prix,10.0,Right,1897.9306889055115,10383.530853981772,2279.212347176933,(x - 1897.93)^2 + (y - 10383.53)^2 = 5194808.92
2022,10,British Grand Prix,11.0,Right,5179.83913911737,11574.062600831374,1542.6260914427357,(x - 5179.84)^2 + (y - 11574.06)^2 = 2379695.26
2022,10,British Grand Prix,12.0,Right,6081.728693446933,6892.2505163852375,1452.4466104407222,(x - 6081.73)^2 + (y - 6892.25)^2 = 2109601.16
2022,10,British Grand Prix,13.0,Left,8757.311924416494,5658.442293858306,1427.4952907640431,(x - 8757.31)^2 + (y - 5658.44)^2 = 2037742.81
2022,10,British Grand Prix,14.0,Right,6753.867357257892,4287.697015753441,1016.9243240716733,(x - 6753.87)^2 + (y - 4287.70)^2 = 1034135.08
2022,10,British Grand Prix,15.0,Left,8431.958577597912,1208.987467918326,2522.598862246801,(x - 8431.96)^2 + (y - 1208.99)^2 = 6363505.02
2022,10,British Grand Prix,16.0,Right,2258.709177416103,-3040.302946584702,1074.3796916366623,(x - 2258.71)^2 + (y - -3040.30)^2 = 1154291.72
2022,10,British Grand Prix,17.0,Left,-882.3799560522176,-1400.97904868268,491.68704178665655,(x - -882.38)^2 + (y - -1400.98)^2 = 241756.15
2022,10,British Grand Prix,18.0,Right,-1522.3347525780646,-572.9697787702394,566.4374266655781,(x - -1522.33)^2 + (y - -572.97)^2 = 320851.36
2022,10,British Grand Prix,19.0,Right,-895.5457114888632,-12.532826047813836,1416.8746566732925,(x - -895.55)^2 + (y - -12.53)^2 = 2007533.79
2022,11,Austrian Grand Prix,1.0,Right,-2848.854437396071,-1668.1364476196343,582.9881205951987,(x - -2848.85)^2 + (y - -1668.14)^2 = 339875.15
2022,11,Austrian Grand Prix,2.0,Right,-7980.05456507204,5351.012711163684,253.28705564961334,(x - -7980.05)^2 + (y - 5351.01)^2 = 64154.33
2022,11,Austrian Grand Prix,3.0,Right,-1433.4242137369145,4221.497335973983,1067.4439879668762,(x - -1433.42)^2 + (y - 4221.50)^2 = 1139436.67
2022,11,Austrian Grand Prix,4.0,Left,-3920.2218937789667,2741.830297654382,915.5143550557366,(x - -3920.22)^2 + (y - 2741.83)^2 = 838166.53
2022,11,Austrian Grand Prix,5.0,Left,-3312.2217048896296,1652.3974962407349,811.8727991257979,(x - -3312.22)^2 + (y - 1652.40)^2 = 659137.44
2022,11,Austrian Grand Prix,6.0,Right,-1107.5794945764683,512.5637448118631,1525.7812646490815,(x - -1107.58)^2 + (y - 512.56)^2 = 2328008.47
2022,11,Austrian Grand Prix,7.0,Right,2961.8903434327217,1020.7530255880828,1093.1160992692858,(x - 2961.89)^2 + (y - 1020.75)^2 = 1194902.81
2022,11,Austrian Grand Prix,8.0,Right,3485.2677128133346,264.59045128142895,752.2672929653999,(x - 3485.27)^2 + (y - 264.59)^2 = 565906.08
2022,12,French Grand Prix,1.0,Left,-3910.556259503664,-37.18356657042424,978.2022768779931,(x - -3910.56)^2 + (y - -37.18)^2 = 956879.69
2022,12,French Grand Prix,2.0,Right,-5125.399422886276,1553.6167621379786,1021.5758476495811,(x - -5125.40)^2 + (y - 1553.62)^2 = 1043617.21
2022,12,French Grand Prix,3.0,Right,-9081.850351588106,3551.983731601216,715.6817952906677,(x - -9081.85)^2 + (y - 3551.98)^2 = 512200.43
2022,12,French Grand Prix,4.0,Left,-10326.265269519163,3651.711117479485,530.1575306277557,(x - -10326.27)^2 + (y - 3651.71)^2 = 281067.01
2022,12,French Grand Prix,5.0,Right,-10847.02422748671,4340.275603058983,225.66849255343547,(x - -10847.02)^2 + (y - 4340.28)^2 = 50926.27
2022,12,French Grand Prix,6.0,Right,-10245.586937643211,4435.553354002811,841.9903091879304,(x - -10245.59)^2 + (y - 4435.55)^2 = 708947.68
2022,12,French Grand Prix,7.0,Left,-8118.1038587356925,4690.127543605792,1209.4134956673877,(x - -8118.10)^2 + (y - 4690.13)^2 = 1462681.00
2022,12,French Grand Prix,8.0,Left,982.6423464370217,987.4136719279918,623.7098068406743,(x - 982.64)^2 + (y - 987.41)^2 = 389013.92
2022,12,French Grand Prix,9.0,Right,1817.7291703059532,363.33090803919106,409.310878061371,(x - 1817.73)^2 + (y - 363.33)^2 = 167535.39
2022,12,French Grand Prix,10.0,Left,3287.470588235294,1232.2058823529412,1284.0855864203893,(x - 3287.47)^2 + (y - 1232.21)^2 = 1648875.79
2022,12,French Grand Prix,11.0,Right,8035.911486565445,-3954.053147300741,1915.750314177118,(x - 8035.91)^2 + (y - -3954.05)^2 = 3670099.27
2022,12,French Grand Prix,12.0,Right,9101.509926160741,-6061.102511460482,940.89274168333,(x - 9101.51)^2 + (y - -6061.10)^2 = 885279.15
2022,12,French Grand Prix,13.0,Left,8679.45838776939,-4223.743433954822,694.0153312984035,(x - 8679.46)^2 + (y - -4223.74)^2 = 481657.28
2022,12,French Grand Prix,14.0,Left,7178.98161382635,-1420.2107552050054,2485.4291816985433,(x - 7178.98)^2 + (y - -1420.21)^2 = 6177358.22
2022,12,French Grand Prix,15.0,Right,7082.355233837187,-1050.1714161455798,2867.677639848479,(x - 7082.36)^2 + (y - -1050.17)^2 = 8223575.05
2022,12,French Grand Prix,16.0,Right,6845.368907435869,-2457.1202489234893,1492.0057026578395,(x - 6845.37)^2 + (y - -2457.12)^2 = 2226081.02
2022,12,French Grand Prix,17.0,Left,4687.2243695742045,-3713.0008710801394,758.2403176731001,(x - 4687.22)^2 + (y - -3713.00)^2 = 574928.38
2022,12,French Grand Prix,18.0,Right,3714.904872016729,-4049.5300288866765,270.2054170267872,(x - 3714.90)^2 + (y - -4049.53)^2 = 73010.97
2022,13,Hungarian Grand Prix,1.0,Right,-5665.742786123918,3797.0544033630426,434.25051615288095,(x - -5665.74)^2 + (y - 3797.05)^2 = 188573.51
2022,13,Hungarian Grand Prix,2.0,Right,-5836.050597976081,1104.8739650413984,3090.135175222867,(x - -5836.05)^2 + (y - 1104.87)^2 = 9548935.40
2022,13,Hungarian Grand Prix,3.0,Left,-2099.960193610463,2716.256634398256,551.605172523599,(x - -2099.96)^2 + (y - 2716.26)^2 = 304268.27
2022,13,Hungarian Grand Prix,4.0,Right,-941.6254161505096,4007.6149256130734,1144.502777598631,(x - -941.63)^2 + (y - 4007.61)^2 = 1309886.61
2022,13,Hungarian Grand Prix,5.0,Left,-896.8893993716362,8423.81836403981,1086.8550988034744,(x - -896.89)^2 + (y - 8423.82)^2 = 1181254.01
2022,13,Hungarian Grand Prix,6.0,Right,593.1881479078961,9827.347067869618,788.448858224948,(x - 593.19)^2 + (y - 9827.35)^2 = 621651.60
2022,13,Hungarian Grand Prix,7.0,Right,1956.2833058386045,8707.028308371428,445.2109049827967,(x - 1956.28)^2 + (y - 8707.03)^2 = 198212.75
2022,13,Hungarian Grand Prix,8.0,Left,3189.768425135764,8141.264934057409,943.98596802897,(x - 3189.77)^2 + (y - 8141.26)^2 = 891109.51
2022,13,Hungarian Grand Prix,9.0,Left,3185.8792700762947,7297.017080305179,721.7044462469154,(x - 3185.88)^2 + (y - 7297.02)^2 = 520857.31
2022,13,Hungarian Grand Prix,10.0,Right,3341.7528965038264,5841.964383740195,726.7049037822616,(x - 3341.75)^2 + (y - 5841.96)^2 = 528100.02
2022,13,Hungarian Grand Prix,11.0,Left,5458.199011157527,4653.105044682989,1638.1196545507419,(x - 5458.20)^2 + (y - 4653.11)^2 = 2683436.00
2022,13,Hungarian Grand Prix,12.0,Right,3556.0606067798294,2799.4683700793253,996.8128039444845,(x - 3556.06)^2 + (y - 2799.47)^2 = 993635.77
2022,13,Hungarian Grand Prix,13.0,Right,1823.0362115174064,103.17681739454932,406.23545792112185,(x - 1823.04)^2 + (y - 103.18)^2 = 165027.25
2022,13,Hungarian Grand Prix,14.0,Left,228.37960381281565,700.6006411351833,485.0540089544547,(x - 228.38)^2 + (y - 700.60)^2 = 235277.39
2022,13,Hungarian Grand Prix,15.0,Right,321.0979127954149,-857.4451402939708,707.007052831975,(x - 321.10)^2 + (y - -857.45)^2 = 499858.97
2022,14,Belgian Grand Prix,1.0,Right,-2054.3084293559277,4296.321713634231,280.73578692045294,(x - -2054.31)^2 + (y - 4296.32)^2 = 78812.58
2022,14,Belgian Grand Prix,2.0,Left,3711.574571409947,1740.9483410468679,1422.9962328014785,(x - 3711.57)^2 + (y - 1740.95)^2 = 2024918.28
2022,14,Belgian Grand Prix,3.0,Right,2326.651684468546,-982.261398188627,1671.3514976054478,(x - 2326.65)^2 + (y - -982.26)^2 = 2793415.83
2022,14,Belgian Grand Prix,4.0,Left,5574.957290050226,-612.9331030430162,1618.8976544635127,(x - 5574.96)^2 + (y - -612.93)^2 = 2620829.62
2022,14,Belgian Grand Prix,5.0,Right,7666.022415812725,-11345.169129968157,655.7029070202,(x - 7666.02)^2 + (y - -11345.17)^2 = 429946.30
2022,14,Belgian Grand Prix,6.0,Left,8502.163459732388,-12445.544228200277,716.7994671532866,(x - 8502.16)^2 + (y - -12445.54)^2 = 513801.48
2022,14,Belgian Grand Prix,7.0,Right,7103.098498984117,-13400.891846574123,934.1827973930717,(x - 7103.10)^2 + (y - -13400.89)^2 = 872697.50
2022,14,Belgian Grand Prix,8.0,Right,5227.636736970836,-15189.989265444407,564.9170490704078,(x - 5227.64)^2 + (y - -15189.99)^2 = 319131.27
2022,14,Belgian Grand Prix,9.0,Left,5315.166529757411,-13649.146233008014,826.9175989422315,(x - 5315.17)^2 + (y - -13649.15)^2 = 683792.72
2022,14,Belgian Grand Prix,10.0,Left,3827.7238891823713,-9702.713883275315,1160.7466670512224,(x - 3827.72)^2 + (y - -9702.71)^2 = 1347332.83
2022,14,Belgian Grand Prix,11.0,Left,3662.260042986323,-10361.79175206996,1837.0892000222493,(x - 3662.26)^2 + (y - -10361.79)^2 = 3374896.73
2022,14,Belgian Grand Prix,12.0,Right,288.1299919503615,-12155.300639608424,809.0917815736784,(x - 288.13)^2 + (y - -12155.30)^2 = 654629.51
2022,14,Belgian Grand Prix,13.0,Left,-611.4203483033501,-13690.928568310936,1007.7877720350147,(x - -611.42)^2 + (y - -13690.93)^2 = 1015636.19
2022,14,Belgian Grand Prix,14.0,Right,-2766.7366599960155,-14223.848395167044,671.9618085894352,(x - -2766.74)^2 + (y - -14223.85)^2 = 451532.67
2022,14,Belgian Grand Prix,15.0,Right,-2669.142288413868,-13092.166815146335,1679.4322400016488,(x - -2669.14)^2 + (y - -13092.17)^2 = 2820492.65
2022,14,Belgian Grand Prix,16.0,Left,-1930.5142454505847,-6601.372462943666,2904.5163681580757,(x - -1930.51)^2 + (y - -6601.37)^2 = 8436215.33
2022,14,Belgian Grand Prix,17.0,Left,-557.3169369956802,-5902.817629798679,1900.153505569377,(x - -557.32)^2 + (y - -5902.82)^2 = 3610583.34
2022,14,Belgian Grand Prix,18.0,Right,264.7626845044597,-854.0994084160577,305.37823931557165,(x - 264.76)^2 + (y - -854.10)^2 = 93255.87
2022,14,Belgian Grand Prix,19.0,Left,254.71958355379874,-269.3337483270565,300.2507106093651,(x - 254.72)^2 + (y - -269.33)^2 = 90150.49
2022,15,Dutch Grand Prix,1.0,Right,1914.4822670547255,6231.347875179773,467.15893492114924,(x - 1914.48)^2 + (y - 6231.35)^2 = 218237.47
2022,15,Dutch Grand Prix,2.0,Left,3392.5656829967515,4483.328486668036,1624.9753723430229,(x - 3392.57)^2 + (y - 4483.33)^2 = 2640544.96
2022,15,Dutch Grand Prix,3.0,Right,1185.5999617458815,4067.7809981755345,618.4303664162943,(x - 1185.60)^2 + (y - 4067.78)^2 = 382456.12
2022,15,Dutch Grand Prix,4.0,Left,1034.4820147464668,2952.173179252767,395.12387981449416,(x - 1034.48)^2 + (y - 2952.17)^2 = 156122.88
2022,15,Dutch Grand Prix,5.0,Right,2898.9151740810466,398.0658546058126,2640.67977001713,(x - 2898.92)^2 + (y - 398.07)^2 = 6973189.65
2022,15,Dutch Grand Prix,6.0,Left,4375.324436505775,4396.188649315957,1546.729951727633,(x - 4375.32)^2 + (y - 4396.19)^2 = 2392373.54
2022,15,Dutch Grand Prix,7.0,Right,6563.284239354698,1908.091665118808,1706.1578069614425,(x - 6563.28)^2 + (y - 1908.09)^2 = 2910974.46
2022,15,Dutch Grand Prix,8.0,Right,7663.189592509212,2564.4980056373133,1043.5453298701918,(x - 7663.19)^2 + (y - 2564.50)^2 = 1088986.86
2022,15,Dutch Grand Prix,9.0,Right,7043.451876071174,177.08830288737994,1483.4211446719462,(x - 7043.45)^2 + (y - 177.09)^2 = 2200538.29
2022,15,Dutch Grand Prix,10.0,Left,6433.017386915501,613.7366197678662,806.8843479416774,(x - 6433.02)^2 + (y - 613.74)^2 = 651062.35
2022,15,Dutch Grand Prix,11.0,Left,6930.21843405936,2043.166484299293,522.3361272134367,(x - 6930.22)^2 + (y - 2043.17)^2 = 272835.03
2022,15,Dutch Grand Prix,12.0,Right,2095.305932419131,1822.859028324137,277.9096841422945,(x - 2095.31)^2 + (y - 1822.86)^2 = 77233.79
2022,15,Dutch Grand Prix,13.0,Left,1575.572202166065,1418.1425992779784,384.3816184682859,(x - 1575.57)^2 + (y - 1418.14)^2 = 147749.23
2022,15,Dutch Grand Prix,14.0,Right,1024.1417417328475,-1034.5969405422143,584.4021196144616,(x - 1024.14)^2 + (y - -1034.60)^2 = 341525.84
2022,15,Dutch Grand Prix,15.0,Right,281.41375247462537,-285.4214750116564,1270.1901727677273,(x - 281.41)^2 + (y - -285.42)^2 = 1613383.07
2022,16,Italian Grand Prix,1.0,Right,-295.4034650519784,7994.065630126182,323.08100331874647,(x - -295.40)^2 + (y - 7994.07)^2 = 104381.33
2022,16,Italian Grand Prix,2.0,Left,-393.60579756082427,8571.531945890642,264.23896262164385,(x - -393.61)^2 + (y - 8571.53)^2 = 69822.23
2022,16,Italian Grand Prix,3.0,Right,2961.4145788718265,10834.284752304748,3403.667373783976,(x - 2961.41)^2 + (y - 10834.28)^2 = 11584951.59
2022,16,Italian Grand Prix,4.0,Left,6460.883971558634,15035.28098311622,529.5649113152158,(x - 6460.88)^2 + (y - 15035.28)^2 = 280439.00
2022,16,Italian Grand Prix,5.0,Right,7551.478701077357,14359.619950058595,778.7600387016967,(x - 7551.48)^2 + (y - 14359.62)^2 = 606467.20
2022,16,Italian Grand Prix,6.0,Right,10026.37331478467,14993.34104595339,893.6661499770752,(x - 10026.37)^2 + (y - 14993.34)^2 = 798639.19
2022,16,Italian Grand Prix,7.0,Right,10300.49442621399,13034.423761941322,773.233947212818,(x - 10300.49)^2 + (y - 13034.42)^2 = 597890.74
2022,16,Italian Grand Prix,8.0,Left,3196.812485165869,5994.2802399311595,654.4740109299962,(x - 3196.81)^2 + (y - 5994.28)^2 = 428336.23
2022,16,Italian Grand Prix,9.0,Right,1153.6412534072626,5716.655014656289,1393.744699405713,(x - 1153.64)^2 + (y - 5716.66)^2 = 1942524.29
2022,16,Italian Grand Prix,10.0,Left,3121.9572197055027,3814.9704981105997,1378.0899679128477,(x - 3121.96)^2 + (y - 3814.97)^2 = 1899131.96
2022,16,Italian Grand Prix,11.0,Right,-241.98514556555125,-4644.608635244228,1170.9097319200323,(x - -241.99)^2 + (y - -4644.61)^2 = 1371029.60
2022,17,Singapore Grand Prix,1.0,Left,2.597325687151301,3094.7923052624274,573.4083219063117,(x - 2.60)^2 + (y - 3094.79)^2 = 328797.10
2022,17,Singapore Grand Prix,2.0,Right,211.6057838109449,4527.449023165943,879.57234026791,(x - 211.61)^2 + (y - 4527.45)^2 = 773647.50
2022,17,Singapore Grand Prix,3.0,Left,-762.0519688526566,3728.0961217969034,352.1761314536551,(x - -762.05)^2 + (y - 3728.10)^2 = 124028.03
2022,17,Singapore Grand Prix,4.0,Right,-1068.2570799737462,878.2602963314362,690.4467507058174,(x - -1068.26)^2 + (y - 878.26)^2 = 476716.72
2022,17,Singapore Grand Prix,5.0,Right,-4504.6196789951155,3035.8862526168878,2623.012424791607,(x - -4504.62)^2 + (y - 3035.89)^2 = 6880194.18
2022,17,Singapore Grand Prix,6.0,Left,-8190.606164997958,1570.8273908333551,582.5423005101355,(x - -8190.61)^2 + (y - 1570.83)^2 = 339355.53
2022,17,Singapore Grand Prix,7.0,Right,-9544.515473887814,767.4690522243714,242.23708800778226,(x - -9544.52)^2 + (y - 767.47)^2 = 58678.81
2022,17,Singapore Grand Prix,8.0,Left,-10907.855382264983,1064.8663818136356,595.362630221112,(x - -10907.86)^2 + (y - 1064.87)^2 = 354456.66
2022,17,Singapore Grand Prix,9.0,Left,-12397.111475684109,-1953.1053795001865,783.6579838489723,(x - -12397.11)^2 + (y - -1953.11)^2 = 614119.84
2022,17,Singapore Grand Prix,10.0,Right,-12600.055966460775,-3107.6954563770087,399.3618129342162,(x - -12600.06)^2 + (y - -3107.70)^2 = 159489.86
2022,17,Singapore Grand Prix,11.0,Left,-11560.168761369274,-3347.735157929552,590.023979237289,(x - -11560.17)^2 + (y - -3347.74)^2 = 348128.30
2022,17,Singapore Grand Prix,12.0,Right,-12726.438303961355,-5618.811611238425,1913.7441275463998,(x - -12726.44)^2 + (y - -5618.81)^2 = 3662416.59
2022,17,Singapore Grand Prix,13.0,Left,-10798.25803366187,-4674.584940913875,218.64462607246597,(x - -10798.26)^2 + (y - -4674.58)^2 = 47805.47
2022,17,Singapore Grand Prix,14.0,Right,-9229.267944174608,-166.86173925056775,300.24654272618,(x - -9229.27)^2 + (y - -166.86)^2 = 90147.99
2022,17,Singapore Grand Prix,15.0,Left,-6638.2502669512705,435.95818940187684,1860.4338587747848,(x - -6638.25)^2 + (y - 435.96)^2 = 3461214.14
2022,17,Singapore Grand Prix,16.0,Right,-6681.444647206284,-1784.1745629221489,354.51461479159644,(x - -6681.44)^2 + (y - -1784.17)^2 = 125680.61
2022,17,Singapore Grand Prix,17.0,Left,-5674.621197360001,-1845.0484111292587,657.2154434513169,(x - -5674.62)^2 + (y - -1845.05)^2 = 431932.14
2022,17,Singapore Grand Prix,18.0,Left,-4361.868097329717,-2218.1615780961038,349.5100169333404,(x - -4361.87)^2 + (y - -2218.16)^2 = 122157.25
2022,17,Singapore Grand Prix,19.0,Right,-3526.480322967293,-2006.226228695259,410.9549793396435,(x - -3526.48)^2 + (y - -2006.23)^2 = 168884.00
2022,17,Singapore Grand Prix,20.0,Right,-2800.938063987454,-1984.06817704793,343.7545332393375,(x - -2800.94)^2 + (y - -1984.07)^2 = 118167.18
2022,17,Singapore Grand Prix,21.0,Left,-1691.0528555780256,-1855.5440090816533,745.1389795091224,(x - -1691.05)^2 + (y - -1855.54)^2 = 555232.10
2022,17,Singapore Grand Prix,22.0,Left,29.97662822704058,-1463.6489076315738,1216.214247193466,(x - 29.98)^2 + (y - -1463.65)^2 = 1479177.10
2022,18,Japanese Grand Prix,1.0,Right,5335.256604714713,-6409.572254768139,853.134396782575,(x - 5335.26)^2 + (y - -6409.57)^2 = 727838.30
2022,18,Japanese Grand Prix,2.0,Left,3123.1787504752233,-6587.385716202511,1181.1525298404715,(x - 3123.18)^2 + (y - -6587.39)^2 = 1395121.30
2022,18,Japanese Grand Prix,3.0,Right,3136.304121385009,-4586.794200804455,843.620854413005,(x - 3136.30)^2 + (y - -4586.79)^2 = 711696.15
2022,18,Japanese Grand Prix,4.0,Left,1293.081993470693,-4644.085374607049,963.6801548414004,(x - 1293.08)^2 + (y - -4644.09)^2 = 928679.44
2022,18,Japanese Grand Prix,5.0,Right,1050.4355440082102,-2756.27449711242,933.5377287419091,(x - 1050.44)^2 + (y - -2756.27)^2 = 871492.69
2022,18,Japanese Grand Prix,6.0,Left,-1364.2403676556253,-2575.8186112552767,1913.4487476239456,(x - -1364.24)^2 + (y - -2575.82)^2 = 3661286.11
2022,18,Japanese Grand Prix,7.0,Right,-4238.607301594915,-2139.226001989193,623.877130100584,(x - -4238.61)^2 + (y - -2139.23)^2 = 389222.67
2022,18,Japanese Grand Prix,8.0,Right,-5157.299505787762,-2382.6704184211953,511.63390882175537,(x - -5157.30)^2 + (y - -2382.67)^2 = 261769.26
2022,18,Japanese Grand Prix,9.0,Right,-4752.396403524486,177.22425179062745,1391.029485817651,(x - -4752.40)^2 + (y - 177.22)^2 = 1934963.03
2022,18,Japanese Grand Prix,10.0,Left,-6026.609930527176,1362.7703310175725,276.51256382803444,(x - -6026.61)^2 + (y - 1362.77)^2 = 76459.20
2022,18,Japanese Grand Prix,11.0,Right,-8268.287564846369,1132.8321331284428,1544.747505562725,(x - -8268.29)^2 + (y - 1132.83)^2 = 2386244.86
2022,18,Japanese Grand Prix,12.0,Right,-8514.198642533936,2588.39592760181,3020.3719810496573,(x - -8514.20)^2 + (y - 2588.40)^2 = 9122646.90
2022,18,Japanese Grand Prix,13.0,Right,-9151.610965895403,2293.4016033006897,2522.2948346331773,(x - -9151.61)^2 + (y - 2293.40)^2 = 6361971.23
2022,18,Japanese Grand Prix,14.0,Left,-12764.683943583632,2091.666136815504,877.5121318173614,(x - -12764.68)^2 + (y - 2091.67)^2 = 770027.54
2022,18,Japanese Grand Prix,15.0,Left,-5316.272757176862,-487.13629757600944,1561.2458168929704,(x - -5316.27)^2 + (y - -487.14)^2 = 2437488.50
2022,18,Japanese Grand Prix,16.0,Right,-1898.5418351177348,-211.8145835714617,453.50964858179634,(x - -1898.54)^2 + (y - -211.81)^2 = 205671.00
2022,18,Japanese Grand Prix,17.0,Left,-1321.578954638051,523.0521634668892,491.18437822333556,(x - -1321.58)^2 + (y - 523.05)^2 = 241262.09
2022,18,Japanese Grand Prix,18.0,Right,-238.8191081700356,-1395.7421612248638,1847.419131000751,(x - -238.82)^2 + (y - -1395.74)^2 = 3412957.45
2022,19,United States Grand Prix,1.0,Left,3533.531835429713,-3825.320794512137,281.7857743717137,(x - 3533.53)^2 + (y - -3825.32)^2 = 79403.22
2022,19,United States Grand Prix,2.0,Left,2656.210099224969,-3731.874831434413,1137.772343384989,(x - 2656.21)^2 + (y - -3731.87)^2 = 1294525.91
2022,19,United States Grand Prix,3.0,Right,4762.843781968387,-2162.4691318789114,1423.5653376596863,(x - 4762.84)^2 + (y - -2162.47)^2 = 2026538.27
2022,19,United States Grand Prix,4.0,Left,3719.6825504292565,1320.8989306797416,2155.7651772661657,(x - 3719.68)^2 + (y - 1320.90)^2 = 4647323.50
2022,19,United States Grand Prix,5.0,Right,6632.405943888024,31.29900398091929,1024.9597038482045,(x - 6632.41)^2 + (y - 31.30)^2 = 1050542.39
2022,19,United States Grand Prix,6.0,Left,5506.155173678684,2006.8980649151117,1316.739430654512,(x - 5506.16)^2 + (y - 2006.90)^2 = 1733802.73
2022,19,United States Grand Prix,7.0,Right,7896.719624045175,1612.2734382664758,1126.8509197757026,(x - 7896.72)^2 + (y - 1612.27)^2 = 1269793.00
2022,19,United States Grand Prix,8.0,Left,9164.86651289585,2894.2007249195594,573.090345766195,(x - 9164.87)^2 + (y - 2894.20)^2 = 328432.54
2022,19,United States Grand Prix,9.0,Right,10560.461066259997,2619.1346123068292,637.763150995636,(x - 10560.46)^2 + (y - 2619.13)^2 = 406741.84
2022,19,United States Grand Prix,10.0,Left,11544.185325499195,3735.7220569227916,919.7642961524683,(x - 11544.19)^2 + (y - 3735.72)^2 = 845966.36
2022,19,United States Grand Prix,11.0,Left,12200.000608642727,4828.542503550416,1826.1254930657124,(x - 12200.00)^2 + (y - 4828.54)^2 = 3334734.32
2022,19,United States Grand Prix,12.0,Left,15246.864324310758,6168.648376628397,329.89808594942724,(x - 15246.86)^2 + (y - 6168.65)^2 = 108832.75
2022,19,United States Grand Prix,13.0,Left,4427.6183819675,3732.153416040538,448.5251477557625,(x - 4427.62)^2 + (y - 3732.15)^2 = 201174.81
2022,19,United States Grand Prix,14.0,Right,4518.194524491448,2413.0008382610495,542.5633013019318,(x - 4518.19)^2 + (y - 2413.00)^2 = 294374.94
2022,19,United States Grand Prix,15.0,Left,3339.7662093617982,2855.5911524930416,452.7781137221861,(x - 3339.77)^2 + (y - 2855.59)^2 = 205008.02
2022,19,United States Grand Prix,16.0,Right,2321.1086160611267,1216.7436685249652,1369.4158417540182,(x - 2321.11)^2 + (y - 1216.74)^2 = 1875299.75
2022,19,United States Grand Prix,17.0,Left,-171.47484578457716,941.7079341824589,964.7604864865162,(x - -171.47)^2 + (y - 941.71)^2 = 930762.80
2022,19,United States Grand Prix,18.0,Left,-2146.2706631222904,659.8610003986644,413.3872535018706,(x - -2146.27)^2 + (y - 659.86)^2 = 170889.02
2022,20,Mexico City Grand Prix,1.0,Right,11036.701107153582,-916.2382485163791,589.6058526817845,(x - 11036.70)^2 + (y - -916.24)^2 = 347635.06
2022,20,Mexico City Grand Prix,2.0,Left,11984.64080204689,-1212.9861887107722,418.78492986358987,(x - 11984.64)^2 + (y - -1212.99)^2 = 175380.82
2022,20,Mexico City Grand Prix,3.0,Right,11538.669041602394,-1974.6233949219475,480.16508532384177,(x - 11538.67)^2 + (y - -1974.62)^2 = 230558.51
2022,20,Mexico City Grand Prix,4.0,Left,9173.152028432043,-7705.968699388268,386.23279867548797,(x - 9173.15)^2 + (y - -7705.97)^2 = 149175.77
2022,20,Mexico City Grand Prix,5.0,Right,9002.010464304176,-8326.163230874885,257.1778609091314,(x - 9002.01)^2 + (y - -8326.16)^2 = 66140.45
2022,20,Mexico City Grand Prix,6.0,Right,8320.402379751842,-8668.821971559988,370.4183864168194,(x - 8320.40)^2 + (y - -8668.82)^2 = 137209.78
2022,20,Mexico City Grand Prix,7.0,Left,7613.65969020779,-6120.588544091119,793.3337445595447,(x - 7613.66)^2 + (y - -6120.59)^2 = 629378.43
2022,20,Mexico City Grand Prix,8.0,Right,8969.884624130656,-3834.3369427546863,1873.1322907886629,(x - 8969.88)^2 + (y - -3834.34)^2 = 3508624.58
2022,20,Mexico City Grand Prix,9.0,Left,6287.871288985205,-5334.627969066887,1206.0457718806,(x - 6287.87)^2 + (y - -5334.63)^2 = 1454546.40
2022,20,Mexico City Grand Prix,10.0,Right,5952.967167028468,-3101.6276973364156,1023.5354708948848,(x - 5952.97)^2 + (y - -3101.63)^2 = 1047624.86
2022,20,Mexico City Grand Prix,11.0,Left,3722.8387237772126,-3931.8544486585215,1395.7068236927994,(x - 3722.84)^2 + (y - -3931.85)^2 = 1947997.54
2022,20,Mexico City Grand Prix,12.0,Right,2.944320499527269,-1117.674538070432,645.2432281820552,(x - 2.94)^2 + (y - -1117.67)^2 = 416338.82
2022,20,Mexico City Grand Prix,13.0,Left,-867.6660535369507,-181.91389036763945,269.9375018976116,(x - -867.67)^2 + (y - -181.91)^2 = 72866.25
2022,20,Mexico City Grand Prix,14.0,Right,-1436.963216298572,379.6854432118654,550.8502569505162,(x - -1436.96)^2 + (y - 379.69)^2 = 303436.01
2022,20,Mexico City Grand Prix,15.0,Right,-1433.5251833850673,461.63322634479914,908.3732949969933,(x - -1433.53)^2 + (y - 461.63)^2 = 825142.04
2022,21,São Paulo Grand Prix,1.0,Left,-2909.452658627503,-4919.225271123442,467.76543619613005,(x - -2909.45)^2 + (y - -4919.23)^2 = 218804.50
2022,21,São Paulo Grand Prix,2.0,Right,-2071.5847159683494,-5460.195488896496,472.82523114625263,(x - -2071.58)^2 + (y - -5460.20)^2 = 223563.70
2022,21,São Paulo Grand Prix,3.0,Left,-1047.822201366911,-3678.642268168758,1566.6882825323344,(x - -1047.82)^2 + (y - -3678.64)^2 = 2454512.17
2022,21,São Paulo Grand Prix,4.0,Left,646.9141131563894,1253.5038778249666,1249.965149423974,(x - 646.91)^2 + (y - 1253.50)^2 = 1562412.87
2022,21,São Paulo Grand Prix,5.0,Right,-3007.151033362077,60.41368066083079,1040.7319442332544,(x - -3007.15)^2 + (y - 60.41)^2 = 1083122.98
2022,21,São Paulo Grand Prix,6.0,Right,-3759.4605409968794,622.0603096466043,410.96820949171905,(x - -3759.46)^2 + (y - 622.06)^2 = 168894.87
2022,21,São Paulo Grand Prix,7.0,Left,-3176.4292010800878,1323.9006857120753,486.74631486418986,(x - -3176.43)^2 + (y - 1323.90)^2 = 236921.98
2022,21,São Paulo Grand Prix,8.0,Right,-3506.971225566776,2892.9287705130655,459.6749521631929,(x - -3506.97)^2 + (y - 2892.93)^2 = 211301.06
2022,21,São Paulo Grand Prix,9.0,Left,-1967.043817932629,3535.6601945136554,1147.3770111646495,(x - -1967.04)^2 + (y - 3535.66)^2 = 1316474.01
2022,21,São Paulo Grand Prix,10.0,Left,-763.4165407301923,4310.731039539603,491.4248581957434,(x - -763.42)^2 + (y - 4310.73)^2 = 241498.39
2022,21,São Paulo Grand Prix,11.0,Left,-1498.5215705036308,3160.0018784941235,1827.338332050204,(x - -1498.52)^2 + (y - 3160.00)^2 = 3339165.38
2022,21,São Paulo Grand Prix,12.0,Left,-1760.1842766699936,2361.051097343754,2559.401781998745,(x - -1760.18)^2 + (y - 2361.05)^2 = 6550537.48
2022,22,Abu Dhabi Grand Prix,1.0,Left,3859.67569154983,3032.1487968335805,547.4774906216205,(x - 3859.68)^2 + (y - 3032.15)^2 = 299731.60
2022,22,Abu Dhabi Grand Prix,2.0,Left,2983.435365502861,4205.91193013638,1152.3815998039468,(x - 2983.44)^2 + (y - 4205.91)^2 = 1327983.35
2022,22,Abu Dhabi Grand Prix,3.0,Right,3329.299484566666,6565.500327633233,1196.1752059820706,(x - 3329.30)^2 + (y - 6565.50)^2 = 1430835.12
2022,22,Abu Dhabi Grand Prix,4.0,Left,1761.795849385611,11303.429363535237,459.741880150831,(x - 1761.80)^2 + (y - 11303.43)^2 = 211362.60
2022,22,Abu Dhabi Grand Prix,5.0,Left,-2027.4734641984924,759.8309656281415,162.2415010062012,(x - -2027.47)^2 + (y - 759.83)^2 = 26322.30
2022,22,Abu Dhabi Grand Prix,6.0,Right,-1686.3268721776724,467.0964443539269,162.55034546361964,(x - -1686.33)^2 + (y - 467.10)^2 = 26422.61
2022,22,Abu Dhabi Grand Prix,7.0,Left,2313.0332209583335,918.815499779259,3818.003876418504,(x - 2313.03)^2 + (y - 918.82)^2 = 14577153.60
2022,22,Abu Dhabi Grand Prix,8.0,Left,5036.520165109517,-4556.751209016608,770.0254913910812,(x - 5036.52)^2 + (y - -4556.75)^2 = 592939.26
2022,22,Abu Dhabi Grand Prix,9.0,Right,2643.39741240103,-2480.2378875671207,1156.4688596324504,(x - 2643.40)^2 + (y - -2480.24)^2 = 1337420.22
2022,22,Abu Dhabi Grand Prix,10.0,Left,2058.6459753783533,-732.8150605741534,723.8793316257656,(x - 2058.65)^2 + (y - -732.82)^2 = 524001.29
2022,22,Abu Dhabi Grand Prix,11.0,Right,313.69676335345997,792.9773915386501,1074.4481201947297,(x - 313.70)^2 + (y - 792.98)^2 = 1154438.76
2022,22,Abu Dhabi Grand Prix,12.0,Right,-520.3871537376291,1349.3195863963879,643.4880506902017,(x - -520.39)^2 + (y - 1349.32)^2 = 414076.87
2024,1,Bahrain Grand Prix,1.0,Right,126.10852886924346,8098.376884664279,248.56181275451354,(x - 126.11)^2 + (y - 8098.38)^2 = 61782.97
2024,1,Bahrain Grand Prix,2.0,Left,1017.0112450612907,8611.522338162293,758.6786495117534,(x - 1017.01)^2 + (y - 8611.52)^2 = 575593.29
2024,1,Bahrain Grand Prix,3.0,Right,2092.309384475781,6538.668080508354,1537.6892731425746,(x - 2092.31)^2 + (y - 6538.67)^2 = 2364488.30
2024,1,Bahrain Grand Prix,4.0,Right,6965.170787472429,6619.823427171922,543.3051024426879,(x - 6965.17)^2 + (y - 6619.82)^2 = 295180.43
2024,1,Bahrain Grand Prix,5.0,Left,8073.654014523282,3621.932755746889,2562.4544047710033,(x - 8073.65)^2 + (y - 3621.93)^2 = 6566172.58
2024,1,Bahrain Grand Prix,6.0,Right,4931.088432131136,4994.166064650984,820.3891355537805,(x - 4931.09)^2 + (y - 4994.17)^2 = 673038.33
2024,1,Bahrain Grand Prix,7.0,Left,4591.792223682289,2850.128364036699,1341.285536012187,(x - 4591.79)^2 + (y - 2850.13)^2 = 1799046.89
2024,1,Bahrain Grand Prix,8.0,Right,2566.96125317525,2809.9192936291474,338.2964610683028,(x - 2566.96)^2 + (y - 2809.92)^2 = 114444.50
2024,1,Bahrain Grand Prix,9.0,Left,2402.2333087191028,6021.8316962916515,605.4939190152256,(x - 2402.23)^2 + (y - 6021.83)^2 = 366622.89
2024,1,Bahrain Grand Prix,10.0,Left,2394.8640905230554,196.60226307638507,878.6268190148672,(x - 2394.86)^2 + (y - 196.60)^2 = 771985.09
2024,1,Bahrain Grand Prix,11.0,Right,4848.130211159741,192.80278156637718,1413.23832680269,(x - 4848.13)^2 + (y - 192.80)^2 = 1997242.57
2024,1,Bahrain Grand Prix,12.0,Right,5966.786528523206,438.0150555351216,695.1187905953574,(x - 5966.79)^2 + (y - 438.02)^2 = 483190.13
2024,1,Bahrain Grand Prix,13.0,Right,137.97045658255954,-2714.5689378173784,744.0203983609927,(x - 137.97)^2 + (y - -2714.57)^2 = 553566.35
2024,2,Saudi Arabian Grand Prix,1.0,Left,-3044.842641994524,4441.784131344141,343.5828116332755,(x - -3044.84)^2 + (y - 4441.78)^2 = 118049.15
2024,2,Saudi Arabian Grand Prix,2.0,Right,-3270.5906837140406,5000.12943790442,256.2268749063319,(x - -3270.59)^2 + (y - 5000.13)^2 = 65652.21
2024,2,Saudi Arabian Grand Prix,3.0,Left,-4727.285685014516,6307.589481258132,1397.131268239924,(x - -4727.29)^2 + (y - 6307.59)^2 = 1951975.78
2024,2,Saudi Arabian Grand Prix,4.0,Left,-4102.343843331342,8889.049790937794,472.8499767196836,(x - -4102.34)^2 + (y - 8889.05)^2 = 223587.10
2024,2,Saudi Arabian Grand Prix,5.0,Right,-3318.303459864586,10410.506476879002,1291.8242863958376,(x - -3318.30)^2 + (y - 10410.51)^2 = 1668809.99
2024,2,Saudi Arabian Grand Prix,6.0,Left,-5600.0675517361105,11702.112946137999,1366.716401009757,(x - -5600.07)^2 + (y - 11702.11)^2 = 1867913.72
2024,2,Saudi Arabian Grand Prix,7.0,Right,-3656.6118063988606,13610.277638720228,1403.3455874355318,(x - -3656.61)^2 + (y - 13610.28)^2 = 1969378.84
2024,2,Saudi Arabian Grand Prix,8.0,Left,-4803.222018679492,15583.115464120905,904.0117718399574,(x - -4803.22)^2 + (y - 15583.12)^2 = 817237.28
2024,2,Saudi Arabian Grand Prix,9.0,Left,-4381.4379957401725,20806.104750730934,801.0539473384796,(x - -4381.44)^2 + (y - 20806.10)^2 = 641687.43
2024,2,Saudi Arabian Grand Prix,10.0,Right,-6977.156094089836,18551.479735950245,2878.156134071438,(x - -6977.16)^2 + (y - 18551.48)^2 = 8283782.73
2024,2,Saudi Arabian Grand Prix,11.0,Left,-1696.9100293932463,15797.5727767781,3072.127722702741,(x - -1696.91)^2 + (y - 15797.57)^2 = 9437968.74
2024,2,Saudi Arabian Grand Prix,12.0,Right,-5258.148697967013,16102.462187501193,489.8106906098707,(x - -5258.15)^2 + (y - 16102.46)^2 = 239914.51
2024,2,Saudi Arabian Grand Prix,13.0,Left,-4834.912078084431,14788.45162996442,964.9279191571121,(x - -4834.91)^2 + (y - 14788.45)^2 = 931085.89
2024,2,Saudi Arabian Grand Prix,14.0,Left,-2504.492360267347,14200.638047476257,3285.630447536656,(x - -2504.49)^2 + (y - 14200.64)^2 = 10795367.44
2024,2,Saudi Arabian Grand Prix,15.0,Left,-1881.894652457604,10371.758507091237,3051.3267269745397,(x - -1881.89)^2 + (y - 10371.76)^2 = 9310594.79
2024,2,Saudi Arabian Grand Prix,16.0,Right,-7078.276157017387,6833.165649433691,3222.258396379543,(x - -7078.28)^2 + (y - 6833.17)^2 = 10382949.17
2024,2,Saudi Arabian Grand Prix,17.0,Left,-3192.781295824976,4959.638650575604,744.4451751449778,(x - -3192.78)^2 + (y - 4959.64)^2 = 554198.62
2024,2,Saudi Arabian Grand Prix,18.0,Right,-4909.754795081005,3162.497576030512,1841.6681335368787,(x - -4909.75)^2 + (y - 3162.50)^2 = 3391741.51
2024,2,Saudi Arabian Grand Prix,19.0,Left,-778.675769430482,-85.76640759370368,3300.9999168117115,(x - -778.68)^2 + (y - -85.77)^2 = 10896600.45
2024,2,Saudi Arabian Grand Prix,20.0,Left,142.42086020486036,-1034.7168583133814,3982.7795999808027,(x - 142.42)^2 + (y - -1034.72)^2 = 15862533.34
2024,2,Saudi Arabian Grand Prix,21.0,Left,-368.87420318368623,-5200.053893927743,427.9074797028081,(x - -368.87)^2 + (y - -5200.05)^2 = 183104.81
2024,3,Australian Grand Prix,1.0,Right,-2896.5728600269317,1326.2639702463528,767.6193772821924,(x - -2896.57)^2 + (y - 1326.26)^2 = 589239.51
2024,3,Australian Grand Prix,2.0,Left,-4887.217377796189,2008.4554681027341,1335.718089944957,(x - -4887.22)^2 + (y - 2008.46)^2 = 1784142.82
2024,3,Australian Grand Prix,3.0,Right,-6856.040946935477,6952.941204760521,375.06470075691465,(x - -6856.04)^2 + (y - 6952.94)^2 = 140673.53
2024,3,Australian Grand Prix,4.0,Left,-6444.176609903049,8026.734818558211,651.9101828711143,(x - -6444.18)^2 + (y - 8026.73)^2 = 424986.89
2024,3,Australian Grand Prix,5.0,Right,-4732.561704678913,9243.612855186155,1216.31565867162,(x - -4732.56)^2 + (y - 9243.61)^2 = 1479423.78
2024,3,Australian Grand Prix,6.0,Right,-2277.8580026516584,11194.365298807988,646.7219589744715,(x - -2277.86)^2 + (y - 11194.37)^2 = 418249.29
2024,3,Australian Grand Prix,7.0,Left,-940.886278480359,12894.92855618486,1543.1685045686568,(x - -940.89)^2 + (y - 12894.93)^2 = 2381369.03
2024,3,Australian Grand Prix,8.0,Right,-1132.4096782966726,9181.059972714516,2145.9619344387424,(x - -1132.41)^2 + (y - 9181.06)^2 = 4605152.62
2024,3,Australian Grand Prix,9.0,Right,-2510.6730783993057,8424.59008467687,3676.5518757353216,(x - -2510.67)^2 + (y - 8424.59)^2 = 13517033.69
2024,3,Australian Grand Prix,10.0,Right,-769.371106973288,7832.6498533447975,1892.1153796039584,(x - -769.37)^2 + (y - 7832.65)^2 = 3580100.61
2024,3,Australian Grand Prix,11.0,Left,2727.648646532025,4728.958945086309,2475.4028742774954,(x - 2727.65)^2 + (y - 4728.96)^2 = 6127619.39
2024,3,Australian Grand Prix,12.0,Left,3876.7294750186984,4599.287227034235,3608.10889004639,(x - 3876.73)^2 + (y - 4599.29)^2 = 13018449.76
2024,3,Australian Grand Prix,13.0,Left,3612.151145038168,4206.83572519084,3200.802278398895,(x - 3612.15)^2 + (y - 4206.84)^2 = 10245135.23
2024,3,Australian Grand Prix,14.0,Left,2995.972353534817,1602.8979922451797,814.9626820076239,(x - 2995.97)^2 + (y - 1602.90)^2 = 664164.17
2024,3,Australian Grand Prix,15.0,Right,3799.1905954592494,-82.12910738652968,952.1611333865454,(x - 3799.19)^2 + (y - -82.13)^2 = 906610.82
2024,3,Australian Grand Prix,16.0,Right,3416.0895599003,-3025.738682459866,3440.284892090733,(x - 3416.09)^2 + (y - -3025.74)^2 = 11835560.14
2024,3,Australian Grand Prix,17.0,Right,7149.585400342439,-4724.052347100301,369.1811196709106,(x - 7149.59)^2 + (y - -4724.05)^2 = 136294.70
2024,3,Australian Grand Prix,18.0,Right,5235.1216169606805,-4678.405363007283,882.8673651174415,(x - 5235.12)^2 + (y - -4678.41)^2 = 779454.78
2024,3,Australian Grand Prix,19.0,Left,3500.5050349997327,-4064.5928941258053,404.6874956189425,(x - 3500.51)^2 + (y - -4064.59)^2 = 163771.97
2024,3,Australian Grand Prix,20.0,Right,2376.1990952955366,-3631.483956574186,831.1246572733187,(x - 2376.20)^2 + (y - -3631.48)^2 = 690768.20
2024,4,Japanese Grand Prix,1.0,Right,5403.5846819042345,-6409.910880674388,866.6163960486796,(x - 5403.58)^2 + (y - -6409.91)^2 = 751023.98
2024,4,Japanese Grand Prix,2.0,Left,3169.0211706710743,-6525.936015235513,1100.355659185913,(x - 3169.02)^2 + (y - -6525.94)^2 = 1210782.58
2024,4,Japanese Grand Prix,3.0,Right,3130.3686697421786,-4589.783475918257,837.7706757120656,(x - 3130.37)^2 + (y - -4589.78)^2 = 701859.71
2024,4,Japanese Grand Prix,4.0,Left,1248.466593057759,-4692.146733294111,1026.0718456356797,(x - 1248.47)^2 + (y - -4692.15)^2 = 1052823.43
2024,4,Japanese Grand Prix,5.0,Right,1002.3073681905785,-2823.6617451498896,850.5383931832724,(x - 1002.31)^2 + (y - -2823.66)^2 = 723415.56
2024,4,Japanese Grand Prix,6.0,Left,-350.63108573856607,-1754.3166541510197,810.9051561115783,(x - -350.63)^2 + (y - -1754.32)^2 = 657567.17
2024,4,Japanese Grand Prix,7.0,Left,-1272.5826365451912,-2807.6295094469792,2125.2342374289187,(x - -1272.58)^2 + (y - -2807.63)^2 = 4516620.56
2024,4,Japanese Grand Prix,8.0,Right,-4283.83428329903,-2060.732238935206,708.605956046679,(x - -4283.83)^2 + (y - -2060.73)^2 = 502122.40
2024,4,Japanese Grand Prix,9.0,Right,-5132.771597422852,-2359.1393243025973,542.0618030996857,(x - -5132.77)^2 + (y - -2359.14)^2 = 293831.00
2024,4,Japanese Grand Prix,10.0,Right,-4757.738851744966,181.94850952939697,1384.909288168392,(x - -4757.74)^2 + (y - 181.95)^2 = 1917973.74
2024,4,Japanese Grand Prix,11.0,Left,-6024.266777514837,1366.5229749465748,270.40919357796224,(x - -6024.27)^2 + (y - 1366.52)^2 = 73121.13
2024,4,Japanese Grand Prix,12.0,Right,-8566.641854733512,1626.7206725480328,2088.7671796632535,(x - -8566.64)^2 + (y - 1626.72)^2 = 4362948.33
2024,4,Japanese Grand Prix,13.0,Right,-9164.0109606436,2273.111070848761,2498.5316182264773,(x - -9164.01)^2 + (y - 2273.11)^2 = 6242660.25
2024,4,Japanese Grand Prix,14.0,Left,-12781.250208981084,2086.8343599505965,895.582335299246,(x - -12781.25)^2 + (y - 2086.83)^2 = 802067.72
2024,4,Japanese Grand Prix,15.0,Left,-5233.262202189737,-982.6785677040303,1066.86514744723,(x - -5233.26)^2 + (y - -982.68)^2 = 1138201.24
2024,4,Japanese Grand Prix,16.0,Left,-6205.6465110356885,1795.080993817001,4005.393379539881,(x - -6205.65)^2 + (y - 1795.08)^2 = 16043176.12
2024,4,Japanese Grand Prix,17.0,Right,-1882.4854244299477,-198.26979100776936,436.3677151558714,(x - -1882.49)^2 + (y - -198.27)^2 = 190416.78
2024,4,Japanese Grand Prix,18.0,Left,-1351.1257359098815,390.30302226434196,366.7215379211073,(x - -1351.13)^2 + (y - 390.30)^2 = 134484.69
2024,4,Japanese Grand Prix,19.0,Right,-243.63331339740535,-1286.4130792113017,1749.2135018822166,(x - -243.63)^2 + (y - -1286.41)^2 = 3059747.88
2024,5,Chinese Grand Prix,1.0,Right,-7111.907219279278,-3411.04717930698,2959.384911624684,(x - -7111.91)^2 + (y - -3411.05)^2 = 8757959.06
2024,5,Chinese Grand Prix,2.0,Left,-4244.652274283381,-1193.4143913437317,685.0293352890928,(x - -4244.65)^2 + (y - -1193.41)^2 = 469265.19
2024,5,Chinese Grand Prix,3.0,Right,-6410.128123281022,3319.2068765315908,336.5492495276357,(x - -6410.13)^2 + (y - 3319.21)^2 = 113265.40
2024,5,Chinese Grand Prix,4.0,Right,-7604.026560689917,1726.6962208433745,2309.7190733373022,(x - -7604.03)^2 + (y - 1726.70)^2 = 5334802.20
2024,5,Chinese Grand Prix,5.0,Left,-3656.12996232053,2042.0891516503548,1375.5049050413631,(x - -3656.13)^2 + (y - 2042.09)^2 = 1892013.74
2024,5,Chinese Grand Prix,6.0,Right,-1440.1172566810583,1558.007123302519,886.2628688485191,(x - -1440.12)^2 + (y - 1558.01)^2 = 785461.87
2024,5,Chinese Grand Prix,7.0,Left,21.751607318459016,2009.3273907248474,681.8597001122849,(x - 21.75)^2 + (y - 2009.33)^2 = 464932.65
2024,5,Chinese Grand Prix,8.0,Left,-1872.4228355379946,5608.469249779079,381.77786200794696,(x - -1872.42)^2 + (y - 5608.47)^2 = 145754.34
2024,5,Chinese Grand Prix,9.0,Right,-1837.679856595574,6766.286765396901,1116.4976516710165,(x - -1837.68)^2 + (y - 6766.29)^2 = 1246567.01
2024,5,Chinese Grand Prix,10.0,Right,4965.749089067618,-3360.6927271718196,398.3513049774654,(x - 4965.75)^2 + (y - -3360.69)^2 = 158683.76
2024,5,Chinese Grand Prix,11.0,Left,2891.4480071734806,-1371.7810713222332,444.9283743197303,(x - 2891.45)^2 + (y - -1371.78)^2 = 197961.26
2024,5,Chinese Grand Prix,12.0,Left,2844.545141002942,-2421.529210243986,1501.5802650819094,(x - 2844.55)^2 + (y - -2421.53)^2 = 2254743.29
2024,6,Miami Grand Prix,1.0,Right,4676.078722221125,-1934.4665008498073,338.00375532032916,(x - 4676.08)^2 + (y - -1934.47)^2 = 114246.54
2024,6,Miami Grand Prix,2.0,Left,5235.280753851069,-3006.691659766633,830.1879514909793,(x - 5235.28)^2 + (y - -3006.69)^2 = 689212.03
2024,6,Miami Grand Prix,3.0,Right,2873.3220475241305,-2664.2256508534756,1643.9874300836277,(x - 2873.32)^2 + (y - -2664.23)^2 = 2702694.67
2024,6,Miami Grand Prix,4.0,Left,-633.5981083483872,-3948.994448617594,1269.1610453167725,(x - -633.60)^2 + (y - -3948.99)^2 = 1610769.76
2024,6,Miami Grand Prix,5.0,Right,-1879.7984776475187,-2040.9015616934628,1042.461782003673,(x - -1879.80)^2 + (y - -2040.90)^2 = 1086726.57
2024,6,Miami Grand Prix,6.0,Left,-3526.593260024545,-3081.4849206198414,868.3361966658482,(x - -3526.59)^2 + (y - -3081.48)^2 = 754007.75
2024,6,Miami Grand Prix,7.0,Left,-1611.7574644866381,15.415574475812841,4163.336394709656,(x - -1611.76)^2 + (y - 15.42)^2 = 17333369.94
2024,6,Miami Grand Prix,8.0,Right,631.15166630893,-6275.765715512235,2185.3156249427907,(x - 631.15)^2 + (y - -6275.77)^2 = 4775604.38
2024,6,Miami Grand Prix,9.0,Left,9324.100604829582,-2540.6804887073085,360.6499466220404,(x - 9324.10)^2 + (y - -2540.68)^2 = 130068.38
2024,6,Miami Grand Prix,10.0,Right,9602.562903278205,-1677.499927732546,477.86790441198804,(x - 9602.56)^2 + (y - -1677.50)^2 = 228357.73
2024,6,Miami Grand Prix,11.0,Left,9973.736825153826,-658.934534863577,540.863856537859,(x - 9973.74)^2 + (y - -658.93)^2 = 292533.71
2024,6,Miami Grand Prix,12.0,Right,10677.5351812277,-249.78415507051233,295.73187407494476,(x - 10677.54)^2 + (y - -249.78)^2 = 87457.34
2024,6,Miami Grand Prix,13.0,Left,10191.285405088705,318.85322926517347,352.00890572910095,(x - 10191.29)^2 + (y - 318.85)^2 = 123910.27
2024,6,Miami Grand Prix,14.0,Left,-2322.219797824178,775.0243357929246,324.5361785977024,(x - -2322.22)^2 + (y - 775.02)^2 = 105323.73
2024,6,Miami Grand Prix,15.0,Left,-1478.8119738072965,880.677736202058,793.0059139876602,(x - -1478.81)^2 + (y - 880.68)^2 = 628858.38
2024,6,Miami Grand Prix,16.0,Right,353.30473446291455,-1701.1270418222914,2333.324415366937,(x - 353.30)^2 + (y - -1701.13)^2 = 5444402.83
2024,7,Emilia Romagna Grand Prix,1.0,Right,-3218.5538333023947,3806.589845925376,5522.180437861899,(x - -3218.55)^2 + (y - 3806.59)^2 = 30494476.79
2024,7,Emilia Romagna Grand Prix,2.0,Left,-9997.985693313538,-2202.8075635444848,449.778243226491,(x - -9997.99)^2 + (y - -2202.81)^2 = 202300.47
2024,7,Emilia Romagna Grand Prix,3.0,Right,-11141.873499817484,-1920.4068689900926,760.5644469565837,(x - -11141.87)^2 + (y - -1920.41)^2 = 578458.28
2024,7,Emilia Romagna Grand Prix,4.0,Left,-10748.92733859711,-3885.0763255102415,1134.5384188647674,(x - -10748.93)^2 + (y - -3885.08)^2 = 1287177.42
2024,7,Emilia Romagna Grand Prix,5.0,Left,-11712.392217253593,-7246.799246462677,1441.105334429714,(x - -11712.39)^2 + (y - -7246.80)^2 = 2076784.58
2024,7,Emilia Romagna Grand Prix,6.0,Right,-13467.558632016791,-7976.4225886792665,447.386703377724,(x - -13467.56)^2 + (y - -7976.42)^2 = 200154.86
2024,7,Emilia Romagna Grand Prix,7.0,Left,-14491.590603327306,-10031.303447584602,407.02303283621444,(x - -14491.59)^2 + (y - -10031.30)^2 = 165667.75
2024,7,Emilia Romagna Grand Prix,8.0,Left,-9697.432435853247,-8628.99749154116,1484.1136703527518,(x - -9697.43)^2 + (y - -8629.00)^2 = 2202593.39
2024,7,Emilia Romagna Grand Prix,9.0,Right,-7916.536245847197,-6136.106543732092,781.53827108308,(x - -7916.54)^2 + (y - -6136.11)^2 = 610802.07
2024,7,Emilia Romagna Grand Prix,10.0,Left,-7270.975965340127,-3557.404032173281,1884.8928481751475,(x - -7270.98)^2 + (y - -3557.40)^2 = 3552821.05
2024,7,Emilia Romagna Grand Prix,11.0,Right,-3308.057731055155,-5613.2221472957635,341.4509693092347,(x - -3308.06)^2 + (y - -5613.22)^2 = 116588.76
2024,7,Emilia Romagna Grand Prix,12.0,Left,-2724.32908847999,-5160.392626465153,408.5171084226826,(x - -2724.33)^2 + (y - -5160.39)^2 = 166886.23
2024,7,Emilia Romagna Grand Prix,13.0,Right,2649.232011835651,-3727.922239661296,1760.4953287117703,(x - 2649.23)^2 + (y - -3727.92)^2 = 3099343.80
2024,7,Emilia Romagna Grand Prix,14.0,Left,2794.946835320345,-1332.1810482698459,404.13370225205745,(x - 2794.95)^2 + (y - -1332.18)^2 = 163324.05
2024,7,Emilia Romagna Grand Prix,15.0,Left,2379.0596104020237,-1037.0413635929176,686.1043339351214,(x - 2379.06)^2 + (y - -1037.04)^2 = 470739.16
2024,7,Emilia Romagna Grand Prix,16.0,Right,-1023.8448758232315,658.6216777154366,2240.916318128785,(x - -1023.84)^2 + (y - 658.62)^2 = 5021705.94
2024,8,Monaco Grand Prix,1.0,Right,-7081.432447166483,-4987.004604157502,394.97012763403615,(x - -7081.43)^2 + (y - -4987.00)^2 = 156001.40
2024,8,Monaco Grand Prix,2.0,Right,-4513.603928038457,-8763.829740565769,4581.09022719337,(x - -4513.60)^2 + (y - -8763.83)^2 = 20986387.67
2024,8,Monaco Grand Prix,3.0,Left,-5947.277202072539,-176.72538860103626,4189.387497977593,(x - -5947.28)^2 + (y - -176.73)^2 = 17550967.61
2024,8,Monaco Grand Prix,4.0,Right,-3152.8319124096533,-5939.403435947681,2225.065353841427,(x - -3152.83)^2 + (y - -5939.40)^2 = 4950915.83
2024,8,Monaco Grand Prix,5.0,Left,-3051.1947051808884,-2880.818538733535,801.8992664951315,(x - -3051.19)^2 + (y - -2880.82)^2 = 643042.43
2024,8,Monaco Grand Prix,6.0,Right,-2074.468578634477,-1892.0552562601492,652.2096051110733,(x - -2074.47)^2 + (y - -1892.06)^2 = 425377.37
2024,8,Monaco Grand Prix,7.0,Right,-1430.4166958964747,-474.92428363489404,260.69108817068985,(x - -1430.42)^2 + (y - -474.92)^2 = 67959.84
2024,8,Monaco Grand Prix,8.0,Left,-62.981756052357234,-333.69054789760224,1140.8209191030262,(x - -62.98)^2 + (y - -333.69)^2 = 1301472.37
2024,8,Monaco Grand Prix,9.0,Left,-832.8709402828706,-971.0928496595076,139.18738477313332,(x - -832.87)^2 + (y - -971.09)^2 = 19373.13
2024,8,Monaco Grand Prix,10.0,Right,-578.8007716886241,-600.7828746743112,394.4081111290496,(x - -578.80)^2 + (y - -600.78)^2 = 155557.76
2024,8,Monaco Grand Prix,11.0,Right,-1872.8869184830544,-2304.1353302481757,1268.5937655509915,(x - -1872.89)^2 + (y - -2304.14)^2 = 1609330.14
2024,8,Monaco Grand Prix,12.0,Right,-3960.145613439207,-916.7701787972022,3430.0162336326493,(x - -3960.15)^2 + (y - -916.77)^2 = 11765011.36
2024,8,Monaco Grand Prix,13.0,Left,-3991.6566094449017,-4621.990120723706,249.52592376913924,(x - -3991.66)^2 + (y - -4621.99)^2 = 62263.19
2024,8,Monaco Grand Prix,14.0,Right,-4453.471624497517,-4327.2285410262475,328.1572371172023,(x - -4453.47)^2 + (y - -4327.23)^2 = 107687.17
2024,8,Monaco Grand Prix,15.0,Left,-4747.6881005881605,-5382.39637473395,781.0705483093071,(x - -4747.69)^2 + (y - -5382.40)^2 = 610071.20
2024,8,Monaco Grand Prix,16.0,Left,-5959.760035709175,-5909.325729554411,1258.032193991741,(x - -5959.76)^2 + (y - -5909.33)^2 = 1582645.00
2024,8,Monaco Grand Prix,17.0,Right,-8059.378039968897,-7481.414239997323,1345.3757859104066,(x - -8059.38)^2 + (y - -7481.41)^2 = 1810036.01
2024,8,Monaco Grand Prix,18.0,Left,-5573.2070449093535,-8113.932840999381,1313.7963118621099,(x - -5573.21)^2 + (y - -8113.93)^2 = 1726060.75
2024,8,Monaco Grand Prix,19.0,Right,-6433.9209145933355,-9394.006386009043,395.15994431420296,(x - -6433.92)^2 + (y - -9394.01)^2 = 156151.38
2024,8,Monaco Grand Prix,20.0,Left,-7728.8739085923135,-9649.455860279353,933.0308521878919,(x - -7728.87)^2 + (y - -9649.46)^2 = 870546.57
2024,8,Monaco Grand Prix,21.0,Right,-5038.930297143311,-7757.7626767695265,2369.6552706718185,(x - -5038.93)^2 + (y - -7757.76)^2 = 5615266.10
2024,9,Canadian Grand Prix,1.0,Left,3968.1772443954683,-1092.6387530562347,687.2003788932151,(x - 3968.18)^2 + (y - -1092.64)^2 = 472244.36
2024,9,Canadian Grand Prix,2.0,Right,3391.5488785691505,-1967.6102272801102,447.48612034706656,(x - 3391.55)^2 + (y - -1967.61)^2 = 200243.83
2024,9,Canadian Grand Prix,3.0,Right,4051.91857160171,1180.8214917692,3581.274283216079,(x - 4051.92)^2 + (y - 1180.82)^2 = 12825525.49
2024,9,Canadian Grand Prix,4.0,Right,1239.7694836401618,-514.472756016938,499.8187436800277,(x - 1239.77)^2 + (y - -514.47)^2 = 249818.78
2024,9,Canadian Grand Prix,5.0,Left,40.63297329302719,-227.91918870712533,730.1843205085241,(x - 40.63)^2 + (y - -227.92)^2 = 533169.14
2024,9,Canadian Grand Prix,6.0,Left,-4279.495596811235,-3900.27570199005,6454.789754342903,(x - -4279.50)^2 + (y - -3900.28)^2 = 41664310.77
2024,9,Canadian Grand Prix,7.0,Right,722.792928094336,2480.6024551403198,1673.1325909993054,(x - 722.79)^2 + (y - 2480.60)^2 = 2799372.67
2024,9,Canadian Grand Prix,8.0,Left,-1333.9363549250907,3563.2240819089548,426.94125735624493,(x - -1333.94)^2 + (y - 3563.22)^2 = 182278.84
2024,9,Canadian Grand Prix,9.0,Right,-1421.3105871438277,4801.123764161255,838.0714295302524,(x - -1421.31)^2 + (y - 4801.12)^2 = 702363.72
2024,9,Canadian Grand Prix,10.0,Right,-1588.3295589669385,10213.615587049531,383.71228769082217,(x - -1588.33)^2 + (y - 10213.62)^2 = 147235.12
2024,9,Canadian Grand Prix,11.0,Left,-1958.6236982880598,11486.202540101178,971.8371375511347,(x - -1958.62)^2 + (y - 11486.20)^2 = 944467.42
2024,9,Canadian Grand Prix,12.0,Right,-604.3204822054761,16477.4698492628,272.6264186230596,(x - -604.32)^2 + (y - 16477.47)^2 = 74325.16
2024,9,Canadian Grand Prix,13.0,Left,2221.4676568455257,16333.18355604912,2647.5980756940016,(x - 2221.47)^2 + (y - 16333.18)^2 = 7009775.57
2024,9,Canadian Grand Prix,14.0,Right,2066.615174505156,5579.450570178255,541.0321134667859,(x - 2066.62)^2 + (y - 5579.45)^2 = 292715.75
2024,9,Canadian Grand Prix,15.0,Left,3222.9234967255406,4890.806410001985,830.1818908450674,(x - 3222.92)^2 + (y - 4890.81)^2 = 689201.97
2024,10,Spanish Grand Prix,1.0,Right,-3300.8006279653273,-6218.268114295255,771.0082473531179,(x - -3300.80)^2 + (y - -6218.27)^2 = 594453.72
2024,10,Spanish Grand Prix,2.0,Left,-3974.58344315126,-7676.234940924373,900.6423169922609,(x - -3974.58)^2 + (y - -7676.23)^2 = 811156.58
2024,10,Spanish Grand Prix,3.0,Right,-5586.079296115211,-6222.440326079896,1220.730732733959,(x - -5586.08)^2 + (y - -6222.44)^2 = 1490183.52
2024,10,Spanish Grand Prix,4.0,Right,-4825.212682772428,-5844.265176316222,1848.657992834684,(x - -4825.21)^2 + (y - -5844.27)^2 = 3417536.37
2024,10,Spanish Grand Prix,5.0,Right,-4701.610166994265,-3753.9412651689086,819.2134081087722,(x - -4701.61)^2 + (y - -3753.94)^2 = 671110.61
2024,10,Spanish Grand Prix,6.0,Left,-4797.004211122668,-5862.131912261226,438.6784037350987,(x - -4797.00)^2 + (y - -5862.13)^2 = 192438.74
2024,10,Spanish Grand Prix,7.0,Left,-4299.378759975445,-3687.5385205647635,2128.036959036476,(x - -4299.38)^2 + (y - -3687.54)^2 = 4528541.30
2024,10,Spanish Grand Prix,8.0,Left,-2734.0839081347026,-4007.1184157897437,659.7044378466819,(x - -2734.08)^2 + (y - -4007.12)^2 = 435209.95
2024,10,Spanish Grand Prix,9.0,Right,-1737.5622550768287,-2488.615424918246,1180.1151886066623,(x - -1737.56)^2 + (y - -2488.62)^2 = 1392671.86
2024,10,Spanish Grand Prix,10.0,Right,-2378.87522259207,-1217.1059411026076,1138.8373184229463,(x - -2378.88)^2 + (y - -1217.11)^2 = 1296950.44
2024,10,Spanish Grand Prix,11.0,Left,684.7790873578884,2201.8753676754573,651.3141208764472,(x - 684.78)^2 + (y - 2201.88)^2 = 424210.08
2024,10,Spanish Grand Prix,12.0,Right,-497.6910004197872,2715.7749076661685,609.3176752323018,(x - -497.69)^2 + (y - 2715.77)^2 = 371268.03
2024,10,Spanish Grand Prix,13.0,Right,760.5886998848933,3058.2647174438184,1080.6121348721515,(x - 760.59)^2 + (y - 3058.26)^2 = 1167722.59
2024,10,Spanish Grand Prix,14.0,Right,1798.0099723288613,2375.0044608877793,1091.6931881942917,(x - 1798.01)^2 + (y - 2375.00)^2 = 1191794.02
2024,11,Austrian Grand Prix,1.0,Right,-2850.854004954583,-1677.882749793559,573.5039091039026,(x - -2850.85)^2 + (y - -1677.88)^2 = 328906.73
2024,11,Austrian Grand Prix,2.0,Right,-7990.510406612716,5353.412515158265,244.449462161285,(x - -7990.51)^2 + (y - 5353.41)^2 = 59755.54
2024,11,Austrian Grand Prix,3.0,Right,-1607.9439773822278,4315.069940411302,1171.9551054008966,(x - -1607.94)^2 + (y - 4315.07)^2 = 1373478.77
2024,11,Austrian Grand Prix,4.0,Left,-3898.943519945121,2723.852101491577,931.0088001092662,(x - -3898.94)^2 + (y - 2723.85)^2 = 866777.39
2024,11,Austrian Grand Prix,5.0,Left,-3306.5266684284375,1682.13855980955,842.1170634180336,(x - -3306.53)^2 + (y - 1682.14)^2 = 709161.15
2024,11,Austrian Grand Prix,6.0,Right,-1098.1687069524514,479.8422370527236,1556.680254438199,(x - -1098.17)^2 + (y - 479.84)^2 = 2423253.41
2024,11,Austrian Grand Prix,7.0,Right,2975.2197222810646,1124.1920211922827,991.509798041387,(x - 2975.22)^2 + (y - 1124.19)^2 = 983091.68
2024,11,Austrian Grand Prix,8.0,Right,3561.43003611695,216.47464874666912,681.7630027739663,(x - 3561.43)^2 + (y - 216.47)^2 = 464800.79
2024,12,British Grand Prix,1.0,Right,1455.563238858603,3034.5060902512228,1512.6869492441976,(x - 1455.56)^2 + (y - 3034.51)^2 = 2288221.81
2024,12,British Grand Prix,2.0,Left,2467.424245556648,6157.311252916052,1723.1738237645407,(x - 2467.42)^2 + (y - 6157.31)^2 = 2969328.03
2024,12,British Grand Prix,3.0,Right,4906.9419542315545,5393.565331842871,505.9402594058502,(x - 4906.94)^2 + (y - 5393.57)^2 = 255975.55
2024,12,British Grand Prix,4.0,Left,5810.251423129983,6195.076202845991,1084.27660145165,(x - 5810.25)^2 + (y - 6195.08)^2 = 1175655.75
2024,12,British Grand Prix,5.0,Left,971.5259075429033,10186.902951792355,814.037604544049,(x - 971.53)^2 + (y - 10186.90)^2 = 662657.22
2024,12,British Grand Prix,6.0,Right,-405.21601451567153,10133.343023545252,600.1411830610848,(x - -405.22)^2 + (y - 10133.34)^2 = 360169.44
2024,12,British Grand Prix,7.0,Right,4309.640276468875,8183.496254635428,5571.150851242863,(x - 4309.64)^2 + (y - 8183.50)^2 = 31037721.81
2024,12,British Grand Prix,8.0,Right,1855.1652794281238,10468.586994143747,2184.0772287020395,(x - 1855.17)^2 + (y - 10468.59)^2 = 4770193.34
2024,12,British Grand Prix,9.0,Right,5207.283761391881,11683.12551781276,1432.4555449722143,(x - 5207.28)^2 + (y - 11683.13)^2 = 2051928.89
2024,12,British Grand Prix,10.0,Right,6291.372189823272,6884.920359368356,1249.4585525339778,(x - 6291.37)^2 + (y - 6884.92)^2 = 1561146.67
2024,12,British Grand Prix,11.0,Left,8692.334696172255,5652.935490383169,1370.734662065682,(x - 8692.33)^2 + (y - 5652.94)^2 = 1878913.51
2024,12,British Grand Prix,12.0,Right,6743.8579614585105,4276.891780720034,1026.1003746549607,(x - 6743.86)^2 + (y - 4276.89)^2 = 1052881.98
2024,12,British Grand Prix,13.0,Left,8205.016021435371,1487.4929071339507,2172.0151854765945,(x - 8205.02)^2 + (y - 1487.49)^2 = 4717649.97
2024,12,British Grand Prix,14.0,Right,2257.1441468894222,-3033.52664152634,1084.5208015318342,(x - 2257.14)^2 + (y - -3033.53)^2 = 1176185.37
2024,12,British Grand Prix,15.0,Left,-868.7371032811848,-1366.0928073268674,462.3257512132726,(x - -868.74)^2 + (y - -1366.09)^2 = 213745.10
2024,12,British Grand Prix,16.0,Right,-1313.5208859355357,23.203994421965625,1115.1747549214388,(x - -1313.52)^2 + (y - 23.20)^2 = 1243614.73
2024,13,Hungarian Grand Prix,1.0,Right,-5706.153230049718,3796.1934636625797,396.0391739326701,(x - -5706.15)^2 + (y - 3796.19)^2 = 156847.03
2024,13,Hungarian Grand Prix,2.0,Left,-2079.119300626107,2698.87162102126,530.402781067278,(x - -2079.12)^2 + (y - 2698.87)^2 = 281327.11
2024,13,Hungarian Grand Prix,3.0,Right,-967.9611872146119,4009.3433405880596,1120.042152664932,(x - -967.96)^2 + (y - 4009.34)^2 = 1254494.42
2024,13,Hungarian Grand Prix,4.0,Left,-870.161815187529,8407.644011880906,1061.2118649110985,(x - -870.16)^2 + (y - 8407.64)^2 = 1126170.62
2024,13,Hungarian Grand Prix,5.0,Right,555.883330297479,9867.628097168934,767.0042458166446,(x - 555.88)^2 + (y - 9867.63)^2 = 588295.51
2024,13,Hungarian Grand Prix,6.0,Right,1969.9258253264093,8707.151423039608,432.1626510221254,(x - 1969.93)^2 + (y - 8707.15)^2 = 186764.56
2024,13,Hungarian Grand Prix,7.0,Left,3240.320856281934,8125.267818731381,993.6172555620457,(x - 3240.32)^2 + (y - 8125.27)^2 = 987275.25
2024,13,Hungarian Grand Prix,8.0,Left,3235.747162833935,7329.138952061584,771.789501284819,(x - 3235.75)^2 + (y - 7329.14)^2 = 595659.03
2024,13,Hungarian Grand Prix,9.0,Right,3335.394801373222,5836.592202059834,733.4383435408292,(x - 3335.39)^2 + (y - 5836.59)^2 = 537931.80
2024,13,Hungarian Grand Prix,10.0,Left,5555.34209393676,4665.757784039236,1733.5118616117916,(x - 5555.34)^2 + (y - 4665.76)^2 = 3005063.37
2024,13,Hungarian Grand Prix,11.0,Right,3547.9139882066356,2805.8739605426413,1006.9208741803131,(x - 3547.91)^2 + (y - 2805.87)^2 = 1013889.65
2024,13,Hungarian Grand Prix,12.0,Right,1771.6504822002562,239.7883684447842,538.8059245001699,(x - 1771.65)^2 + (y - 239.79)^2 = 290311.82
2024,13,Hungarian Grand Prix,13.0,Left,192.27348012144728,676.1729357292714,467.5690332174231,(x - 192.27)^2 + (y - 676.17)^2 = 218620.80
2024,13,Hungarian Grand Prix,14.0,Right,355.3975878222046,-845.2415048414937,688.7483258100606,(x - 355.40)^2 + (y - -845.24)^2 = 474374.26
2024,14,Belgian Grand Prix,1.0,Right,-2074.00034654399,4295.491682944238,266.68117532959303,(x - -2074.00)^2 + (y - 4295.49)^2 = 71118.85
2024,14,Belgian Grand Prix,2.0,Left,3660.490844201822,1676.6708910888262,1342.0295471805719,(x - 3660.49)^2 + (y - 1676.67)^2 = 1801043.31
2024,14,Belgian Grand Prix,3.0,Right,2388.0225850827806,-931.4235371469199,1588.4677198287134,(x - 2388.02)^2 + (y - -931.42)^2 = 2523229.70
2024,14,Belgian Grand Prix,4.0,Left,6136.329341317365,-376.66966067864274,2224.007509254972,(x - 6136.33)^2 + (y - -376.67)^2 = 4946209.40
2024,14,Belgian Grand Prix,5.0,Right,7678.922165109242,-11346.213573678917,643.4411796954819,(x - 7678.92)^2 + (y - -11346.21)^2 = 414016.55
2024,14,Belgian Grand Prix,6.0,Left,8477.191596549837,-12436.176666759677,689.1089502750295,(x - 8477.19)^2 + (y - -12436.18)^2 = 474871.15
2024,14,Belgian Grand Prix,7.0,Right,7139.405772743668,-13398.84423801521,897.9804721817483,(x - 7139.41)^2 + (y - -13398.84)^2 = 806368.93
2024,14,Belgian Grand Prix,8.0,Right,5210.795143735752,-15256.192440320314,503.002032737787,(x - 5210.80)^2 + (y - -15256.19)^2 = 253011.04
2024,14,Belgian Grand Prix,9.0,Left,5337.243162818847,-13671.159142678674,795.5064045974948,(x - 5337.24)^2 + (y - -13671.16)^2 = 632830.44
2024,14,Belgian Grand Prix,10.0,Left,3825.8014785592077,-9703.993169706351,1162.9519391342014,(x - 3825.80)^2 + (y - -9703.99)^2 = 1352457.21
2024,14,Belgian Grand Prix,11.0,Left,3634.247148681787,-10328.924822024654,1799.2929493043946,(x - 3634.25)^2 + (y - -10328.92)^2 = 3237455.12
2024,14,Belgian Grand Prix,12.0,Right,295.0073117746308,-12132.142285545413,827.3804994930034,(x - 295.01)^2 + (y - -12132.14)^2 = 684558.49
2024,14,Belgian Grand Prix,13.0,Left,-638.2930109391228,-13709.955997532614,1029.2581549840406,(x - -638.29)^2 + (y - -13709.96)^2 = 1059372.35
2024,14,Belgian Grand Prix,14.0,Right,-2797.9932759266107,-14139.83488945141,744.0093057282209,(x - -2797.99)^2 + (y - -14139.83)^2 = 553549.85
2024,14,Belgian Grand Prix,15.0,Right,-2877.51947426592,-13173.257012808022,1476.7123622759057,(x - -2877.52)^2 + (y - -13173.26)^2 = 2180679.40
2024,14,Belgian Grand Prix,16.0,Left,-1932.2134965666453,-6619.338660793905,2894.9966180312313,(x - -1932.21)^2 + (y - -6619.34)^2 = 8381005.42
2024,14,Belgian Grand Prix,17.0,Left,-728.6918671890695,-5891.575769831952,2070.194455197212,(x - -728.69)^2 + (y - -5891.58)^2 = 4285705.08
2024,14,Belgian Grand Prix,18.0,Right,285.53548844382624,-882.8315744898479,334.6459822809252,(x - 285.54)^2 + (y - -882.83)^2 = 111987.93
2024,14,Belgian Grand Prix,19.0,Left,304.42747978657957,-295.93057666793754,255.474594854075,(x - 304.43)^2 + (y - -295.93)^2 = 65267.27
2024,15,Dutch Grand Prix,1.0,Right,1905.1740982071888,6226.068960683809,465.9139109488542,(x - 1905.17)^2 + (y - 6226.07)^2 = 217075.77
2024,15,Dutch Grand Prix,2.0,Left,3290.6799483170626,4488.7493874157335,1524.7663374725485,(x - 3290.68)^2 + (y - 4488.75)^2 = 2324912.38
2024,15,Dutch Grand Prix,3.0,Right,1012.9429296412526,4172.197998835031,796.9940095293783,(x - 1012.94)^2 + (y - 4172.20)^2 = 635199.45
2024,15,Dutch Grand Prix,4.0,Left,1047.5726613425838,2962.4844280105212,409.5311558489033,(x - 1047.57)^2 + (y - 2962.48)^2 = 167715.77
2024,15,Dutch Grand Prix,5.0,Right,2898.9567125609765,448.44879687822885,2590.748091170911,(x - 2898.96)^2 + (y - 448.45)^2 = 6711975.67
2024,15,Dutch Grand Prix,6.0,Left,4343.097617962129,4566.8762275818735,1714.0189486274276,(x - 4343.10)^2 + (y - 4566.88)^2 = 2937860.96
2024,15,Dutch Grand Prix,7.0,Right,6588.856651855062,1817.9760085932935,1798.3922941003764,(x - 6588.86)^2 + (y - 1817.98)^2 = 3234214.84
2024,15,Dutch Grand Prix,8.0,Right,7693.70851737974,2583.4892893648057,1025.5265987765388,(x - 7693.71)^2 + (y - 2583.49)^2 = 1051704.80
2024,15,Dutch Grand Prix,9.0,Right,6667.306607418722,462.413617451529,1007.2529127285954,(x - 6667.31)^2 + (y - 462.41)^2 = 1014558.43
2024,15,Dutch Grand Prix,10.0,Left,6944.501600836704,2048.0280626674207,517.474829100132,(x - 6944.50)^2 + (y - 2048.03)^2 = 267780.20
2024,15,Dutch Grand Prix,11.0,Right,2106.0241073548223,1874.4995347373458,319.3041522299474,(x - 2106.02)^2 + (y - 1874.50)^2 = 101955.14
2024,15,Dutch Grand Prix,12.0,Left,1570.6491496037297,1428.956344384192,375.8941973745905,(x - 1570.65)^2 + (y - 1428.96)^2 = 141296.45
2024,15,Dutch Grand Prix,13.0,Right,998.8270990175336,-1020.2772178569832,612.5471942971681,(x - 998.83)^2 + (y - -1020.28)^2 = 375214.07
2024,15,Dutch Grand Prix,14.0,Right,271.5064101746941,-290.61039190667157,1261.4459703445452,(x - 271.51)^2 + (y - -290.61)^2 = 1591245.94
2024,16,Italian Grand Prix,1.0,Right,-297.82886088640885,8001.0959465864435,320.1949405508314,(x - -297.83)^2 + (y - 8001.10)^2 = 102524.80
2024,16,Italian Grand Prix,2.0,Left,-460.58574739281573,8587.51940903824,325.4837694091571,(x - -460.59)^2 + (y - 8587.52)^2 = 105939.68
2024,16,Italian Grand Prix,3.0,Right,2785.39716396923,11018.865018939232,3158.3597710319946,(x - 2785.40)^2 + (y - 11018.87)^2 = 9975236.44
2024,16,Italian Grand Prix,4.0,Right,3089.9626350786475,10530.338023936254,3727.2607172359662,(x - 3089.96)^2 + (y - 10530.34)^2 = 13892472.45
2024,16,Italian Grand Prix,5.0,Left,6474.796662030598,15021.501251738526,506.74752347101054,(x - 6474.80)^2 + (y - 15021.50)^2 = 256793.05
2024,16,Italian Grand Prix,6.0,Right,7559.19131827898,14387.789081379331,758.0753173643963,(x - 7559.19)^2 + (y - 14387.79)^2 = 574678.19
2024,16,Italian Grand Prix,7.0,Right,10008.576267754388,14964.304742087776,916.8973172615877,(x - 10008.58)^2 + (y - 14964.30)^2 = 840700.69
2024,16,Italian Grand Prix,8.0,Right,10271.414391934557,13038.965243652408,798.0325612369236,(x - 10271.41)^2 + (y - 13038.97)^2 = 636855.97
2024,16,Italian Grand Prix,9.0,Left,3457.497494170466,5874.511363240873,934.699165030683,(x - 3457.50)^2 + (y - 5874.51)^2 = 873662.53
2024,16,Italian Grand Prix,10.0,Right,1141.0158075482768,5720.360027266295,1407.0802126362441,(x - 1141.02)^2 + (y - 5720.36)^2 = 1979874.72
2024,16,Italian Grand Prix,11.0,Left,3360.5094690347437,3738.989758409216,1623.8134757069818,(x - 3360.51)^2 + (y - 3738.99)^2 = 2636770.20
2024,16,Italian Grand Prix,12.0,Right,-209.5713372768592,-4438.397676234669,1271.3411392461921,(x - -209.57)^2 + (y - -4438.40)^2 = 1616308.29
2024,17,Azerbaijan Grand Prix,1.0,Left,3254.289885938818,833.2258389092405,485.6023220423192,(x - 3254.29)^2 + (y - 833.23)^2 = 235809.62
2024,17,Azerbaijan Grand Prix,2.0,Left,2303.069211323134,3414.3755560727645,282.8894859549797,(x - 2303.07)^2 + (y - 3414.38)^2 = 80026.46
2024,17,Azerbaijan Grand Prix,3.0,Left,-5333.891073065471,261.54878769036037,259.2084194305709,(x - -5333.89)^2 + (y - 261.55)^2 = 67189.00
2024,17,Azerbaijan Grand Prix,4.0,Right,-5141.4755303394595,-1602.765246497291,303.77302890102305,(x - -5141.48)^2 + (y - -1602.77)^2 = 92278.05
2024,17,Azerbaijan Grand Prix,5.0,Left,-7351.290770558871,-3476.370622677626,394.9896967966426,(x - -7351.29)^2 + (y - -3476.37)^2 = 156016.86
2024,17,Azerbaijan Grand Prix,6.0,Right,-7872.8269222387535,-3861.113778102188,260.6002807325086,(x - -7872.83)^2 + (y - -3861.11)^2 = 67912.51
2024,17,Azerbaijan Grand Prix,7.0,Right,-10704.370067633548,-6019.169264711201,218.64069391571607,(x - -10704.37)^2 + (y - -6019.17)^2 = 47803.75
2024,17,Azerbaijan Grand Prix,8.0,Left,-11967.071904893974,-4938.5170735274505,749.3269862786406,(x - -11967.07)^2 + (y - -4938.52)^2 = 561490.93
2024,17,Azerbaijan Grand Prix,9.0,Right,-12235.225695372043,-3853.245190098564,307.11039297768144,(x - -12235.23)^2 + (y - -3853.25)^2 = 94316.79
2024,17,Azerbaijan Grand Prix,10.0,Left,-13006.493672460398,-4306.508751109195,715.7499271333375,(x - -13006.49)^2 + (y - -4306.51)^2 = 512297.96
2024,17,Azerbaijan Grand Prix,11.0,Left,-15073.51730886858,-6110.332489530334,1443.9284896133486,(x - -15073.52)^2 + (y - -6110.33)^2 = 2084929.48
2024,17,Azerbaijan Grand Prix,12.0,Left,-14361.51377528529,-7540.559874514602,2547.0393664652865,(x - -14361.51)^2 + (y - -7540.56)^2 = 6487409.53
2024,17,Azerbaijan Grand Prix,13.0,Left,-16644.020151773202,-9450.212574191828,229.2407578224789,(x - -16644.02)^2 + (y - -9450.21)^2 = 52551.33
2024,17,Azerbaijan Grand Prix,14.0,Left,-13823.882510096915,-10712.210839306905,430.25312978969987,(x - -13823.88)^2 + (y - -10712.21)^2 = 185117.76
2024,17,Azerbaijan Grand Prix,15.0,Left,-12551.68811881188,-6764.559405940594,1832.1650597706757,(x - -12551.69)^2 + (y - -6764.56)^2 = 3356828.81
2024,17,Azerbaijan Grand Prix,16.0,Right,-9531.589457154389,-6952.667372898299,1163.2986234111513,(x - -9531.59)^2 + (y - -6952.67)^2 = 1353263.69
2024,17,Azerbaijan Grand Prix,17.0,Right,-6207.359906213364,-7075.930832356389,3266.190871219218,(x - -6207.36)^2 + (y - -7075.93)^2 = 10668002.81
2024,18,Singapore Grand Prix,1.0,Left,-56.735606238129506,3067.149663014228,610.3855671747732,(x - -56.74)^2 + (y - 3067.15)^2 = 372570.54
2024,18,Singapore Grand Prix,2.0,Right,580.4166214590504,5144.238682793789,1622.09152133495,(x - 580.42)^2 + (y - 5144.24)^2 = 2631180.90
2024,18,Singapore Grand Prix,3.0,Left,-616.3659123073403,3328.279179016114,661.0224760685592,(x - -616.37)^2 + (y - 3328.28)^2 = 436950.71
2024,18,Singapore Grand Prix,4.0,Right,-1078.9192453145545,835.380948763812,658.5415834891469,(x - -1078.92)^2 + (y - 835.38)^2 = 433677.02
2024,18,Singapore Grand Prix,5.0,Right,-4533.926824240813,2955.500636871726,2538.1440019002243,(x - -4533.93)^2 + (y - 2955.50)^2 = 6442174.97
2024,18,Singapore Grand Prix,6.0,Left,-8168.944333109674,1553.2766056292123,603.4011705740932,(x - -8168.94)^2 + (y - 1553.28)^2 = 364092.97
2024,18,Singapore Grand Prix,7.0,Right,-9563.116689088807,815.6643726903083,284.79021965712633,(x - -9563.12)^2 + (y - 815.66)^2 = 81105.47
2024,18,Singapore Grand Prix,8.0,Left,-10917.44935791965,1059.378618677674,601.8836652267992,(x - -10917.45)^2 + (y - 1059.38)^2 = 362263.95
2024,18,Singapore Grand Prix,9.0,Left,-12468.859387197632,-1959.318796090375,740.7229623948472,(x - -12468.86)^2 + (y - -1959.32)^2 = 548670.51
2024,18,Singapore Grand Prix,10.0,Right,-12804.490639173948,-3195.0524360596905,589.5050450951832,(x - -12804.49)^2 + (y - -3195.05)^2 = 347516.20
2024,18,Singapore Grand Prix,11.0,Left,-11570.0,-3344.0,607.1655457945551,(x - -11570.00)^2 + (y - -3344.00)^2 = 368650.00
2024,18,Singapore Grand Prix,12.0,Right,-12452.617783768475,-5378.28975118667,1531.1133689651808,(x - -12452.62)^2 + (y - -5378.29)^2 = 2344308.15
2024,18,Singapore Grand Prix,13.0,Left,-10827.030858361055,-4686.089430201924,220.0031187076336,(x - -10827.03)^2 + (y - -4686.09)^2 = 48401.37
2024,18,Singapore Grand Prix,14.0,Right,-9251.845777257447,-210.7179674922417,339.81103242715534,(x - -9251.85)^2 + (y - -210.72)^2 = 115471.54
2024,18,Singapore Grand Prix,15.0,Left,-6684.23061962527,235.48027095043616,1676.694456829777,(x - -6684.23)^2 + (y - 235.48)^2 = 2811304.30
2024,18,Singapore Grand Prix,16.0,Right,-2811.4414192967783,-2021.8437966751276,366.11156220628175,(x - -2811.44)^2 + (y - -2021.84)^2 = 134037.68
2024,18,Singapore Grand Prix,17.0,Left,-1705.7391162730098,-1836.0428927727214,767.2862164216209,(x - -1705.74)^2 + (y - -1836.04)^2 = 588728.14
2024,18,Singapore Grand Prix,18.0,Left,-84.45536519386835,-1438.9572948602345,1288.3184261374524,(x - -84.46)^2 + (y - -1438.96)^2 = 1659764.37
2024,19,United States Grand Prix,1.0,Left,3545.460423035611,-3823.600305709328,274.872124314472,(x - 3545.46)^2 + (y - -3823.60)^2 = 75554.68
2024,19,United States Grand Prix,2.0,Left,2990.825184777123,-3618.220082429213,785.3159234241547,(x - 2990.83)^2 + (y - -3618.22)^2 = 616721.10
2024,19,United States Grand Prix,3.0,Right,4784.7822373612025,-2162.527723206718,1444.1727044217273,(x - 4784.78)^2 + (y - -2162.53)^2 = 2085634.80
2024,19,United States Grand Prix,4.0,Left,3891.8964710256187,1147.2743290883068,1908.8450792269578,(x - 3891.90)^2 + (y - 1147.27)^2 = 3643689.54
2024,19,United States Grand Prix,5.0,Right,6568.886287773425,131.30966502054193,906.4875023018359,(x - 6568.89)^2 + (y - 131.31)^2 = 821719.59
2024,19,United States Grand Prix,6.0,Left,5633.553593252788,1951.2760080812639,1171.9283481798943,(x - 5633.55)^2 + (y - 1951.28)^2 = 1373416.05
2024,19,United States Grand Prix,7.0,Right,7924.88156961867,1596.6517694643835,1158.7509634539076,(x - 7924.88)^2 + (y - 1596.65)^2 = 1342703.80
2024,19,United States Grand Prix,8.0,Left,9113.958412300011,3212.4655498637917,857.3902647730041,(x - 9113.96)^2 + (y - 3212.47)^2 = 735118.07
2024,19,United States Grand Prix,9.0,Right,10545.56000985021,2666.488358072076,600.2662032030553,(x - 10545.56)^2 + (y - 2666.49)^2 = 360319.51
2024,19,United States Grand Prix,10.0,Left,11574.521707061027,3758.5995351119764,952.7074082354211,(x - 11574.52)^2 + (y - 3758.60)^2 = 907651.41
2024,19,United States Grand Prix,11.0,Left,12351.22481290551,4659.635883439822,1601.1718857276928,(x - 12351.22)^2 + (y - 4659.64)^2 = 2563751.41
2024,19,United States Grand Prix,12.0,Left,15300.80215422056,6151.064125242237,306.27223556272014,(x - 15300.80)^2 + (y - 6151.06)^2 = 93802.68
2024,19,United States Grand Prix,13.0,Left,4419.227922473179,3744.791762404817,430.93292721458386,(x - 4419.23)^2 + (y - 3744.79)^2 = 185703.19
2024,19,United States Grand Prix,14.0,Right,4377.07288936764,2402.04447477805,601.6528294698631,(x - 4377.07)^2 + (y - 2402.04)^2 = 361986.13
2024,19,United States Grand Prix,15.0,Left,3354.4176431638534,2832.5839645118713,453.8924129057226,(x - 3354.42)^2 + (y - 2832.58)^2 = 206018.32
2024,19,United States Grand Prix,16.0,Right,2309.6772280392843,1211.6632326467857,1376.7505055603533,(x - 2309.68)^2 + (y - 1211.66)^2 = 1895441.95
2024,19,United States Grand Prix,17.0,Left,-170.1290725996692,959.7256935336397,951.9859604580299,(x - -170.13)^2 + (y - 959.73)^2 = 906277.27
2024,19,United States Grand Prix,18.0,Left,-2055.8921622881107,652.6068328770315,483.7407056758046,(x - -2055.89)^2 + (y - 652.61)^2 = 234005.07
2024,20,Mexico City Grand Prix,1.0,Right,11061.43693012032,-872.364463468177,550.1942521532551,(x - 11061.44)^2 + (y - -872.36)^2 = 302713.72
2024,20,Mexico City Grand Prix,2.0,Left,11985.277916515694,-1218.7407757981036,419.36040821220314,(x - 11985.28)^2 + (y - -1218.74)^2 = 175863.15
2024,20,Mexico City Grand Prix,3.0,Right,11544.12083500814,-1993.191469888809,488.8697884700029,(x - 11544.12)^2 + (y - -1993.19)^2 = 238993.67
2024,20,Mexico City Grand Prix,4.0,Left,9174.613588419292,-7699.544446060959,390.832472233208,(x - 9174.61)^2 + (y - -7699.54)^2 = 152750.02
2024,20,Mexico City Grand Prix,5.0,Right,9005.435468510426,-8330.36300259139,252.5163725232261,(x - 9005.44)^2 + (y - -8330.36)^2 = 63764.52
2024,20,Mexico City Grand Prix,6.0,Right,8322.14848625296,-8646.084824458312,386.03172445977634,(x - 8322.15)^2 + (y - -8646.08)^2 = 149020.49
2024,20,Mexico City Grand Prix,7.0,Left,7530.279677669569,-6139.125924329915,876.1191638758544,(x - 7530.28)^2 + (y - -6139.13)^2 = 767584.79
2024,20,Mexico City Grand Prix,8.0,Right,8669.561140216521,-4122.382129629869,1460.7439905105105,(x - 8669.56)^2 + (y - -4122.38)^2 = 2133773.01
2024,20,Mexico City Grand Prix,9.0,Left,6157.470555483313,-5523.483159107966,1423.8117561298793,(x - 6157.47)^2 + (y - -5523.48)^2 = 2027239.92
2024,20,Mexico City Grand Prix,10.0,Right,5901.637581454646,-3187.8220286105716,930.1557213002966,(x - 5901.64)^2 + (y - -3187.82)^2 = 865189.67
2024,20,Mexico City Grand Prix,11.0,Left,3881.8355692156897,-3751.7655885638865,1171.3030971529442,(x - 3881.84)^2 + (y - -3751.77)^2 = 1371950.95
2024,20,Mexico City Grand Prix,12.0,Right,0.38994702043398044,-1131.9447511431924,632.4813751546105,(x - 0.39)^2 + (y - -1131.94)^2 = 400032.69
2024,20,Mexico City Grand Prix,13.0,Left,-860.5344797593413,-197.88727491826737,282.4248795457872,(x - -860.53)^2 + (y - -197.89)^2 = 79763.81
2024,20,Mexico City Grand Prix,14.0,Right,-1433.0886972045944,355.8871213969999,528.6563468235838,(x - -1433.09)^2 + (y - 355.89)^2 = 279477.53
2024,20,Mexico City Grand Prix,15.0,Right,-1472.9734020142316,478.6085223466531,875.4490126973003,(x - -1472.97)^2 + (y - 478.61)^2 = 766410.97
2024,21,São Paulo Grand Prix,1.0,Left,-2408.562893468203,-8013.342521645135,486.23254046166136,(x - -2408.56)^2 + (y - -8013.34)^2 = 236422.08
2024,21,São Paulo Grand Prix,2.0,Right,-1579.8147996599216,-8474.19703528354,404.043649236611,(x - -1579.81)^2 + (y - -8474.20)^2 = 163251.27
2024,21,São Paulo Grand Prix,3.0,Left,-553.7333234009192,-6762.727126160995,1579.8383500534806,(x - -553.73)^2 + (y - -6762.73)^2 = 2495889.21
2024,21,São Paulo Grand Prix,4.0,Left,1743.9738171527438,-1415.5122307595718,677.0817181690023,(x - 1743.97)^2 + (y - -1415.51)^2 = 458439.65
2024,21,São Paulo Grand Prix,5.0,Left,1258.9099339473646,-2311.857759375037,1655.349751492528,(x - 1258.91)^2 + (y - -2311.86)^2 = 2740182.80
2024,21,São Paulo Grand Prix,6.0,Right,-2503.4763719116954,-3072.355134101547,1016.2177530457925,(x - -2503.48)^2 + (y - -3072.36)^2 = 1032698.52
2024,21,São Paulo Grand Prix,7.0,Right,-3278.3263236582634,-2434.0421986615293,381.3014446607386,(x - -3278.33)^2 + (y - -2434.04)^2 = 145390.79
2024,21,São Paulo Grand Prix,8.0,Left,-2618.698182191048,-1856.2150864909067,437.13877859880375,(x - -2618.70)^2 + (y - -1856.22)^2 = 191090.31
2024,21,São Paulo Grand Prix,9.0,Right,-2983.1039590956757,-305.33069683235976,507.50450560307826,(x - -2983.10)^2 + (y - -305.33)^2 = 257560.82
2024,21,São Paulo Grand Prix,10.0,Left,-1490.7010250367161,473.8910206746758,1189.066142604283,(x - -1490.70)^2 + (y - 473.89)^2 = 1413878.29
2024,21,São Paulo Grand Prix,11.0,Left,-228.87930247594417,1216.6337618377515,460.034398584036,(x - -228.88)^2 + (y - 1216.63)^2 = 211631.65
2024,21,São Paulo Grand Prix,12.0,Left,-1023.7752562199297,-623.8682287287085,2511.0135588896846,(x - -1023.78)^2 + (y - -623.87)^2 = 6305189.09
2024,21,São Paulo Grand Prix,13.0,Left,-1282.3097906359048,-731.2769483987038,2535.047074086795,(x - -1282.31)^2 + (y - -731.28)^2 = 6426463.67
2024,22,Las Vegas Grand Prix,1.0,Left,3080.742454101075,1450.5799650904332,642.7795663645592,(x - 3080.74)^2 + (y - 1450.58)^2 = 413165.57
2024,22,Las Vegas Grand Prix,2.0,Right,1623.8354022205835,2241.564803043958,1043.3054014425488,(x - 1623.84)^2 + (y - 2241.56)^2 = 1088486.16
2024,22,Las Vegas Grand Prix,3.0,Right,723.7913932588791,10234.545848373502,482.70306981470026,(x - 723.79)^2 + (y - 10234.55)^2 = 233002.25
2024,22,Las Vegas Grand Prix,4.0,Left,2160.38908279045,12375.64240024673,1652.7109696587709,(x - 2160.39)^2 + (y - 12375.64)^2 = 2731453.55
2024,22,Las Vegas Grand Prix,5.0,Left,3414.520074891283,12266.866791485474,548.2990149110647,(x - 3414.52)^2 + (y - 12266.87)^2 = 300631.81
2024,22,Las Vegas Grand Prix,6.0,Right,3655.8646981985235,13144.37956557245,366.0196610049216,(x - 3655.86)^2 + (y - 13144.38)^2 = 133970.39
2024,22,Las Vegas Grand Prix,7.0,Left,3272.0551710751397,13923.927189728547,369.43387378473864,(x - 3272.06)^2 + (y - 13923.93)^2 = 136481.39
2024,22,Las Vegas Grand Prix,8.0,Right,130.46474451479537,16391.190755942855,2099.3471543950427,(x - 130.46)^2 + (y - 16391.19)^2 = 4407258.47
2024,22,Las Vegas Grand Prix,9.0,Left,-4255.739542401393,15389.227801031331,2302.034243870546,(x - -4255.74)^2 + (y - 15389.23)^2 = 5299361.66
2024,22,Las Vegas Grand Prix,10.0,Left,-4453.809031346352,17355.84750770812,418.17258934112965,(x - -4453.81)^2 + (y - 17355.85)^2 = 174868.31
2024,22,Las Vegas Grand Prix,11.0,Left,-7234.521263617584,-797.4345960659643,483.755775210319,(x - -7234.52)^2 + (y - -797.43)^2 = 234019.65
2024,22,Las Vegas Grand Prix,12.0,Right,-7796.18105910367,-2593.923276180999,1437.8780422089662,(x - -7796.18)^2 + (y - -2593.92)^2 = 2067493.26
2024,22,Las Vegas Grand Prix,13.0,Left,-6297.056573602521,-865.833709173943,852.1771416216679,(x - -6297.06)^2 + (y - -865.83)^2 = 726205.88
2024,22,Las Vegas Grand Prix,14.0,Left,243.60952059587797,511.4477862008753,2120.6038627957523,(x - 243.61)^2 + (y - 511.45)^2 = 4496960.74
2024,23,Qatar Grand Prix,1.0,Right,-3809.3645441410254,5272.634698202856,672.3210623557923,(x - -3809.36)^2 + (y - 5272.63)^2 = 452015.61
2024,23,Qatar Grand Prix,2.0,Left,-1944.9535271388675,5627.200389436537,754.1473958460746,(x - -1944.95)^2 + (y - 5627.20)^2 = 568738.29
2024,23,Qatar Grand Prix,3.0,Right,105.545876279167,6718.863512630881,1348.0948993697327,(x - 105.55)^2 + (y - 6718.86)^2 = 1817359.86
2024,23,Qatar Grand Prix,4.0,Right,1606.7506198090512,8948.380402871953,1027.4630827590975,(x - 1606.75)^2 + (y - 8948.38)^2 = 1055680.39
2024,23,Qatar Grand Prix,5.0,Left,1511.433002719565,6802.700586572815,361.82877917641383,(x - 1511.43)^2 + (y - 6802.70)^2 = 130920.07
2024,23,Qatar Grand Prix,6.0,Right,4320.808450873074,6892.483930593366,695.6134301217202,(x - 4320.81)^2 + (y - 6892.48)^2 = 483878.04
2024,23,Qatar Grand Prix,7.0,Left,6386.0141035133265,4485.826734312313,2560.40381053383,(x - 6386.01)^2 + (y - 4485.83)^2 = 6555667.67
2024,23,Qatar Grand Prix,8.0,Left,9251.985338646775,3353.752560095971,5659.643168957235,(x - 9251.99)^2 + (y - 3353.75)^2 = 32031560.80
2024,23,Qatar Grand Prix,9.0,Right,2820.007668696344,5151.627045631521,1031.2284193527,(x - 2820.01)^2 + (y - 5151.63)^2 = 1063432.05
2024,23,Qatar Grand Prix,10.0,Left,2156.9214065284273,3420.417374193915,552.4486641062969,(x - 2156.92)^2 + (y - 3420.42)^2 = 305199.53
2024,23,Qatar Grand Prix,11.0,Left,4147.7576814482645,5169.018684603886,3196.154615258451,(x - 4147.76)^2 + (y - 5169.02)^2 = 10215404.32
2024,23,Qatar Grand Prix,12.0,Right,6545.015035050513,967.5921272717521,1259.294748246302,(x - 6545.02)^2 + (y - 967.59)^2 = 1585823.26
2024,23,Qatar Grand Prix,13.0,Right,6913.670284867809,535.5557531338412,1124.0956234212483,(x - 6913.67)^2 + (y - 535.56)^2 = 1263590.97
2024,23,Qatar Grand Prix,14.0,Right,6623.770262412753,-419.47563937556896,813.8003646181021,(x - 6623.77)^2 + (y - -419.48)^2 = 662271.03
2024,23,Qatar Grand Prix,15.0,Left,4267.5592717553445,-1797.0359565937372,1031.0896823658834,(x - 4267.56)^2 + (y - -1797.04)^2 = 1063145.93
2024,23,Qatar Grand Prix,16.0,Right,1281.1437487911205,-3861.2385993364182,747.3199563674796,(x - 1281.14)^2 + (y - -3861.24)^2 = 558487.12
2024,24,Abu Dhabi Grand Prix,1.0,Left,3856.793928429235,3015.877256260967,573.5260452086875,(x - 3856.79)^2 + (y - 3015.88)^2 = 328932.12
2024,24,Abu Dhabi Grand Prix,2.0,Left,3180.260435863902,4435.711322675485,914.403532209749,(x - 3180.26)^2 + (y - 4435.71)^2 = 836133.82
2024,24,Abu Dhabi Grand Prix,3.0,Right,3285.19874581462,6576.305682747906,1160.4579539346237,(x - 3285.20)^2 + (y - 6576.31)^2 = 1346662.66
2024,24,Abu Dhabi Grand Prix,4.0,Left,1794.4342383129792,11319.871094817892,449.1805532450405,(x - 1794.43)^2 + (y - 11319.87)^2 = 201763.17
2024,24,Abu Dhabi Grand Prix,5.0,Left,-1957.4793270745254,857.1303156557808,288.7954512751393,(x - -1957.48)^2 + (y - 857.13)^2 = 83402.81
2024,24,Abu Dhabi Grand Prix,6.0,Right,-1742.2606628298809,300.75640332335354,309.27294633261783,(x - -1742.26)^2 + (y - 300.76)^2 = 95649.76
2024,24,Abu Dhabi Grand Prix,7.0,Left,5020.913248582338,-4566.131004671779,766.8798846839476,(x - 5020.91)^2 + (y - -4566.13)^2 = 588104.76
2024,24,Abu Dhabi Grand Prix,8.0,Right,3389.668645503501,-1926.3082130935277,1698.064518760401,(x - 3389.67)^2 + (y - -1926.31)^2 = 2883423.11
2024,24,Abu Dhabi Grand Prix,9.0,Right,2358.3508392982126,-2211.2677637731367,906.4851804026885,(x - 2358.35)^2 + (y - -2211.27)^2 = 821715.38
2024,24,Abu Dhabi Grand Prix,10.0,Left,2053.5785263730695,-730.6881782896711,722.7460565964627,(x - 2053.58)^2 + (y - -730.69)^2 = 522361.86
2024,24,Abu Dhabi Grand Prix,11.0,Right,246.49096088630108,719.1093726743835,980.5163756141295,(x - 246.49)^2 + (y - 719.11)^2 = 961412.36
2024,24,Abu Dhabi Grand Prix,12.0,Right,353.7175345853657,1534.6315452244,1473.9534141727888,(x - 353.72)^2 + (y - 1534.63)^2 = 2172538.67
2024,24,Abu Dhabi Grand Prix,13.0,Right,-769.6413809470246,1642.4222707061679,344.74162255389365,(x - -769.64)^2 + (y - 1642.42)^2 = 118846.79
2025,1,Australian Grand Prix,1.0,Right,-2891.0623350243113,1378.7651783796641,796.1714221485547,(x - -2891.06)^2 + (y - 1378.77)^2 = 633888.93
2025,1,Australian Grand Prix,2.0,Left,-4923.546280796777,2002.0350680108004,1368.5153651217652,(x - -4923.55)^2 + (y - 2002.04)^2 = 1872834.30
2025,1,Australian Grand Prix,3.0,Right,-6840.268770260624,6931.594575437423,395.70472290345697,(x - -6840.27)^2 + (y - 6931.59)^2 = 156582.23
2025,1,Australian Grand Prix,4.0,Left,-6449.432805608522,8053.5943090577675,673.5005939499023,(x - -6449.43)^2 + (y - 8053.59)^2 = 453603.05
2025,1,Australian Grand Prix,5.0,Right,-4734.998008512375,9236.705287917468,1218.3277911250468,(x - -4735.00)^2 + (y - 9236.71)^2 = 1484322.61
2025,1,Australian Grand Prix,6.0,Right,-2260.534177370328,11160.42493354382,683.6147048270357,(x - -2260.53)^2 + (y - 11160.42)^2 = 467329.06
2025,1,Australian Grand Prix,7.0,Left,-735.358407079646,13628.18413886998,2302.104624213308,(x - -735.36)^2 + (y - 13628.18)^2 = 5299685.70
2025,1,Australian Grand Prix,8.0,Right,-1101.9661878623194,9185.821767803225,2126.492696546618,(x - -1101.97)^2 + (y - 9185.82)^2 = 4521971.19
2025,1,Australian Grand Prix,9.0,Right,-2554.707834402254,8418.268842453452,3722.4871851851094,(x - -2554.71)^2 + (y - 8418.27)^2 = 13856910.84
2025,1,Australian Grand Prix,10.0,Right,-1988.07677516314,8188.449651018426,3159.962983231201,(x - -1988.08)^2 + (y - 8188.45)^2 = 9985366.06
2025,1,Australian Grand Prix,11.0,Left,2816.159870014018,4731.881037339111,2559.838105325373,(x - 2816.16)^2 + (y - 4731.88)^2 = 6552771.13
2025,1,Australian Grand Prix,12.0,Left,3789.9458126490877,4556.616497969183,3513.3265016599607,(x - 3789.95)^2 + (y - 4556.62)^2 = 12343463.11
2025,1,Australian Grand Prix,13.0,Left,3352.08441452102,4017.492700810559,2879.515696897545,(x - 3352.08)^2 + (y - 4017.49)^2 = 8291610.65
2025,1,Australian Grand Prix,14.0,Left,3113.0065032219472,2077.5518761575872,1275.6523025160639,(x - 3113.01)^2 + (y - 2077.55)^2 = 1627288.80
2025,1,Australian Grand Prix,15.0,Right,3750.428766167978,-125.86122234589075,1010.0544010049102,(x - 3750.43)^2 + (y - -125.86)^2 = 1020209.89
2025,1,Australian Grand Prix,16.0,Right,3376.528930953703,-3063.002065956576,3495.475364240233,(x - 3376.53)^2 + (y - -3063.00)^2 = 12218348.02
2025,1,Australian Grand Prix,17.0,Right,7166.013131036543,-4734.641043512895,348.53217047269106,(x - 7166.01)^2 + (y - -4734.64)^2 = 121474.67
2025,1,Australian Grand Prix,18.0,Right,5275.515512722744,-4595.019333841731,956.7000176985889,(x - 5275.52)^2 + (y - -4595.02)^2 = 915274.92
2025,1,Australian Grand Prix,19.0,Left,3516.142781690141,-4077.012009976526,434.2167053413735,(x - 3516.14)^2 + (y - -4077.01)^2 = 188544.15
2025,1,Australian Grand Prix,20.0,Right,2372.4812821264627,-3640.099095684143,828.4550153166753,(x - 2372.48)^2 + (y - -3640.10)^2 = 686337.71
2025,2,Chinese Grand Prix,1.0,Right,-6116.574017628593,-2836.587121862003,1846.135485374798,(x - -6116.57)^2 + (y - -2836.59)^2 = 3408216.23
2025,2,Chinese Grand Prix,2.0,Left,-4197.777200737678,-1237.124182344588,680.0363898639165,(x - -4197.78)^2 + (y - -1237.12)^2 = 462449.49
2025,2,Chinese Grand Prix,3.0,Right,-2390.711958056822,3442.258333292288,4155.878189877448,(x - -2390.71)^2 + (y - 3442.26)^2 = 17271323.53
2025,2,Chinese Grand Prix,4.0,Right,-6261.071751329088,3217.791478991886,466.95283239082556,(x - -6261.07)^2 + (y - 3217.79)^2 = 218044.95
2025,2,Chinese Grand Prix,5.0,Left,-3650.3982946327183,2048.2911941258385,1384.4624513075833,(x - -3650.40)^2 + (y - 2048.29)^2 = 1916736.28
2025,2,Chinese Grand Prix,6.0,Right,-1430.6376806202488,1551.0923723640126,893.5407334675932,(x - -1430.64)^2 + (y - 1551.09)^2 = 798415.04
2025,2,Chinese Grand Prix,7.0,Left,19.01640697813217,2059.766004976194,705.9888276140322,(x - 19.02)^2 + (y - 2059.77)^2 = 498420.22
2025,2,Chinese Grand Prix,8.0,Left,-1867.5207532779912,5614.026898594937,378.83090871691417,(x - -1867.52)^2 + (y - 5614.03)^2 = 143512.86
2025,2,Chinese Grand Prix,9.0,Right,-1976.3993266595917,6807.901227460762,1071.14299828113,(x - -1976.40)^2 + (y - 6807.90)^2 = 1147347.32
2025,2,Chinese Grand Prix,10.0,Right,5123.658894312153,-3395.047652179954,273.57066207901414,(x - 5123.66)^2 + (y - -3395.05)^2 = 74840.91
2025,2,Chinese Grand Prix,11.0,Right,8801.496531823119,289.8382698360891,5477.32232494495,(x - 8801.50)^2 + (y - 289.84)^2 = 30001059.85
2025,2,Chinese Grand Prix,12.0,Left,2769.8099408305598,-1540.1916991644637,622.941114476978,(x - 2769.81)^2 + (y - -1540.19)^2 = 388055.63
2025,3,Japanese Grand Prix,1.0,Right,5314.0634084854955,-6122.930599229953,861.2433920213427,(x - 5314.06)^2 + (y - -6122.93)^2 = 741740.18
2025,3,Japanese Grand Prix,2.0,Left,3082.309525361315,-6230.247782684025,1106.9378846024758,(x - 3082.31)^2 + (y - -6230.25)^2 = 1225311.48
2025,3,Japanese Grand Prix,3.0,Right,3043.5811260194664,-4272.7082899580955,853.08415805347,(x - 3043.58)^2 + (y - -4272.71)^2 = 727752.58
2025,3,Japanese Grand Prix,4.0,Left,1093.3210257918995,-4474.216583308817,1126.161905658514,(x - 1093.32)^2 + (y - -4474.22)^2 = 1268240.64
2025,3,Japanese Grand Prix,5.0,Right,975.5416601879389,-2416.499732473496,968.5794928059287,(x - 975.54)^2 + (y - -2416.50)^2 = 938146.23
2025,3,Japanese Grand Prix,6.0,Left,-1482.1140493932944,-2270.656140153066,1897.959518805849,(x - -1482.11)^2 + (y - -2270.66)^2 = 3602250.34
2025,3,Japanese Grand Prix,7.0,Right,-4479.5874281350925,-1500.7386001251061,983.5594696347708,(x - -4479.59)^2 + (y - -1500.74)^2 = 967389.23
2025,3,Japanese Grand Prix,8.0,Right,-5243.929647943735,-2073.7597203957525,515.4849802380454,(x - -5243.93)^2 + (y - -2073.76)^2 = 265724.76
2025,3,Japanese Grand Prix,9.0,Right,-4768.66873328756,478.99068376647955,1463.6778178614043,(x - -4768.67)^2 + (y - 478.99)^2 = 2142352.75
2025,3,Japanese Grand Prix,10.0,Left,-6218.7914466622815,1634.832196202308,345.43475000731274,(x - -6218.79)^2 + (y - 1634.83)^2 = 119325.17
2025,3,Japanese Grand Prix,11.0,Right,-8662.359513714238,1936.5210493617578,2103.573555202631,(x - -8662.36)^2 + (y - 1936.52)^2 = 4425021.70
2025,3,Japanese Grand Prix,12.0,Right,-9242.093082497362,2585.6300764360517,2516.6403105464747,(x - -9242.09)^2 + (y - 2585.63)^2 = 6333478.45
2025,3,Japanese Grand Prix,13.0,Left,-12869.750811333068,2376.4997336208553,867.5336447937419,(x - -12869.75)^2 + (y - 2376.50)^2 = 752614.62
2025,3,Japanese Grand Prix,14.0,Left,-5321.235836587451,-435.96272314082,1305.087676791217,(x - -5321.24)^2 + (y - -435.96)^2 = 1703253.84
2025,3,Japanese Grand Prix,15.0,Right,-1979.7643945106793,103.73262873127624,437.9059707045465,(x - -1979.76)^2 + (y - 103.73)^2 = 191761.64
2025,3,Japanese Grand Prix,16.0,Left,-1429.921132453987,776.2161673102992,445.48601113228625,(x - -1429.92)^2 + (y - 776.22)^2 = 198457.79
2025,3,Japanese Grand Prix,17.0,Right,-304.0030040959325,-973.0768062671252,1730.4125501094027,(x - -304.00)^2 + (y - -973.08)^2 = 2994327.59
2025,4,Bahrain Grand Prix,1.0,Right,123.58162205874257,8081.844366592825,265.10365733012713,(x - 123.58)^2 + (y - 8081.84)^2 = 70279.95
2025,4,Bahrain Grand Prix,2.0,Left,1013.4560318176574,8566.273153285958,728.5136924635581,(x - 1013.46)^2 + (y - 8566.27)^2 = 530732.20
2025,4,Bahrain Grand Prix,3.0,Right,2061.280201505285,6725.119042749028,1349.5780917657453,(x - 2061.28)^2 + (y - 6725.12)^2 = 1821361.03
2025,4,Bahrain Grand Prix,4.0,Right,7005.278869058993,6645.725181844818,507.7191709965131,(x - 7005.28)^2 + (y - 6645.73)^2 = 257778.76
2025,4,Bahrain Grand Prix,5.0,Left,8026.49723198462,3656.0900447690165,2504.028252075487,(x - 8026.50)^2 + (y - 3656.09)^2 = 6270157.49
2025,4,Bahrain Grand Prix,6.0,Right,4943.712459999598,4982.855203574376,805.0541664739264,(x - 4943.71)^2 + (y - 4982.86)^2 = 648112.21
2025,4,Bahrain Grand Prix,7.0,Left,4562.291471734411,2926.991292038077,1261.6465405342776,(x - 4562.29)^2 + (y - 2926.99)^2 = 1591751.99
2025,4,Bahrain Grand Prix,8.0,Right,2607.109364889025,2888.9651233447566,372.3731088451028,(x - 2607.11)^2 + (y - 2888.97)^2 = 138661.73
2025,4,Bahrain Grand Prix,9.0,Left,2329.979407557776,5951.139490644764,601.1558269717042,(x - 2329.98)^2 + (y - 5951.14)^2 = 361388.33
2025,4,Bahrain Grand Prix,10.0,Left,2412.492778755737,222.72492884113836,909.6264117893879,(x - 2412.49)^2 + (y - 222.72)^2 = 827420.21
2025,4,Bahrain Grand Prix,11.0,Right,4855.710384096137,182.29153819489392,1423.6818365854156,(x - 4855.71)^2 + (y - 182.29)^2 = 2026869.97
2025,4,Bahrain Grand Prix,12.0,Right,5979.506051898687,445.68541588077414,685.2569798960509,(x - 5979.51)^2 + (y - 445.69)^2 = 469577.13
2025,4,Bahrain Grand Prix,13.0,Right,131.99940340950715,-2717.647254827652,745.8824335672653,(x - 132.00)^2 + (y - -2717.65)^2 = 556340.60
2025,5,Saudi Arabian Grand Prix,1.0,Left,-3067.74446236941,4429.865030941043,365.5494001246188,(x - -3067.74)^2 + (y - 4429.87)^2 = 133626.36
2025,5,Saudi Arabian Grand Prix,2.0,Right,-3244.544972961703,5038.667184647875,294.1856685408966,(x - -3244.54)^2 + (y - 5038.67)^2 = 86545.21
2025,5,Saudi Arabian Grand Prix,3.0,Left,-4623.497813335887,6321.886596833879,1293.0769888550305,(x - -4623.50)^2 + (y - 6321.89)^2 = 1672048.10
2025,5,Saudi Arabian Grand Prix,4.0,Left,-4520.059301621862,8449.297435823759,1022.8361973944169,(x - -4520.06)^2 + (y - 8449.30)^2 = 1046193.89
2025,5,Saudi Arabian Grand Prix,5.0,Right,-3308.3880969039933,10388.912740902631,1299.303567196645,(x - -3308.39)^2 + (y - 10388.91)^2 = 1688189.76
2025,5,Saudi Arabian Grand Prix,6.0,Left,-5604.275168917539,11708.62021976119,1373.8684122886373,(x - -5604.28)^2 + (y - 11708.62)^2 = 1887514.41
2025,5,Saudi Arabian Grand Prix,7.0,Right,-3716.1033557332876,13611.595433197279,1373.1981619878152,(x - -3716.10)^2 + (y - 13611.60)^2 = 1885673.19
2025,5,Saudi Arabian Grand Prix,8.0,Left,-4798.348719379616,15585.309372169566,893.4979441557742,(x - -4798.35)^2 + (y - 15585.31)^2 = 798338.58
2025,5,Saudi Arabian Grand Prix,9.0,Left,-4360.528828737517,20687.622667051193,894.0241469501551,(x - -4360.53)^2 + (y - 20687.62)^2 = 799279.18
2025,5,Saudi Arabian Grand Prix,10.0,Right,-6028.861884368308,18799.84903640257,1906.28587475711,(x - -6028.86)^2 + (y - 18799.85)^2 = 3633925.84
2025,5,Saudi Arabian Grand Prix,11.0,Right,-6735.57328486046,18505.113860492824,2636.909604761886,(x - -6735.57)^2 + (y - 18505.11)^2 = 6953292.26
2025,5,Saudi Arabian Grand Prix,12.0,Left,-2134.83929410323,15932.079681457193,2616.3242978518188,(x - -2134.84)^2 + (y - 15932.08)^2 = 6845152.83
2025,5,Saudi Arabian Grand Prix,13.0,Right,-5266.9,16113.1,503.62011476905855,(x - -5266.90)^2 + (y - 16113.10)^2 = 253633.22
2025,5,Saudi Arabian Grand Prix,14.0,Left,-4877.889066032208,14801.715043076085,918.0781336147011,(x - -4877.89)^2 + (y - 14801.72)^2 = 842867.46
2025,5,Saudi Arabian Grand Prix,15.0,Left,-1635.3275107942322,14374.833491576335,4170.912866828923,(x - -1635.33)^2 + (y - 14374.83)^2 = 17396514.14
2025,5,Saudi Arabian Grand Prix,16.0,Right,-9264.95636162787,10718.09861918155,4297.23669976567,(x - -9264.96)^2 + (y - 10718.10)^2 = 18466243.25
2025,5,Saudi Arabian Grand Prix,17.0,Left,-1964.789307866496,10338.040563158413,2961.820709627518,(x - -1964.79)^2 + (y - 10338.04)^2 = 8772381.92
2025,5,Saudi Arabian Grand Prix,18.0,Right,-8287.00757932265,6492.724793425252,4475.720246683902,(x - -8287.01)^2 + (y - 6492.72)^2 = 20032071.73
2025,5,Saudi Arabian Grand Prix,19.0,Right,-8795.814563912973,6361.623513869041,4997.356640485907,(x - -8795.81)^2 + (y - 6361.62)^2 = 24973573.39
2025,5,Saudi Arabian Grand Prix,20.0,Left,-3184.356091057409,4964.759438522904,753.2518646298261,(x - -3184.36)^2 + (y - 4964.76)^2 = 567388.37
2025,5,Saudi Arabian Grand Prix,21.0,Right,-4977.5949917949665,3154.4204710880326,1901.840850441534,(x - -4977.59)^2 + (y - 3154.42)^2 = 3616998.62
2025,5,Saudi Arabian Grand Prix,22.0,Left,-633.0855724986077,-81.41300872365764,3446.3826683008238,(x - -633.09)^2 + (y - -81.41)^2 = 11877553.50
2025,5,Saudi Arabian Grand Prix,23.0,Left,16.9879584001018,-1096.876994726863,3843.1555840961446,(x - 16.99)^2 + (y - -1096.88)^2 = 14769844.84
2025,5,Saudi Arabian Grand Prix,24.0,Left,-368.30154454522983,-5216.184852603709,414.9233699574602,(x - -368.30)^2 + (y - -5216.18)^2 = 172161.40
2025,6,Miami Grand Prix,1.0,Right,4666.522951405353,-1931.4226433817596,346.57596815664806,(x - 4666.52)^2 + (y - -1931.42)^2 = 120114.90
2025,6,Miami Grand Prix,2.0,Left,5247.181165781152,-3016.279696419646,847.1199585197302,(x - 5247.18)^2 + (y - -3016.28)^2 = 717612.22
2025,6,Miami Grand Prix,3.0,Right,2842.674955134252,-2669.46233837847,1655.6901057543093,(x - 2842.67)^2 + (y - -2669.46)^2 = 2741309.73
2025,6,Miami Grand Prix,4.0,Left,-629.9422686110322,-3924.835260544411,1244.8830719894936,(x - -629.94)^2 + (y - -3924.84)^2 = 1549733.86
2025,6,Miami Grand Prix,5.0,Right,-1884.3912671888295,-2127.4042372819185,960.0681956668052,(x - -1884.39)^2 + (y - -2127.40)^2 = 921730.94
2025,6,Miami Grand Prix,6.0,Left,-3507.278901265768,-3082.992311533223,861.8192687350296,(x - -3507.28)^2 + (y - -3082.99)^2 = 742732.45
2025,6,Miami Grand Prix,7.0,Right,442.7080185938408,-7440.577280650785,3351.582141265641,(x - 442.71)^2 + (y - -7440.58)^2 = 11233102.85
2025,6,Miami Grand Prix,8.0,Left,9300.2024925778,-2528.068102693351,369.0241664834125,(x - 9300.20)^2 + (y - -2528.07)^2 = 136178.84
2025,6,Miami Grand Prix,9.0,Right,9633.87093109324,-1674.3393887553273,501.60683073928317,(x - 9633.87)^2 + (y - -1674.34)^2 = 251609.41
2025,6,Miami Grand Prix,10.0,Left,9964.705737553553,-677.6151451949277,542.4911370428371,(x - 9964.71)^2 + (y - -677.62)^2 = 294296.63
2025,6,Miami Grand Prix,11.0,Right,10701.788147890758,-245.25915022774666,319.10578110843824,(x - 10701.79)^2 + (y - -245.26)^2 = 101828.50
2025,6,Miami Grand Prix,12.0,Left,10184.892505783204,311.66892495368256,352.7181155012232,(x - 10184.89)^2 + (y - 311.67)^2 = 124410.07
2025,6,Miami Grand Prix,13.0,Left,-2316.5915417271403,782.9014144259419,331.07087885413085,(x - -2316.59)^2 + (y - 782.90)^2 = 109607.93
2025,6,Miami Grand Prix,14.0,Left,-1470.6025241841912,901.9075978330815,817.4010276664234,(x - -1470.60)^2 + (y - 901.91)^2 = 668144.44
2025,6,Miami Grand Prix,15.0,Right,346.38832349361746,-1798.3605756202435,2431.376395490063,(x - 346.39)^2 + (y - -1798.36)^2 = 5911591.18
2025,7,Emilia Romagna Grand Prix,1.0,Left,-10047.10598876691,-2142.5057381212314,383.2694983616056,(x - -10047.11)^2 + (y - -2142.51)^2 = 146895.51
2025,7,Emilia Romagna Grand Prix,2.0,Right,-11156.310248569542,-1921.3552582716918,773.8856345804454,(x - -11156.31)^2 + (y - -1921.36)^2 = 598898.98
2025,7,Emilia Romagna Grand Prix,3.0,Left,-10836.4704829966,-3826.247002039371,1039.6048545900899,(x - -10836.47)^2 + (y - -3826.25)^2 = 1080778.25
2025,7,Emilia Romagna Grand Prix,4.0,Left,-11275.133133919839,-7238.300516884599,1869.4687010829657,(x - -11275.13)^2 + (y - -7238.30)^2 = 3494913.22
2025,7,Emilia Romagna Grand Prix,5.0,Right,-13491.081951896991,-7950.923306261126,470.2192394119842,(x - -13491.08)^2 + (y - -7950.92)^2 = 221106.13
2025,7,Emilia Romagna Grand Prix,6.0,Left,-14510.823628939244,-10036.265073581093,398.4070482794751,(x - -14510.82)^2 + (y - -10036.27)^2 = 158728.18
2025,7,Emilia Romagna Grand Prix,7.0,Left,-9532.362341171967,-8713.672362540843,1396.401566315098,(x - -9532.36)^2 + (y - -8713.67)^2 = 1949937.33
2025,7,Emilia Romagna Grand Prix,8.0,Right,-7886.869413045999,-6183.572007133224,815.4915287381347,(x - -7886.87)^2 + (y - -6183.57)^2 = 665026.43
2025,7,Emilia Romagna Grand Prix,9.0,Left,-7418.103648499739,-4508.095978873514,924.1893579752679,(x - -7418.10)^2 + (y - -4508.10)^2 = 854125.97
2025,7,Emilia Romagna Grand Prix,10.0,Right,-3353.9580412116984,-5663.79347819064,403.910015723277,(x - -3353.96)^2 + (y - -5663.79)^2 = 163143.30
2025,7,Emilia Romagna Grand Prix,11.0,Left,-2778.6835458864716,-5280.836584146036,284.0414480358209,(x - -2778.68)^2 + (y - -5280.84)^2 = 80679.54
2025,7,Emilia Romagna Grand Prix,12.0,Left,-3743.4941635074797,63.63533567865137,5526.40543657302,(x - -3743.49)^2 + (y - 63.64)^2 = 30541157.05
2025,7,Emilia Romagna Grand Prix,13.0,Right,2721.0415697689336,-3816.6154088617577,1868.211520085171,(x - 2721.04)^2 + (y - -3816.62)^2 = 3490214.28
2025,7,Emilia Romagna Grand Prix,14.0,Left,2801.558264096078,-1333.7050025738754,397.3808128072193,(x - 2801.56)^2 + (y - -1333.71)^2 = 157911.51
2025,7,Emilia Romagna Grand Prix,15.0,Left,2390.073660655554,-1013.3353125483034,668.8437039248294,(x - 2390.07)^2 + (y - -1013.34)^2 = 447351.90
2025,7,Emilia Romagna Grand Prix,16.0,Right,-1264.3379418712834,2472.8318540941564,4065.8988808103845,(x - -1264.34)^2 + (y - 2472.83)^2 = 16531533.71
2025,8,Monaco Grand Prix,1.0,Right,-7081.877061768051,-4985.019118007712,392.7045841048188,(x - -7081.88)^2 + (y - -4985.02)^2 = 154216.89
2025,8,Monaco Grand Prix,2.0,Right,-4661.5736096776145,-7335.094310009868,3146.1640041954065,(x - -4661.57)^2 + (y - -7335.09)^2 = 9898347.94
2025,8,Monaco Grand Prix,3.0,Left,-5102.281726662337,-2359.3737125878934,1856.4227307656165,(x - -5102.28)^2 + (y - -2359.37)^2 = 3446305.36
2025,8,Monaco Grand Prix,4.0,Right,-2897.443210126068,-6754.6447652240795,3075.558968660104,(x - -2897.44)^2 + (y - -6754.64)^2 = 9459062.97
2025,8,Monaco Grand Prix,5.0,Left,-2995.6183206617575,-2926.339752232299,741.7449849805766,(x - -2995.62)^2 + (y - -2926.34)^2 = 550185.62
2025,8,Monaco Grand Prix,6.0,Right,-2057.48378711178,-1889.9742098782324,654.9281289488755,(x - -2057.48)^2 + (y - -1889.97)^2 = 428930.85
2025,8,Monaco Grand Prix,7.0,Right,-1436.4978439045406,-428.8421818864846,222.55829372932814,(x - -1436.50)^2 + (y - -428.84)^2 = 49532.19
2025,8,Monaco Grand Prix,8.0,Left,-931.9200997536775,-1015.3715701168463,207.8614530224603,(x - -931.92)^2 + (y - -1015.37)^2 = 43206.38
2025,8,Monaco Grand Prix,9.0,Right,-575.0288800210753,-591.8061617963575,395.82911472430555,(x - -575.03)^2 + (y - -591.81)^2 = 156680.69
2025,8,Monaco Grand Prix,10.0,Right,-2005.5898061083535,-2170.7485700092216,1449.042897496576,(x - -2005.59)^2 + (y - -2170.75)^2 = 2099725.32
2025,8,Monaco Grand Prix,11.0,Right,-3901.795028607995,-1194.170782253239,3146.898732922666,(x - -3901.80)^2 + (y - -1194.17)^2 = 9902971.64
2025,8,Monaco Grand Prix,12.0,Left,-3971.7007716159787,-4640.9159060768525,271.0994855182896,(x - -3971.70)^2 + (y - -4640.92)^2 = 73494.93
2025,8,Monaco Grand Prix,13.0,Right,-4421.937392881007,-4394.9819893651165,257.4540294913974,(x - -4421.94)^2 + (y - -4394.98)^2 = 66282.58
2025,8,Monaco Grand Prix,14.0,Left,-4742.933574635854,-5275.317393932782,675.3655675012722,(x - -4742.93)^2 + (y - -5275.32)^2 = 456118.65
2025,8,Monaco Grand Prix,15.0,Left,-6057.2467163972315,-5858.9983645469965,1164.786900762081,(x - -6057.25)^2 + (y - -5859.00)^2 = 1356728.52
2025,8,Monaco Grand Prix,16.0,Right,-10120.262426936557,-7786.25329868254,3360.641368698804,(x - -10120.26)^2 + (y - -7786.25)^2 = 11293910.41
2025,8,Monaco Grand Prix,17.0,Right,-7027.691065040802,-7785.002552092607,296.3148731450411,(x - -7027.69)^2 + (y - -7785.00)^2 = 87802.50
2025,8,Monaco Grand Prix,18.0,Left,-5546.640541766238,-8086.791745536444,1349.3620236132438,(x - -5546.64)^2 + (y - -8086.79)^2 = 1820777.87
2025,8,Monaco Grand Prix,19.0,Right,-6152.162559909364,-9541.864029912358,220.9123667720437,(x - -6152.16)^2 + (y - -9541.86)^2 = 48802.27
2025,8,Monaco Grand Prix,20.0,Right,-6521.253856271673,-9458.3354059548,309.7009633266716,(x - -6521.25)^2 + (y - -9458.34)^2 = 95914.69
2025,8,Monaco Grand Prix,21.0,Left,-8126.343082665799,-9851.262981650498,1376.0982111722035,(x - -8126.34)^2 + (y - -9851.26)^2 = 1893646.29
2025,9,Spanish Grand Prix,1.0,Right,-3273.220600669074,-6263.268069783824,727.0601572011618,(x - -3273.22)^2 + (y - -6263.27)^2 = 528616.47
2025,9,Spanish Grand Prix,2.0,Left,-4019.027838228868,-7540.298684431873,763.2739541670808,(x - -4019.03)^2 + (y - -7540.30)^2 = 582587.13
2025,9,Spanish Grand Prix,3.0,Right,-5435.184304870708,-5874.488055097673,1468.6600170549664,(x - -5435.18)^2 + (y - -5874.49)^2 = 2156962.25
2025,9,Spanish Grand Prix,4.0,Right,-4722.346172443388,-3699.075633292291,783.9957182607174,(x - -4722.35)^2 + (y - -3699.08)^2 = 614649.29
2025,9,Spanish Grand Prix,5.0,Left,-4815.556234795872,-5861.999236831224,432.82673190195254,(x - -4815.56)^2 + (y - -5862.00)^2 = 187338.98
2025,9,Spanish Grand Prix,6.0,Left,-4262.788010506134,-3736.0555545921525,2068.9507419017455,(x - -4262.79)^2 + (y - -3736.06)^2 = 4280557.17
2025,9,Spanish Grand Prix,7.0,Left,-2722.910083178792,-4001.8402507368537,652.2145797999194,(x - -2722.91)^2 + (y - -4001.84)^2 = 425383.86
2025,9,Spanish Grand Prix,8.0,Right,-1694.188560023833,-2466.8507592606834,1226.8462706702896,(x - -1694.19)^2 + (y - -2466.85)^2 = 1505151.77
2025,9,Spanish Grand Prix,9.0,Right,-2397.7654441361033,-1205.9640991024776,1121.0392218840273,(x - -2397.77)^2 + (y - -1205.96)^2 = 1256728.94
2025,9,Spanish Grand Prix,10.0,Left,615.8926326282642,2098.2616761156296,674.1228170618293,(x - 615.89)^2 + (y - 2098.26)^2 = 454441.57
2025,9,Spanish Grand Prix,11.0,Right,-477.50571390705795,2735.2144101354484,624.1904383288188,(x - -477.51)^2 + (y - 2735.21)^2 = 389613.70
2025,9,Spanish Grand Prix,12.0,Right,770.1487296150481,2977.5727822274353,1156.376710724638,(x - 770.15)^2 + (y - 2977.57)^2 = 1337207.10
2025,9,Spanish Grand Prix,13.0,Right,1806.4724846156237,2375.7192358319935,1081.212865802103,(x - 1806.47)^2 + (y - 2375.72)^2 = 1169021.26
2025,10,Canadian Grand Prix,1.0,Left,3956.5084518706158,-1099.4289750584567,676.9862023888677,(x - 3956.51)^2 + (y - -1099.43)^2 = 458310.32
2025,10,Canadian Grand Prix,2.0,Right,3375.3855110877557,-1953.9094265896604,454.9833457073697,(x - 3375.39)^2 + (y - -1953.91)^2 = 207009.84
2025,10,Canadian Grand Prix,3.0,Right,5498.204046697661,4217.119026868374,6939.6391237048,(x - 5498.20)^2 + (y - 4217.12)^2 = 48158591.17
2025,10,Canadian Grand Prix,4.0,Right,1329.846419421758,-476.59236914196424,593.9739733732218,(x - 1329.85)^2 + (y - -476.59)^2 = 352805.08
2025,10,Canadian Grand Prix,5.0,Left,45.34266629107855,-222.0611247628309,725.3634805312347,(x - 45.34)^2 + (y - -222.06)^2 = 526152.18
2025,10,Canadian Grand Prix,6.0,Right,601.5132160472472,2432.9903008705064,1543.976501879367,(x - 601.51)^2 + (y - 2432.99)^2 = 2383863.44
2025,10,Canadian Grand Prix,7.0,Left,-1326.627701144109,3549.5098709025706,434.4435077738596,(x - -1326.63)^2 + (y - 3549.51)^2 = 188741.16
2025,10,Canadian Grand Prix,8.0,Right,-1409.3821374431532,4851.9575476716045,891.4313805272485,(x - -1409.38)^2 + (y - 4851.96)^2 = 794649.91
2025,10,Canadian Grand Prix,9.0,Right,-1623.6940545074406,10257.726192846263,329.7973214935098,(x - -1623.69)^2 + (y - 10257.73)^2 = 108766.27
2025,10,Canadian Grand Prix,10.0,Left,-1920.590906697643,11445.382034386765,916.56380924985,(x - -1920.59)^2 + (y - 11445.38)^2 = 840089.22
2025,10,Canadian Grand Prix,11.0,Right,-595.688947221067,16462.963690137745,283.1697891257025,(x - -595.69)^2 + (y - 16462.96)^2 = 80185.13
2025,10,Canadian Grand Prix,12.0,Left,1101.9969205770797,16007.021754435365,1483.4533720319023,(x - 1102.00)^2 + (y - 16007.02)^2 = 2200633.91
2025,10,Canadian Grand Prix,13.0,Right,2122.4103139013455,5583.474413083619,484.98902610324166,(x - 2122.41)^2 + (y - 5583.47)^2 = 235214.36
2025,10,Canadian Grand Prix,14.0,Left,3200.9769703827637,4877.569232986692,808.0922170898217,(x - 3200.98)^2 + (y - 4877.57)^2 = 653013.03
2025,11,Austrian Grand Prix,1.0,Right,-2846.905334114644,-1686.910304353803,570.344631280928,(x - -2846.91)^2 + (y - -1686.91)^2 = 325293.00
2025,11,Austrian Grand Prix,2.0,Right,-7974.355565064754,5352.083956664192,253.8662705435753,(x - -7974.36)^2 + (y - 5352.08)^2 = 64448.08
2025,11,Austrian Grand Prix,3.0,Right,-1380.0097833867744,4205.456538451753,991.3115116053801,(x - -1380.01)^2 + (y - 4205.46)^2 = 982698.51
2025,11,Austrian Grand Prix,4.0,Left,-3911.652595154525,2719.140102176328,933.3347854912489,(x - -3911.65)^2 + (y - 2719.14)^2 = 871113.82
2025,11,Austrian Grand Prix,5.0,Left,-3298.881812516704,1701.1234246003517,859.825943121423,(x - -3298.88)^2 + (y - 1701.12)^2 = 739300.65
2025,11,Austrian Grand Prix,6.0,Right,-1149.697523508945,631.0284779603418,1402.1647776705406,(x - -1149.70)^2 + (y - 631.03)^2 = 1966066.06
2025,11,Austrian Grand Prix,7.0,Right,3001.152776913987,1135.4343864668201,962.9788893165212,(x - 3001.15)^2 + (y - 1135.43)^2 = 927328.34
2025,11,Austrian Grand Prix,8.0,Right,3577.763454953991,228.4855820671945,674.9473248767722,(x - 3577.76)^2 + (y - 228.49)^2 = 455553.89
2025,12,British Grand Prix,1.0,Right,1480.4187994247632,2942.268273734814,1593.9529206487455,(x - 1480.42)^2 + (y - 2942.27)^2 = 2540685.91
2025,12,British Grand Prix,2.0,Left,2480.5188889359692,6145.913052444884,1708.1319784010375,(x - 2480.52)^2 + (y - 6145.91)^2 = 2917714.86
2025,12,British Grand Prix,3.0,Right,4908.78865156164,5437.021658006073,466.74409979404294,(x - 4908.79)^2 + (y - 5437.02)^2 = 217850.05
2025,12,British Grand Prix,4.0,Left,5860.226022738275,6159.506904010801,1075.958540126539,(x - 5860.23)^2 + (y - 6159.51)^2 = 1157686.78
2025,12,British Grand Prix,5.0,Left,974.58219786094,10188.612215726647,821.6998743331911,(x - 974.58)^2 + (y - 10188.61)^2 = 675190.68
2025,12,British Grand Prix,6.0,Right,-528.8455884079244,10359.2609991669,819.2952754356018,(x - -528.85)^2 + (y - 10359.26)^2 = 671244.75
2025,12,British Grand Prix,7.0,Right,2124.0385607497788,10033.691335756499,2691.4687241841057,(x - 2124.04)^2 + (y - 10033.69)^2 = 7244003.89
2025,12,British Grand Prix,8.0,Right,5196.449105415411,11657.734848520759,1459.0034683937204,(x - 5196.45)^2 + (y - 11657.73)^2 = 2128691.12
2025,12,British Grand Prix,9.0,Left,9602.312009240339,9005.337395515686,2584.1770264998145,(x - 9602.31)^2 + (y - 9005.34)^2 = 6677970.90
2025,12,British Grand Prix,10.0,Right,6124.871038076953,6863.283996032659,1415.3112716677033,(x - 6124.87)^2 + (y - 6863.28)^2 = 2003106.00
2025,12,British Grand Prix,11.0,Left,8711.691495897701,5638.437895497453,1391.363415739804,(x - 8711.69)^2 + (y - 5638.44)^2 = 1935892.15
2025,12,British Grand Prix,12.0,Right,6775.507416599851,4281.0721258498925,998.8725348247518,(x - 6775.51)^2 + (y - 4281.07)^2 = 997746.34
2025,12,British Grand Prix,13.0,Left,8617.508565277349,1071.4526620170484,2753.170624149583,(x - 8617.51)^2 + (y - 1071.45)^2 = 7579948.49
2025,12,British Grand Prix,14.0,Right,2267.909569441518,-3020.4386268142193,1097.9174332496946,(x - 2267.91)^2 + (y - -3020.44)^2 = 1205422.69
2025,12,British Grand Prix,15.0,Left,-855.2711188890246,-1448.875182615774,543.7456024261289,(x - -855.27)^2 + (y - -1448.88)^2 = 295659.28
2025,12,British Grand Prix,16.0,Right,-1292.618887604483,-0.5279092533966674,1108.4722635167795,(x - -1292.62)^2 + (y - -0.53)^2 = 1228710.76
2025,13,Belgian Grand Prix,1.0,Right,-2074.943310790085,4289.057551014446,268.71401541260656,(x - -2074.94)^2 + (y - 4289.06)^2 = 72207.22
2025,13,Belgian Grand Prix,2.0,Left,3842.455901944758,2008.7583377183646,1716.373451787091,(x - 3842.46)^2 + (y - 2008.76)^2 = 2945937.83
2025,13,Belgian Grand Prix,3.0,Right,2403.5014936288417,-893.4878885699796,1570.677237875251,(x - 2403.50)^2 + (y - -893.49)^2 = 2467026.99
2025,13,Belgian Grand Prix,4.0,Left,5846.965598460354,-530.9408901108781,1896.9760875948543,(x - 5846.97)^2 + (y - -530.94)^2 = 3598518.28
2025,13,Belgian Grand Prix,5.0,Right,7567.617629424965,-11344.9780458859,748.3724876927938,(x - 7567.62)^2 + (y - -11344.98)^2 = 560061.38
2025,13,Belgian Grand Prix,6.0,Left,8550.26825612247,-12463.113537746856,767.8665186434077,(x - 8550.27)^2 + (y - -12463.11)^2 = 589618.99
2025,13,Belgian Grand Prix,7.0,Right,7105.087417169417,-13394.095999347715,929.1114129378299,(x - 7105.09)^2 + (y - -13394.10)^2 = 863248.02
2025,13,Belgian Grand Prix,8.0,Right,5245.494459881184,-15171.826899115926,563.4483080076128,(x - 5245.49)^2 + (y - -15171.83)^2 = 317474.00
2025,13,Belgian Grand Prix,9.0,Left,5322.540337994229,-13654.742542802827,819.5551955980727,(x - 5322.54)^2 + (y - -13654.74)^2 = 671670.72
2025,13,Belgian Grand Prix,10.0,Left,3823.683932446157,-9703.365879031988,1161.8985644403317,(x - 3823.68)^2 + (y - -9703.37)^2 = 1350008.27
2025,13,Belgian Grand Prix,11.0,Left,3704.1382767908613,-10399.916586865369,1889.7022183020338,(x - 3704.14)^2 + (y - -10399.92)^2 = 3570974.47
2025,13,Belgian Grand Prix,12.0,Right,306.8398768965493,-12135.415390704911,822.7938242946353,(x - 306.84)^2 + (y - -12135.42)^2 = 676989.68
2025,13,Belgian Grand Prix,13.0,Left,-611.1441556603278,-13717.27765190563,1027.440423248421,(x - -611.14)^2 + (y - -13717.28)^2 = 1055633.82
2025,13,Belgian Grand Prix,14.0,Right,-2748.6772017045455,-14228.39453125,663.8282326744564,(x - -2748.68)^2 + (y - -14228.39)^2 = 440667.92
2025,13,Belgian Grand Prix,15.0,Right,-2717.490285203569,-13114.032169070277,1631.7854507361344,(x - -2717.49)^2 + (y - -13114.03)^2 = 2662723.76
2025,13,Belgian Grand Prix,16.0,Left,-2035.3191791627155,-6542.673548339726,3023.054838822044,(x - -2035.32)^2 + (y - -6542.67)^2 = 9138860.56
2025,13,Belgian Grand Prix,17.0,Left,-535.0724567938046,-5892.829523331296,1878.1132195056693,(x - -535.07)^2 + (y - -5892.83)^2 = 3527309.27
2025,13,Belgian Grand Prix,18.0,Right,271.51016586456353,-864.1259343355287,316.2507168028958,(x - 271.51)^2 + (y - -864.13)^2 = 100014.52
2025,13,Belgian Grand Prix,19.0,Left,240.06855444361352,-251.22908437136942,322.03611163327906,(x - 240.07)^2 + (y - -251.23)^2 = 103707.26
2025,14,Hungarian Grand Prix,1.0,Right,-5601.778799470196,3845.9485947139815,462.00293320575105,(x - -5601.78)^2 + (y - 3845.95)^2 = 213446.71
2025,14,Hungarian Grand Prix,2.0,Right,-5761.945733825568,1206.5847045500752,2965.087025380049,(x - -5761.95)^2 + (y - 1206.58)^2 = 8791741.07
2025,14,Hungarian Grand Prix,3.0,Left,-2104.8088376569876,2670.4431633098416,541.6901713437063,(x - -2104.81)^2 + (y - 2670.44)^2 = 293428.24
2025,14,Hungarian Grand Prix,4.0,Right,-935.0084847700074,4010.6032169047485,1150.089598023383,(x - -935.01)^2 + (y - 4010.60)^2 = 1322706.08
2025,14,Hungarian Grand Prix,5.0,Left,-933.1425113586744,8440.944859468918,1125.0406526045886,(x - -933.14)^2 + (y - 8440.94)^2 = 1265716.47
2025,14,Hungarian Grand Prix,6.0,Right,501.3412539591552,9864.700653862608,729.3387336511003,(x - 501.34)^2 + (y - 9864.70)^2 = 531934.99
2025,14,Hungarian Grand Prix,7.0,Right,1949.6541414247513,8711.234358198612,452.7979822913116,(x - 1949.65)^2 + (y - 8711.23)^2 = 205026.01
2025,14,Hungarian Grand Prix,8.0,Left,3214.451716739475,8145.139732584903,968.3690315600168,(x - 3214.45)^2 + (y - 8145.14)^2 = 937738.58
2025,14,Hungarian Grand Prix,9.0,Left,3228.443806797147,7314.932250844744,760.1929610610434,(x - 3228.44)^2 + (y - 7314.93)^2 = 577893.34
2025,14,Hungarian Grand Prix,10.0,Right,3289.3833961234063,5777.9982774709015,797.0831570670044,(x - 3289.38)^2 + (y - 5778.00)^2 = 635341.56
2025,14,Hungarian Grand Prix,11.0,Left,5478.5989022902695,4652.444893446678,1656.0734375364648,(x - 5478.60)^2 + (y - 4652.44)^2 = 2742579.23
2025,14,Hungarian Grand Prix,12.0,Right,3525.6294902824584,2803.109069265925,1029.0193463502758,(x - 3525.63)^2 + (y - 2803.11)^2 = 1058880.82
2025,14,Hungarian Grand Prix,13.0,Right,1821.2461088786295,113.97808439589582,416.47220641955374,(x - 1821.25)^2 + (y - 113.98)^2 = 173449.10
2025,14,Hungarian Grand Prix,14.0,Left,172.39839651652608,646.7333150523233,461.6288093963392,(x - 172.40)^2 + (y - 646.73)^2 = 213101.16
2025,14,Hungarian Grand Prix,15.0,Right,385.39670651593684,-860.3316644568043,667.5001612351984,(x - 385.40)^2 + (y - -860.33)^2 = 445556.47
2025,15,Dutch Grand Prix,1.0,Right,1883.67892785755,6235.677400327596,469.2180447771752,(x - 1883.68)^2 + (y - 6235.68)^2 = 220165.57
2025,15,Dutch Grand Prix,2.0,Left,3591.784776339426,4433.941852048125,1826.734326535855,(x - 3591.78)^2 + (y - 4433.94)^2 = 3336958.30
2025,15,Dutch Grand Prix,3.0,Right,985.8296229207265,4188.929125560155,828.418952646542,(x - 985.83)^2 + (y - 4188.93)^2 = 686277.96
2025,15,Dutch Grand Prix,4.0,Left,1046.9647816897402,2942.998675356255,404.8050563960468,(x - 1046.96)^2 + (y - 2943.00)^2 = 163867.13
2025,15,Dutch Grand Prix,5.0,Right,2912.2437807291917,283.3371629567629,2754.7542086228214,(x - 2912.24)^2 + (y - 283.34)^2 = 7588670.75
2025,15,Dutch Grand Prix,6.0,Left,4345.552695224668,4556.976481709121,1704.726474208442,(x - 4345.55)^2 + (y - 4556.98)^2 = 2906092.35
2025,15,Dutch Grand Prix,7.0,Right,6567.362453028718,1874.8292120963147,1737.7437799340457,(x - 6567.36)^2 + (y - 1874.83)^2 = 3019753.44
2025,15,Dutch Grand Prix,8.0,Right,7687.155401303832,2579.810485621902,1029.190162923256,(x - 7687.16)^2 + (y - 2579.81)^2 = 1059232.39
2025,15,Dutch Grand Prix,9.0,Right,6647.916716686734,481.83113974839654,1010.0863457366221,(x - 6647.92)^2 + (y - 481.83)^2 = 1020274.43
2025,15,Dutch Grand Prix,10.0,Left,5789.933507316276,3973.7873201805883,2616.610055574785,(x - 5789.93)^2 + (y - 3973.79)^2 = 6846648.18
2025,15,Dutch Grand Prix,11.0,Left,6940.047607545231,2036.8751519331947,508.12562302662576,(x - 6940.05)^2 + (y - 2036.88)^2 = 258191.65
2025,15,Dutch Grand Prix,12.0,Right,2093.9044242156124,1839.8048264170316,291.9422075702314,(x - 2093.90)^2 + (y - 1839.80)^2 = 85230.25
2025,15,Dutch Grand Prix,13.0,Left,1563.034369303826,1445.3186514670713,372.4114590814074,(x - 1563.03)^2 + (y - 1445.32)^2 = 138690.29
2025,15,Dutch Grand Prix,14.0,Right,1005.9262277809903,-997.030290552539,617.5901289884541,(x - 1005.93)^2 + (y - -997.03)^2 = 381417.57
2025,15,Dutch Grand Prix,15.0,Right,311.01987812866486,-284.38590562945654,1293.3284531941044,(x - 311.02)^2 + (y - -284.39)^2 = 1672698.49
2025,16,Italian Grand Prix,1.0,Right,-290.03198423721096,7982.591192188537,339.52726566024177,(x - -290.03)^2 + (y - 7982.59)^2 = 115278.76
2025,16,Italian Grand Prix,2.0,Left,-443.22553912579195,8592.427154977122,309.08071371887445,(x - -443.23)^2 + (y - 8592.43)^2 = 95530.89
2025,16,Italian Grand Prix,3.0,Right,2828.4350524696747,11004.437682766957,3201.5330792486666,(x - 2828.44)^2 + (y - 11004.44)^2 = 10249814.06
2025,16,Italian Grand Prix,4.0,Left,6504.457868649319,14980.371127633209,460.43153124331377,(x - 6504.46)^2 + (y - 14980.37)^2 = 211997.19
2025,16,Italian Grand Prix,5.0,Right,7528.2419902821875,14413.130889923577,723.8613063296943,(x - 7528.24)^2 + (y - 14413.13)^2 = 523975.19
2025,16,Italian Grand Prix,6.0,Right,10014.129992155638,14976.006296461048,910.126169073041,(x - 10014.13)^2 + (y - 14976.01)^2 = 828329.64
2025,16,Italian Grand Prix,7.0,Right,10214.406791070149,13091.483854484846,874.474071598874,(x - 10214.41)^2 + (y - 13091.48)^2 = 764704.90
2025,16,Italian Grand Prix,8.0,Left,3575.20651047842,5813.104543589379,1057.8729024191496,(x - 3575.21)^2 + (y - 5813.10)^2 = 1119095.08
2025,16,Italian Grand Prix,9.0,Right,1204.5011747132173,5716.660222657444,1343.6627330006897,(x - 1204.50)^2 + (y - 5716.66)^2 = 1805429.54
2025,16,Italian Grand Prix,10.0,Left,3440.2483144505454,3671.584548550775,1717.2539910260043,(x - 3440.25)^2 + (y - 3671.58)^2 = 2948961.27
2025,16,Italian Grand Prix,11.0,Right,-293.45458932398486,-4444.665748257803,1324.1049445304975,(x - -293.45)^2 + (y - -4444.67)^2 = 1753253.90
2025,17,Azerbaijan Grand Prix,1.0,Left,3254.026084849146,827.7401370859109,478.74826982831365,(x - 3254.03)^2 + (y - 827.74)^2 = 229199.91
2025,17,Azerbaijan Grand Prix,2.0,Left,2290.3770799237027,3401.321893140255,300.5459068798199,(x - 2290.38)^2 + (y - 3401.32)^2 = 90327.84
2025,17,Azerbaijan Grand Prix,3.0,Left,-5320.685812536464,261.8381820974536,270.01449228647806,(x - -5320.69)^2 + (y - 261.84)^2 = 72907.83
2025,17,Azerbaijan Grand Prix,4.0,Right,-5171.821292794692,-1612.4075019526188,326.0521754723396,(x - -5171.82)^2 + (y - -1612.41)^2 = 106310.02
2025,17,Azerbaijan Grand Prix,5.0,Left,-7357.5424405244485,-3470.8633480009107,386.8527855364828,(x - -7357.54)^2 + (y - -3470.86)^2 = 149655.08
2025,17,Azerbaijan Grand Prix,6.0,Right,-7850.403710291536,-3860.666548885501,239.75489518073528,(x - -7850.40)^2 + (y - -3860.67)^2 = 57482.41
2025,17,Azerbaijan Grand Prix,7.0,Right,-10701.709297644431,-6003.115596834492,228.62328633240256,(x - -10701.71)^2 + (y - -6003.12)^2 = 52268.61
2025,17,Azerbaijan Grand Prix,8.0,Left,-11929.729172134816,-4847.488065361181,655.3659485814703,(x - -11929.73)^2 + (y - -4847.49)^2 = 429504.53
2025,17,Azerbaijan Grand Prix,9.0,Right,-12229.669685083276,-3855.9833883331385,311.46301728056085,(x - -12229.67)^2 + (y - -3855.98)^2 = 97009.21
2025,17,Azerbaijan Grand Prix,10.0,Left,-12976.295740252172,-4379.774382098545,788.2552929432576,(x - -12976.30)^2 + (y - -4379.77)^2 = 621346.41
2025,17,Azerbaijan Grand Prix,11.0,Left,-15349.080448166249,-5997.475662756546,1163.0752156354354,(x - -15349.08)^2 + (y - -5997.48)^2 = 1352743.96
2025,17,Azerbaijan Grand Prix,12.0,Left,-14468.242868499687,-7529.613051076175,2441.016053709647,(x - -14468.24)^2 + (y - -7529.61)^2 = 5958559.37
2025,17,Azerbaijan Grand Prix,13.0,Left,-16644.783147756374,-9449.820985517228,227.296662187858,(x - -16644.78)^2 + (y - -9449.82)^2 = 51663.77
2025,17,Azerbaijan Grand Prix,14.0,Left,-13828.232002263814,-10730.453662245347,413.7399034927275,(x - -13828.23)^2 + (y - -10730.45)^2 = 171180.71
2025,17,Azerbaijan Grand Prix,15.0,Right,-10923.9424261192,-10648.176322888956,2133.809889554234,(x - -10923.94)^2 + (y - -10648.18)^2 = 4553144.64
2025,17,Azerbaijan Grand Prix,16.0,Left,-12344.692187772323,-6892.052028346338,1590.7236170595681,(x - -12344.69)^2 + (y - -6892.05)^2 = 2530401.63
2025,17,Azerbaijan Grand Prix,17.0,Right,-9518.97162878589,-6967.889008451,1179.2056352429681,(x - -9518.97)^2 + (y - -6967.89)^2 = 1390525.93
2025,18,Singapore Grand Prix,1.0,Left,17.57373717683149,3104.2927261215327,542.4466877285508,(x - 17.57)^2 + (y - 3104.29)^2 = 294248.41
2025,18,Singapore Grand Prix,2.0,Right,85.75605359068405,4320.80283361225,672.374594535184,(x - 85.76)^2 + (y - 4320.80)^2 = 452087.60
2025,18,Singapore Grand Prix,3.0,Left,-787.0933399412843,3715.9979392425894,356.03223922228653,(x - -787.09)^2 + (y - 3716.00)^2 = 126758.96
2025,18,Singapore Grand Prix,4.0,Left,313.4284610265647,3394.9194168384784,1468.4354171744371,(x - 313.43)^2 + (y - 3394.92)^2 = 2156302.57
2025,18,Singapore Grand Prix,5.0,Right,-1142.3670497895391,897.9297286666157,747.7759052607104,(x - -1142.37)^2 + (y - 897.93)^2 = 559168.80
2025,18,Singapore Grand Prix,6.0,Right,-4494.561966134337,3074.3489881661567,2662.5099920609223,(x - -4494.56)^2 + (y - 3074.35)^2 = 7088959.46
2025,18,Singapore Grand Prix,7.0,Left,-8197.605738647697,1599.1597931918398,551.1982621897945,(x - -8197.61)^2 + (y - 1599.16)^2 = 303819.52
2025,18,Singapore Grand Prix,8.0,Right,-9579.039538469642,817.5961417189884,297.1773134475664,(x - -9579.04)^2 + (y - 817.60)^2 = 88314.36
2025,18,Singapore Grand Prix,9.0,Left,-10922.697269427477,1044.3270731279265,612.4044034954401,(x - -10922.70)^2 + (y - 1044.33)^2 = 375039.15
2025,18,Singapore Grand Prix,10.0,Left,-12424.214826435364,-1964.0553199256028,778.0144383484179,(x - -12424.21)^2 + (y - -1964.06)^2 = 605306.47
2025,18,Singapore Grand Prix,11.0,Right,-12669.713745441153,-3132.6131641232855,445.69861439506525,(x - -12669.71)^2 + (y - -3132.61)^2 = 198647.25
2025,18,Singapore Grand Prix,12.0,Left,-11560.953659723375,-3346.982061828404,612.9922246717676,(x - -11560.95)^2 + (y - -3346.98)^2 = 375759.47
2025,18,Singapore Grand Prix,13.0,Right,-12925.464918747995,-5787.063297802601,2152.066457466224,(x - -12925.46)^2 + (y - -5787.06)^2 = 4631390.04
2025,18,Singapore Grand Prix,14.0,Left,-10828.466014152467,-4687.940510300693,217.39026025135803,(x - -10828.47)^2 + (y - -4687.94)^2 = 47258.53
2025,18,Singapore Grand Prix,15.0,Right,-9257.533575723453,-178.77320425996157,304.92227714773213,(x - -9257.53)^2 + (y - -178.77)^2 = 92977.60
2025,18,Singapore Grand Prix,16.0,Left,-6639.543951720352,333.67235851818003,1781.6779309050228,(x - -6639.54)^2 + (y - 333.67)^2 = 3174376.25
2025,18,Singapore Grand Prix,17.0,Right,-2822.2950032374897,-2021.5936937288539,367.5108440916588,(x - -2822.30)^2 + (y - -2021.59)^2 = 135064.22
2025,18,Singapore Grand Prix,18.0,Left,-1686.5919502671263,-1820.566054536246,790.2369491182405,(x - -1686.59)^2 + (y - -1820.57)^2 = 624474.44
2025,18,Singapore Grand Prix,19.0,Left,-61.71230803978691,-1468.643095608229,1252.425787535374,(x - -61.71)^2 + (y - -1468.64)^2 = 1568570.35
2025,19,United States Grand Prix,1.0,Left,3529.1715023396227,-3813.182352404553,284.5938389945436,(x - 3529.17)^2 + (y - -3813.18)^2 = 80993.65
2025,19,United States Grand Prix,2.0,Left,2153.5991562340378,-3912.644181115548,1669.6306040665447,(x - 2153.60)^2 + (y - -3912.64)^2 = 2787666.35
2025,19,United States Grand Prix,3.0,Right,4775.512969410293,-2165.230052752426,1434.5839422698302,(x - 4775.51)^2 + (y - -2165.23)^2 = 2058031.09
2025,19,United States Grand Prix,4.0,Left,4738.351563947257,464.6885956787323,838.5523663619401,(x - 4738.35)^2 + (y - 464.69)^2 = 703170.07
2025,19,United States Grand Prix,5.0,Right,6676.224954043765,11.036596288712065,1067.3507038825965,(x - 6676.22)^2 + (y - 11.04)^2 = 1139237.53
2025,19,United States Grand Prix,6.0,Left,5579.133469042872,1954.891880050715,1219.3863188261482,(x - 5579.13)^2 + (y - 1954.89)^2 = 1486902.99
2025,19,United States Grand Prix,7.0,Right,7941.56997584516,1579.948736736898,1179.3716460562396,(x - 7941.57)^2 + (y - 1579.95)^2 = 1390917.48
2025,19,United States Grand Prix,8.0,Left,9094.542853431034,3364.263247001297,992.3733313627786,(x - 9094.54)^2 + (y - 3364.26)^2 = 984804.83
2025,19,United States Grand Prix,9.0,Right,10547.195331486038,2643.8888808105357,619.3726801444129,(x - 10547.20)^2 + (y - 2643.89)^2 = 383622.52
2025,19,United States Grand Prix,10.0,Left,11508.12567183386,3481.256019306143,672.947418324481,(x - 11508.13)^2 + (y - 3481.26)^2 = 452858.23
2025,19,United States Grand Prix,11.0,Left,12071.366772660253,5003.334905799439,2041.6139542142928,(x - 12071.37)^2 + (y - 5003.33)^2 = 4168187.54
2025,19,United States Grand Prix,12.0,Left,15219.150718346935,6156.543093104661,342.0389297562478,(x - 15219.15)^2 + (y - 6156.54)^2 = 116990.63
2025,19,United States Grand Prix,13.0,Left,4368.793485292457,3778.192882330315,390.5050828700519,(x - 4368.79)^2 + (y - 3778.19)^2 = 152494.22
2025,19,United States Grand Prix,14.0,Right,4560.1167842827435,2404.7198737467215,505.24378351441044,(x - 4560.12)^2 + (y - 2404.72)^2 = 255271.28
2025,19,United States Grand Prix,15.0,Right,4664.691798064276,2768.0566482326826,833.2412899532103,(x - 4664.69)^2 + (y - 2768.06)^2 = 694291.05
2025,19,United States Grand Prix,16.0,Left,3344.638962534466,2866.8164784807814,463.82877655177856,(x - 3344.64)^2 + (y - 2866.82)^2 = 215137.13
2025,19,United States Grand Prix,17.0,Right,2308.180298599885,1245.3047454747973,1364.779374817157,(x - 2308.18)^2 + (y - 1245.30)^2 = 1862622.74
2025,19,United States Grand Prix,18.0,Left,-182.98361730739006,937.5359575492444,978.4459172502782,(x - -182.98)^2 + (y - 937.54)^2 = 957356.41
2025,19,United States Grand Prix,19.0,Left,-2097.381753727598,651.1605067618974,445.78630204247355,(x - -2097.38)^2 + (y - 651.16)^2 = 198725.43
2025,20,Mexico City Grand Prix,1.0,Right,11069.51037276805,-877.6832034247927,546.0012704570851,(x - 11069.51)^2 + (y - -877.68)^2 = 298117.39
2025,20,Mexico City Grand Prix,2.0,Left,12007.958162596296,-1207.7762047205376,441.6536668937051,(x - 12007.96)^2 + (y - -1207.78)^2 = 195057.96
2025,20,Mexico City Grand Prix,3.0,Right,11501.398830043083,-1997.0120996752742,523.3940559779894,(x - 11501.40)^2 + (y - -1997.01)^2 = 273941.34
2025,20,Mexico City Grand Prix,4.0,Left,9297.38906169728,-7578.693833741623,547.8762462872792,(x - 9297.39)^2 + (y - -7578.69)^2 = 300168.38
2025,20,Mexico City Grand Prix,5.0,Right,8997.777193260039,-8332.735529472056,260.73059304419706,(x - 8997.78)^2 + (y - -8332.74)^2 = 67980.44
2025,20,Mexico City Grand Prix,6.0,Right,8312.867031086646,-8707.231676699408,344.7732344600159,(x - 8312.87)^2 + (y - -8707.23)^2 = 118868.58
2025,20,Mexico City Grand Prix,7.0,Left,7523.34749114477,-6141.84494049248,880.3216588986735,(x - 7523.35)^2 + (y - -6141.84)^2 = 774966.22
2025,20,Mexico City Grand Prix,8.0,Right,8707.459845208929,-4082.7905295721084,1515.3907099147907,(x - 8707.46)^2 + (y - -4082.79)^2 = 2296409.00
2025,20,Mexico City Grand Prix,9.0,Left,6121.5298659146465,-5590.815692548756,1495.6810740433154,(x - 6121.53)^2 + (y - -5590.82)^2 = 2237061.88
2025,20,Mexico City Grand Prix,10.0,Right,5929.707227287515,-3125.614172149417,994.1946216458748,(x - 5929.71)^2 + (y - -3125.61)^2 = 988422.95
2025,20,Mexico City Grand Prix,11.0,Left,3917.3235852486882,-3730.7378737892263,1129.4096018784082,(x - 3917.32)^2 + (y - -3730.74)^2 = 1275566.05
2025,20,Mexico City Grand Prix,12.0,Right,-0.46225532196899244,-1124.7422086149302,637.2765413464898,(x - -0.46)^2 + (y - -1124.74)^2 = 406121.39
2025,20,Mexico City Grand Prix,13.0,Left,-844.9956422139032,-192.11545143185197,271.1549363020278,(x - -845.00)^2 + (y - -192.12)^2 = 73525.00
2025,20,Mexico City Grand Prix,14.0,Right,-1436.3166008853023,411.1535603025849,581.5082971223802,(x - -1436.32)^2 + (y - 411.15)^2 = 338151.90
2025,20,Mexico City Grand Prix,15.0,Right,-1452.3850966247956,518.8427348615853,894.4544059116457,(x - -1452.39)^2 + (y - 518.84)^2 = 800048.68
2025,21,São Paulo Grand Prix,1.0,Left,-2398.4035394356206,-8055.709162834572,456.1145637561554,(x - -2398.40)^2 + (y - -8055.71)^2 = 208040.50
2025,21,São Paulo Grand Prix,2.0,Right,-1561.0487471851907,-8535.82805091612,461.9567629336076,(x - -1561.05)^2 + (y - -8535.83)^2 = 213404.05
2025,21,São Paulo Grand Prix,3.0,Left,-568.7031460834025,-6743.826231553673,1599.608916687848,(x - -568.70)^2 + (y - -6743.83)^2 = 2558748.69
2025,21,São Paulo Grand Prix,4.0,Left,1097.6262299159953,-1885.7739295464319,1311.040301784247,(x - 1097.63)^2 + (y - -1885.77)^2 = 1718826.67
2025,21,São Paulo Grand Prix,5.0,Right,-2491.9784170022654,-3032.331925497009,1036.5329340545397,(x - -2491.98)^2 + (y - -3032.33)^2 = 1074400.52
2025,21,São Paulo Grand Prix,6.0,Left,-2635.7585019144735,-1814.0003989669067,465.4771110739536,(x - -2635.76)^2 + (y - -1814.00)^2 = 216668.94
2025,21,São Paulo Grand Prix,7.0,Right,-3043.5985972701073,-402.05647066072294,614.8674650749368,(x - -3043.60)^2 + (y - -402.06)^2 = 378062.00
2025,21,São Paulo Grand Prix,8.0,Left,-1469.4336126201608,430.885892083665,1146.3818181535246,(x - -1469.43)^2 + (y - 430.89)^2 = 1314191.27
2025,21,São Paulo Grand Prix,9.0,Left,-297.60991941671807,1214.2424143283527,519.576029346465,(x - -297.61)^2 + (y - 1214.24)^2 = 269959.25
2025,21,São Paulo Grand Prix,10.0,Left,-1034.3832738089993,-518.126374914967,2404.6436284475767,(x - -1034.38)^2 + (y - -518.13)^2 = 5782310.98
2025,21,São Paulo Grand Prix,11.0,Left,-1291.2406461318744,-730.199432338922,2527.357119166746,(x - -1291.24)^2 + (y - -730.20)^2 = 6387534.01
2025,22,Las Vegas Grand Prix,1.0,Left,3062.9505845710023,1423.1594356865837,652.280740216704,(x - 3062.95)^2 + (y - 1423.16)^2 = 425470.16
2025,22,Las Vegas Grand Prix,2.0,Right,1613.1037583256793,2256.4775895904163,1047.1566271673926,(x - 1613.10)^2 + (y - 2256.48)^2 = 1096537.00
2025,22,Las Vegas Grand Prix,3.0,Right,721.3278754162952,10232.401982395832,476.54394903922497,(x - 721.33)^2 + (y - 10232.40)^2 = 227094.14
2025,22,Las Vegas Grand Prix,4.0,Left,2491.658013872514,12012.018609176162,1325.6387379871976,(x - 2491.66)^2 + (y - 12012.02)^2 = 1757318.06
2025,22,Las Vegas Grand Prix,5.0,Right,3651.141871798905,13132.34948746202,353.84838731787346,(x - 3651.14)^2 + (y - 13132.35)^2 = 125208.68
2025,22,Las Vegas Grand Prix,6.0,Left,3273.883816362119,13930.455870273232,360.71545436690474,(x - 3273.88)^2 + (y - 13930.46)^2 = 130115.64
2025,22,Las Vegas Grand Prix,7.0,Right,39.25491679273828,16305.589516206908,1975.8749369554796,(x - 39.25)^2 + (y - 16305.59)^2 = 3904081.77
2025,22,Las Vegas Grand Prix,8.0,Left,-4258.053696917919,15381.084117626498,2308.9620964058686,(x - -4258.05)^2 + (y - 15381.08)^2 = 5331305.96
2025,22,Las Vegas Grand Prix,9.0,Left,-4482.721126038946,17420.921190226803,352.0811324253531,(x - -4482.72)^2 + (y - 17420.92)^2 = 123961.12
2025,22,Las Vegas Grand Prix,10.0,Left,-7241.3081061614685,-794.6214396403082,480.9142161542215,(x - -7241.31)^2 + (y - -794.62)^2 = 231278.48
2025,22,Las Vegas Grand Prix,11.0,Right,-7406.200145560408,-1924.6644832605532,670.4833283029508,(x - -7406.20)^2 + (y - -1924.66)^2 = 449547.89
2025,22,Las Vegas Grand Prix,12.0,Left,-6364.519883501337,-955.5354694109018,749.4925446733758,(x - -6364.52)^2 + (y - -955.54)^2 = 561739.07
2025,22,Las Vegas Grand Prix,13.0,Left,260.26187159469015,477.2189202383461,2084.464774799364,(x - 260.26)^2 + (y - 477.22)^2 = 4344993.40
2025,23,Qatar Grand Prix,1.0,Right,-3797.30035068048,5269.773234809801,668.6344857776699,(x - -3797.30)^2 + (y - 5269.77)^2 = 447072.08
2025,23,Qatar Grand Prix,2.0,Left,-1857.383007185725,5572.213831972456,660.8333973499088,(x - -1857.38)^2 + (y - 5572.21)^2 = 436700.78
2025,23,Qatar Grand Prix,3.0,Right,336.5502074148483,6653.475658983946,1583.6449083018986,(x - 336.55)^2 + (y - 6653.48)^2 = 2507931.20
2025,23,Qatar Grand Prix,4.0,Right,1596.4107360979733,8932.48724469673,1052.9029683378844,(x - 1596.41)^2 + (y - 8932.49)^2 = 1108604.66
2025,23,Qatar Grand Prix,5.0,Left,1496.9940287914483,6812.984155280958,352.4749683709177,(x - 1496.99)^2 + (y - 6812.98)^2 = 124238.60
2025,23,Qatar Grand Prix,6.0,Right,4303.879224657803,6917.516241793957,702.6169766801509,(x - 4303.88)^2 + (y - 6917.52)^2 = 493670.62
2025,23,Qatar Grand Prix,7.0,Left,7762.681867893156,3398.66159620625,4313.927792938148,(x - 7762.68)^2 + (y - 3398.66)^2 = 18609973.00
2025,23,Qatar Grand Prix,8.0,Left,6693.886934673367,4202.7202680067,2969.7961024334204,(x - 6693.89)^2 + (y - 4202.72)^2 = 8819688.89
2025,23,Qatar Grand Prix,9.0,Right,2907.8492425130808,5052.604275235017,907.8198319795783,(x - 2907.85)^2 + (y - 5052.60)^2 = 824136.85
2025,23,Qatar Grand Prix,10.0,Left,2166.674363839976,3403.757708354443,566.9432532769434,(x - 2166.67)^2 + (y - 3403.76)^2 = 321424.65
2025,23,Qatar Grand Prix,11.0,Left,4289.388190218016,5450.29247813475,3511.6351223481447,(x - 4289.39)^2 + (y - 5450.29)^2 = 12331581.23
2025,23,Qatar Grand Prix,12.0,Left,4018.6818661043753,4307.129414865577,2326.223473302007,(x - 4018.68)^2 + (y - 4307.13)^2 = 5411315.65
2025,23,Qatar Grand Prix,13.0,Right,6347.272929615338,596.441161630898,1629.1245068114242,(x - 6347.27)^2 + (y - 596.44)^2 = 2654046.66
2025,23,Qatar Grand Prix,14.0,Right,6687.439248318678,-553.8088574125703,680.0201327539756,(x - 6687.44)^2 + (y - -553.81)^2 = 462427.38
2025,23,Qatar Grand Prix,15.0,Left,4217.178370013321,-1675.0914195825062,905.90401868173,(x - 4217.18)^2 + (y - -1675.09)^2 = 820662.09
2025,23,Qatar Grand Prix,16.0,Right,1290.419033380753,-3904.0500709300622,709.5043476689368,(x - 1290.42)^2 + (y - -3904.05)^2 = 503396.42
2025,24,Abu Dhabi Grand Prix,1.0,Left,3849.5973764692476,3013.960925368388,574.6912446689547,(x - 3849.60)^2 + (y - 3013.96)^2 = 330270.03
2025,24,Abu Dhabi Grand Prix,2.0,Left,3205.60338354361,4473.999170675543,877.9430581409305,(x - 3205.60)^2 + (y - 4474.00)^2 = 770784.01
2025,24,Abu Dhabi Grand Prix,3.0,Right,3277.6692334969744,6560.554573026989,1147.6180307351412,(x - 3277.67)^2 + (y - 6560.55)^2 = 1317027.14
2025,24,Abu Dhabi Grand Prix,4.0,Left,1821.9696893692926,11342.914937456997,440.99709585430213,(x - 1821.97)^2 + (y - 11342.91)^2 = 194478.44
2025,24,Abu Dhabi Grand Prix,5.0,Left,-1935.9479121979123,926.2808522808523,342.3099009554492,(x - -1935.95)^2 + (y - 926.28)^2 = 117176.07
2025,24,Abu Dhabi Grand Prix,6.0,Right,-1732.9196851152767,327.9060655659076,282.9333739292999,(x - -1732.92)^2 + (y - 327.91)^2 = 80051.29
2025,24,Abu Dhabi Grand Prix,7.0,Left,5041.3955196767165,-4560.708546596357,754.8866162352145,(x - 5041.40)^2 + (y - -4560.71)^2 = 569853.80
2025,24,Abu Dhabi Grand Prix,8.0,Right,2815.944535024967,-2366.7280739665675,1242.458209206533,(x - 2815.94)^2 + (y - -2366.73)^2 = 1543702.40
2025,24,Abu Dhabi Grand Prix,9.0,Left,2097.297222588831,-702.0003563101892,703.0578692207332,(x - 2097.30)^2 + (y - -702.00)^2 = 494290.37
2025,24,Abu Dhabi Grand Prix,10.0,Right,262.0052869586202,729.777856077181,990.5914466397429,(x - 262.01)^2 + (y - 729.78)^2 = 981271.41
2025,24,Abu Dhabi Grand Prix,11.0,Right,-602.4208991037079,1375.7150998936352,609.2505544486829,(x - -602.42)^2 + (y - 1375.72)^2 = 371186.24
2026,1,Australian Grand Prix,1.0,Right,-2731.396805480771,1411.2405045021035,939.4202431436485,(x - -2731.40)^2 + (y - 1411.24)^2 = 882510.39
2026,1,Australian Grand Prix,2.0,Left,-4900.227988182951,2009.5243551324775,1349.0411749349805,(x - -4900.23)^2 + (y - 2009.52)^2 = 1819912.09
2026,1,Australian Grand Prix,3.0,Right,-6848.743813884649,6948.627538041718,385.9395316822589,(x - -6848.74)^2 + (y - 6948.63)^2 = 148949.32
2026,1,Australian Grand Prix,4.0,Left,-6449.340270366418,8035.45159018143,658.939015322888,(x - -6449.34)^2 + (y - 8035.45)^2 = 434200.63
2026,1,Australian Grand Prix,5.0,Right,-4794.769033343499,9244.984769427732,1160.6956144382852,(x - -4794.77)^2 + (y - 9244.98)^2 = 1347214.31
2026,1,Australian Grand Prix,6.0,Right,-2281.633787372825,11254.395793713697,592.0862394576055,(x - -2281.63)^2 + (y - 11254.40)^2 = 350566.11
2026,1,Australian Grand Prix,7.0,Left,-864.5988047808765,13092.710358565737,1750.9043034699312,(x - -864.60)^2 + (y - 13092.71)^2 = 3065665.88
2026,1,Australian Grand Prix,8.0,Right,-1189.967132369835,9118.01034386742,2230.8723762493833,(x - -1189.97)^2 + (y - 9118.01)^2 = 4976791.56
2026,1,Australian Grand Prix,9.0,Right,-4126.314575824237,8392.352448416716,5294.321638126396,(x - -4126.31)^2 + (y - 8392.35)^2 = 28029841.61
2026,1,Australian Grand Prix,10.0,Right,-4127.625830690881,8874.20595882733,5403.2035363546265,(x - -4127.63)^2 + (y - 8874.21)^2 = 29194608.46
2026,1,Australian Grand Prix,11.0,Left,2710.435735647327,4744.220794787093,2453.9810526794586,(x - 2710.44)^2 + (y - 4744.22)^2 = 6022023.01
2026,1,Australian Grand Prix,12.0,Left,3436.2128216747265,4076.098050964002,2982.0484341617207,(x - 3436.21)^2 + (y - 4076.10)^2 = 8892612.86
2026,1,Australian Grand Prix,13.0,Left,3013.3702087377947,1670.3862998184457,880.2331808489038,(x - 3013.37)^2 + (y - 1670.39)^2 = 774810.45
2026,1,Australian Grand Prix,14.0,Right,3812.1067965919106,-11.804083831162473,883.0108267201387,(x - 3812.11)^2 + (y - -11.80)^2 = 779708.12
2026,1,Australian Grand Prix,15.0,Right,3364.5938536828135,-3061.220388188454,3504.183189229468,(x - 3364.59)^2 + (y - -3061.22)^2 = 12279299.82
2026,1,Australian Grand Prix,16.0,Right,7143.814451343629,-4746.502377579366,362.67638312022626,(x - 7143.81)^2 + (y - -4746.50)^2 = 131534.16
2026,1,Australian Grand Prix,17.0,Right,5280.449924686969,-4565.185933628732,987.5627794018153,(x - 5280.45)^2 + (y - -4565.19)^2 = 975280.24
2026,1,Australian Grand Prix,18.0,Left,3521.7233545229055,-3994.6901960904606,360.6815421400871,(x - 3521.72)^2 + (y - -3994.69)^2 = 130091.17
2026,1,Australian Grand Prix,19.0,Right,2368.17864081023,-3619.5559234667885,844.2474298045234,(x - 2368.18)^2 + (y - -3619.56)^2 = 712753.72
2026,2,Chinese Grand Prix,1.0,Left,100544.26722031228,-461352.7984929441,470653.04427425197,(x - 100544.27)^2 + (y - -461352.80)^2 = 221514288084.62
2026,2,Chinese Grand Prix,2.0,Right,-5550.959964668469,-2247.699428505235,1023.7114442905577,(x - -5550.96)^2 + (y - -2247.70)^2 = 1047985.12
2026,2,Chinese Grand Prix,3.0,Left,-4489.028582672625,-1745.1250101743562,321.4110411099563,(x - -4489.03)^2 + (y - -1745.13)^2 = 103305.06
2026,2,Chinese Grand Prix,4.0,Left,-4751.347427362998,-1328.4082256206084,733.7938321734612,(x - -4751.35)^2 + (y - -1328.41)^2 = 538453.39
2026,2,Chinese Grand Prix,5.0,Right,-5017.110518401382,1878.842669469323,1149.4309827953632,(x - -5017.11)^2 + (y - 1878.84)^2 = 1321191.58
2026,2,Chinese Grand Prix,6.0,Right,-6238.899807778455,3106.7594815121474,602.6972483901745,(x - -6238.90)^2 + (y - 3106.76)^2 = 363243.97
2026,2,Chinese Grand Prix,7.0,Left,-3623.7063941148176,1861.6600845041316,1256.37129448301,(x - -3623.71)^2 + (y - 1861.66)^2 = 1578468.83
2026,2,Chinese Grand Prix,8.0,Right,-1357.6968356197904,1527.3949732956296,941.4800637928867,(x - -1357.70)^2 + (y - 1527.39)^2 = 886384.71
2026,2,Chinese Grand Prix,9.0,Left,-76.2678674884502,1524.2186166144838,319.7484173387934,(x - -76.27)^2 + (y - 1524.22)^2 = 102239.05
2026,2,Chinese Grand Prix,10.0,Left,118.26165128201097,2081.3637522854915,502.8597154608902,(x - 118.26)^2 + (y - 2081.36)^2 = 252867.89
2026,2,Chinese Grand Prix,11.0,Left,-1840.9964001963933,5714.850887676319,308.8407181700096,(x - -1841.00)^2 + (y - 5714.85)^2 = 95382.59
2026,2,Chinese Grand Prix,12.0,Right,-2398.1074997520877,6304.636701916485,575.7465616027599,(x - -2398.11)^2 + (y - 6304.64)^2 = 331484.10
2026,2,Chinese Grand Prix,13.0,Right,-1964.6158762343139,6149.584586700201,1072.62551977683,(x - -1964.62)^2 + (y - 6149.58)^2 = 1150525.51
2026,2,Chinese Grand Prix,14.0,Right,5322.207412080201,-3522.1531631746016,125.07427560685781,(x - 5322.21)^2 + (y - -3522.15)^2 = 15643.57
2026,2,Chinese Grand Prix,15.0,Right,5855.654802574033,-1971.879544198219,1729.808843499447,(x - 5855.65)^2 + (y - -1971.88)^2 = 2992238.64
2026,2,Chinese Grand Prix,16.0,Left,2921.5728788688875,-1116.7218091323577,210.89556735316427,(x - 2921.57)^2 + (y - -1116.72)^2 = 44476.94
2026,3,Japanese Grand Prix,1.0,Right,5298.2177926249915,-6134.973116126056,840.9197148491234,(x - 5298.22)^2 + (y - -6134.97)^2 = 707145.97
2026,3,Japanese Grand Prix,2.0,Left,3071.064093819146,-6202.069131259979,1089.0573551555478,(x - 3071.06)^2 + (y - -6202.07)^2 = 1186045.92
2026,3,Japanese Grand Prix,3.0,Right,3016.187516169761,-4339.781022665988,785.3819540463438,(x - 3016.19)^2 + (y - -4339.78)^2 = 616824.81
2026,3,Japanese Grand Prix,4.0,Left,1263.9320415688906,-4307.037602538831,901.7139212897824,(x - 1263.93)^2 + (y - -4307.04)^2 = 813088.00
2026,3,Japanese Grand Prix,5.0,Right,885.4209110154113,-2544.678856330996,834.1360381683874,(x - 885.42)^2 + (y - -2544.68)^2 = 695782.93
2026,3,Japanese Grand Prix,6.0,Left,-415.24536320879406,-1441.2740900818828,784.0873488008983,(x - -415.25)^2 + (y - -1441.27)^2 = 614792.97
2026,3,Japanese Grand Prix,7.0,Left,-1364.6608799440635,-2493.2655880249654,2114.166771218996,(x - -1364.66)^2 + (y - -2493.27)^2 = 4469701.14
2026,3,Japanese Grand Prix,8.0,Right,-4429.511574666462,-1614.2905526801378,856.1200393775158,(x - -4429.51)^2 + (y - -1614.29)^2 = 732941.52
2026,3,Japanese Grand Prix,9.0,Right,-5233.6124942660035,-2062.3937209365076,533.9289233682327,(x - -5233.61)^2 + (y - -2062.39)^2 = 285080.10
2026,3,Japanese Grand Prix,10.0,Right,-4305.651305432816,361.6076566147108,1927.3293534494474,(x - -4305.65)^2 + (y - 361.61)^2 = 3714598.44
2026,3,Japanese Grand Prix,11.0,Left,-6109.682955369495,1664.7317226474079,273.0071859817948,(x - -6109.68)^2 + (y - 1664.73)^2 = 74532.92
2026,3,Japanese Grand Prix,12.0,Right,-8690.590342888823,2052.775165800699,2211.027122917625,(x - -8690.59)^2 + (y - 2052.78)^2 = 4888640.94
2026,3,Japanese Grand Prix,13.0,Right,-9241.307754961055,2584.8057637415327,2515.98893646415,(x - -9241.31)^2 + (y - 2584.81)^2 = 6330200.33
2026,3,Japanese Grand Prix,14.0,Left,-12868.814330533505,2382.6802402316007,877.3017831089595,(x - -12868.81)^2 + (y - 2382.68)^2 = 769658.42
2026,3,Japanese Grand Prix,15.0,Left,-5526.960204525101,770.638360638466,2491.203055430826,(x - -5526.96)^2 + (y - 770.64)^2 = 6206092.66
2026,3,Japanese Grand Prix,16.0,Right,-1980.5213586592356,86.14571907598562,449.9597332601422,(x - -1980.52)^2 + (y - 86.15)^2 = 202463.76
2026,3,Japanese Grand Prix,17.0,Left,-1439.6388363155274,798.6187068245769,465.03649756684723,(x - -1439.64)^2 + (y - 798.62)^2 = 216258.94
2026,3,Japanese Grand Prix,18.0,Right,-294.2666364950623,-896.6741141710048,1664.6626129305819,(x - -294.27)^2 + (y - -896.67)^2 = 2771101.61
2026,4,Miami Grand Prix,1.0,Right,4668.818961907854,-1930.2906003297446,343.33917605269403,(x - 4668.82)^2 + (y - -1930.29)^2 = 117881.79
2026,4,Miami Grand Prix,2.0,Left,5235.250146881938,-3015.5426268049814,836.528777745929,(x - 5235.25)^2 + (y - -3015.54)^2 = 699780.40
2026,4,Miami Grand Prix,3.0,Right,2857.0624398881923,-2687.463903787416,1631.6253833274418,(x - 2857.06)^2 + (y - -2687.46)^2 = 2662201.39
2026,4,Miami Grand Prix,4.0,Left,-627.5022689272323,-3933.8319343310773,1253.9672733488123,(x - -627.50)^2 + (y - -3933.83)^2 = 1572433.92
2026,4,Miami Grand Prix,5.0,Right,-1887.169348704281,-2095.0392398211925,989.6777358484147,(x - -1887.17)^2 + (y - -2095.04)^2 = 979462.02
2026,4,Miami Grand Prix,6.0,Left,-3521.518140320236,-3124.931960169593,861.5809702066969,(x - -3521.52)^2 + (y - -3124.93)^2 = 742321.77
2026,4,Miami Grand Prix,7.0,Right,499.7865629591905,-6945.754319692905,2864.984096050386,(x - 499.79)^2 + (y - -6945.75)^2 = 8208133.87
2026,4,Miami Grand Prix,8.0,Left,9260.276033508766,-2548.6656337655077,409.25119615792636,(x - 9260.28)^2 + (y - -2548.67)^2 = 167486.54
2026,4,Miami Grand Prix,9.0,Right,9602.381306933225,-1676.0012885898627,476.6737251218617,(x - 9602.38)^2 + (y - -1676.00)^2 = 227217.84
2026,4,Miami Grand Prix,10.0,Left,9915.695369040362,-641.6164805439263,587.749221287638,(x - 9915.70)^2 + (y - -641.62)^2 = 345449.15
2026,4,Miami Grand Prix,11.0,Right,10588.726972959,-238.3558071951104,210.31479229773603,(x - 10588.73)^2 + (y - -238.36)^2 = 44232.31
2026,4,Miami Grand Prix,12.0,Left,10184.898304122142,310.34571408905344,351.51085138055845,(x - 10184.90)^2 + (y - 310.35)^2 = 123559.88
2026,4,Miami Grand Prix,13.0,Left,-2332.8230701604507,763.1550679419734,317.3621985343177,(x - -2332.82)^2 + (y - 763.16)^2 = 100718.77
2026,4,Miami Grand Prix,14.0,Left,-1421.1344064379289,1029.5143527659736,952.380507583069,(x - -1421.13)^2 + (y - 1029.51)^2 = 907028.63
2026,4,Miami Grand Prix,15.0,Right,332.8755598981872,-1603.7066460644146,2236.161984819323,(x - 332.88)^2 + (y - -1603.71)^2 = 5000420.42
2026,5,Canadian Grand Prix,1.0,Left,3928.874639359029,-1106.5844279720764,647.8640792439076,(x - 3928.87)^2 + (y - -1106.58)^2 = 419727.87
2026,5,Canadian Grand Prix,2.0,Right,3458.2853196267633,-1980.7443936764744,395.20194545093807,(x - 3458.29)^2 + (y - -1980.74)^2 = 156184.58
2026,5,Canadian Grand Prix,3.0,Right,1293.1764833765362,-492.93493838645685,556.4163401513377,(x - 1293.18)^2 + (y - -492.93)^2 = 309599.14
2026,5,Canadian Grand Prix,4.0,Left,72.07603308825406,-216.83413883823238,698.1870765231193,(x - 72.08)^2 + (y - -216.83)^2 = 487465.19
2026,5,Canadian Grand Prix,5.0,Right,688.7363927766296,2460.4943285311183,1632.7922499384504,(x - 688.74)^2 + (y - 2460.49)^2 = 2666010.53
2026,5,Canadian Grand Prix,6.0,Left,-1331.9477772646271,3536.5978524531333,446.4728933517721,(x - -1331.95)^2 + (y - 3536.60)^2 = 199338.04
2026,5,Canadian Grand Prix,7.0,Right,-1409.1411396606766,4830.5354396017065,870.7311408128033,(x - -1409.14)^2 + (y - 4830.54)^2 = 758172.72
2026,5,Canadian Grand Prix,8.0,Right,-1562.3939191500606,10195.425867044878,415.5960237771531,(x - -1562.39)^2 + (y - 10195.43)^2 = 172720.05
2026,5,Canadian Grand Prix,9.0,Left,-1932.7982799061767,11456.047729049684,932.8765332986961,(x - -1932.80)^2 + (y - 11456.05)^2 = 870258.63
2026,5,Canadian Grand Prix,10.0,Right,-704.689177532265,16553.84093095783,206.3866321000108,(x - -704.69)^2 + (y - 16553.84)^2 = 42595.44
2026,5,Canadian Grand Prix,11.0,Left,1512.2025437047687,16127.583568211143,1910.462721949717,(x - 1512.20)^2 + (y - 16127.58)^2 = 3649867.81
2026,5,Canadian Grand Prix,12.0,Right,2029.2316958199983,5604.731770697839,579.4900104747372,(x - 2029.23)^2 + (y - 5604.73)^2 = 335808.67
2026,5,Canadian Grand Prix,13.0,Left,3318.455000696282,4875.164797432722,925.0816384252604,(x - 3318.46)^2 + (y - 4875.16)^2 = 855776.04
2026,6,Monaco Grand Prix,1.0,Right,-7073.412929257619,-5010.920529056853,412.6918785344753,(x - -7073.41)^2 + (y - -5010.92)^2 = 170314.59
2026,6,Monaco Grand Prix,2.0,Left,-4917.7591170825335,-3038.954894433781,1159.068261459695,(x - -4917.76)^2 + (y - -3038.95)^2 = 1343439.23
2026,6,Monaco Grand Prix,3.0,Right,-2903.6944072739007,-6944.740159632201,3259.1745135482183,(x - -2903.69)^2 + (y - -6944.74)^2 = 10622218.51
2026,6,Monaco Grand Prix,4.0,Left,-3012.1327575199234,-2913.099401099063,754.650012046865,(x - -3012.13)^2 + (y - -2913.10)^2 = 569496.64
2026,6,Monaco Grand Prix,5.0,Right,-2173.0741716405714,-1876.2937217535055,558.9332096778556,(x - -2173.07)^2 + (y - -1876.29)^2 = 312406.33
2026,6,Monaco Grand Prix,6.0,Right,-1437.4276577623857,-432.8919272157761,223.13302543176903,(x - -1437.43)^2 + (y - -432.89)^2 = 49788.35
2026,6,Monaco Grand Prix,7.0,Left,-975.4202229959416,-990.9441247535601,253.633612174619,(x - -975.42)^2 + (y - -990.94)^2 = 64330.01
2026,6,Monaco Grand Prix,8.0,Right,-569.4885420365516,-638.9990204714192,418.5174719702649,(x - -569.49)^2 + (y - -639.00)^2 = 175156.87
2026,6,Monaco Grand Prix,9.0,Right,-2012.6737738363795,-2184.7134958913407,1444.6368967680464,(x - -2012.67)^2 + (y - -2184.71)^2 = 2086975.76
2026,6,Monaco Grand Prix,10.0,Left,-3977.1570829756038,-4631.134922727644,261.2869800500708,(x - -3977.16)^2 + (y - -4631.13)^2 = 68270.89
2026,6,Monaco Grand Prix,11.0,Right,-4467.255250880704,-4283.47349579292,365.90076892010006,(x - -4467.26)^2 + (y - -4283.47)^2 = 133883.37
2026,6,Monaco Grand Prix,12.0,Left,-4740.204846740304,-5657.132946844492,1056.4681680622857,(x - -4740.20)^2 + (y - -5657.13)^2 = 1116124.99
2026,6,Monaco Grand Prix,13.0,Left,-6002.278690710525,-5886.388230604533,1223.972308068707,(x - -6002.28)^2 + (y - -5886.39)^2 = 1498108.21
2026,6,Monaco Grand Prix,14.0,Right,-8315.629127927126,-7469.430773748359,1579.4761083963701,(x - -8315.63)^2 + (y - -7469.43)^2 = 2494744.78
2026,6,Monaco Grand Prix,15.0,Left,-5601.448983787906,-8133.0711643356535,1280.0560819612406,(x - -5601.45)^2 + (y - -8133.07)^2 = 1638543.57
2026,6,Monaco Grand Prix,16.0,Right,-6190.628586779649,-9552.966343249445,251.64873349227307,(x - -6190.63)^2 + (y - -9552.97)^2 = 63327.09
2026,6,Monaco Grand Prix,17.0,Right,-6509.276959495002,-9439.433719095214,328.1032905811002,(x - -6509.28)^2 + (y - -9439.43)^2 = 107651.77
2026,6,Monaco Grand Prix,18.0,Left,-8389.227670276183,-9967.54027262527,1662.796580661308,(x - -8389.23)^2 + (y - -9967.54)^2 = 2764892.47
2026,6,Monaco Grand Prix,19.0,Right,-652.6055823101447,-5755.035602646113,7189.265545098097,(x - -652.61)^2 + (y - -5755.04)^2 = 51685539.08
2026,7,Barcelona Grand Prix,1.0,Right,-3295.3276582889216,-6348.752305216743,649.2796831163465,(x - -3295.33)^2 + (y - -6348.75)^2 = 421564.11
2026,7,Barcelona Grand Prix,2.0,Left,-4013.898396916828,-7546.144136160835,766.8359330173774,(x - -4013.90)^2 + (y - -7546.14)^2 = 588037.35
2026,7,Barcelona Grand Prix,3.0,Right,-5578.454474583048,-6203.4416232306485,1233.7635255215603,(x - -5578.45)^2 + (y - -6203.44)^2 = 1522172.44
2026,7,Barcelona Grand Prix,4.0,Right,-3613.8968037541053,-6400.76763674048,3171.793697849,(x - -3613.90)^2 + (y - -6400.77)^2 = 10060275.26
2026,7,Barcelona Grand Prix,5.0,Right,-4758.717107271088,-3717.789854954262,839.3757626766017,(x - -4758.72)^2 + (y - -3717.79)^2 = 704551.67
2026,7,Barcelona Grand Prix,6.0,Left,-4818.482748126789,-5857.614255394466,431.3350143728314,(x - -4818.48)^2 + (y - -5857.61)^2 = 186049.89
2026,7,Barcelona Grand Prix,7.0,Left,-4307.0395577395575,-3676.2929417020327,2141.882817611095,(x - -4307.04)^2 + (y - -3676.29)^2 = 4587662.00
2026,7,Barcelona Grand Prix,8.0,Left,-2705.7734424473997,-3999.7620878224475,636.3102269369128,(x - -2705.77)^2 + (y - -3999.76)^2 = 404890.70
2026,7,Barcelona Grand Prix,9.0,Right,-1780.8306530183481,-2513.799979258781,1131.9259226954134,(x - -1780.83)^2 + (y - -2513.80)^2 = 1281256.29
2026,7,Barcelona Grand Prix,10.0,Right,-2398.2363653749203,-1209.1787926050524,1123.7323057957221,(x - -2398.24)^2 + (y - -1209.18)^2 = 1262774.30
2026,7,Barcelona Grand Prix,11.0,Left,712.6033025127497,2162.983826866395,616.9327240918487,(x - 712.60)^2 + (y - 2162.98)^2 = 380605.99
2026,7,Barcelona Grand Prix,12.0,Right,-505.6846413555728,2706.5137516375244,602.4839661538905,(x - -505.68)^2 + (y - 2706.51)^2 = 362986.93
2026,7,Barcelona Grand Prix,13.0,Right,759.8660300489967,2996.709311600646,1129.3921606672707,(x - 759.87)^2 + (y - 2996.71)^2 = 1275526.65
2026,7,Barcelona Grand Prix,14.0,Right,1803.9560143166202,2382.419383183377,1083.021688897626,(x - 1803.96)^2 + (y - 2382.42)^2 = 1172935.98
2026,8,Austrian Grand Prix,1.0,Right,-2834.814149290872,-1676.237667718795,582.0535877227735,(x - -2834.81)^2 + (y - -1676.24)^2 = 338786.38
2026,8,Austrian Grand Prix,2.0,Left,-14771.07809608231,-3449.590658109424,10800.145314070223,(x - -14771.08)^2 + (y - -3449.59)^2 = 116643138.81
2026,8,Austrian Grand Prix,3.0,Right,-8007.628840867453,5354.653863166969,230.67810544606445,(x - -8007.63)^2 + (y - 5354.65)^2 = 53212.39
2026,8,Austrian Grand Prix,4.0,Right,-1547.418060101117,4273.156339748465,1087.880099168579,(x - -1547.42)^2 + (y - 4273.16)^2 = 1183483.11
2026,8,Austrian Grand Prix,5.0,Left,-3905.5890461247486,2737.638801789512,921.9157924772396,(x - -3905.59)^2 + (y - 2737.64)^2 = 849928.73
2026,8,Austrian Grand Prix,6.0,Left,-3326.274315609898,1656.1895192173413,812.7729811542355,(x - -3326.27)^2 + (y - 1656.19)^2 = 660599.92
2026,8,Austrian Grand Prix,7.0,Right,-1044.2825902485592,356.98774882438215,1689.8264774985037,(x - -1044.28)^2 + (y - 356.99)^2 = 2855513.52
2026,8,Austrian Grand Prix,8.0,Right,3040.8036899790372,1161.6532069881596,918.8879072275109,(x - 3040.80)^2 + (y - 1161.65)^2 = 844354.99
2026,8,Austrian Grand Prix,9.0,Right,3590.801197334706,210.75719458691955,658.2050707183569,(x - 3590.80)^2 + (y - 210.76)^2 = 433233.92
2026,9,British Grand Prix,1.0,Right,1446.3457449800069,3053.860936074915,1493.3278252990476,(x - 1446.35)^2 + (y - 3053.86)^2 = 2230027.99
2026,9,British Grand Prix,2.0,Left,2465.056634229201,6170.792495550141,1735.753932287326,(x - 2465.06)^2 + (y - 6170.79)^2 = 3012841.71
2026,9,British Grand Prix,3.0,Right,4907.63080420957,5365.311563970783,521.6124701817707,(x - 4907.63)^2 + (y - 5365.31)^2 = 272079.57
2026,9,British Grand Prix,4.0,Left,5803.949900167621,5151.230385539818,404.4649984526716,(x - 5803.95)^2 + (y - 5151.23)^2 = 163591.93
2026,9,British Grand Prix,5.0,Left,4691.916381543184,5908.5388993700635,1636.3616616825357,(x - 4691.92)^2 + (y - 5908.54)^2 = 2677679.49
2026,9,British Grand Prix,6.0,Left,983.430729525636,10189.695824967786,826.4945883763281,(x - 983.43)^2 + (y - 10189.70)^2 = 683093.30
2026,9,British Grand Prix,7.0,Right,-409.65156590746506,10116.412607588434,603.442414437689,(x - -409.65)^2 + (y - 10116.41)^2 = 364142.75
2026,9,British Grand Prix,8.0,Right,3015.966510378895,9116.339363279587,3977.9763779591667,(x - 3015.97)^2 + (y - 9116.34)^2 = 15824296.06
2026,9,British Grand Prix,9.0,Right,2069.9820606663698,10137.194400354503,2577.092462447449,(x - 2069.98)^2 + (y - 10137.19)^2 = 6641405.56
2026,9,British Grand Prix,10.0,Right,5161.47593729788,11589.504555502088,1527.2012693897257,(x - 5161.48)^2 + (y - 11589.50)^2 = 2332343.72
2026,9,British Grand Prix,11.0,Right,6362.970805470591,6890.445556121752,1181.7263392268728,(x - 6362.97)^2 + (y - 6890.45)^2 = 1396477.14
2026,9,British Grand Prix,12.0,Left,8394.588387248932,5621.037542013991,1083.0536235478105,(x - 8394.59)^2 + (y - 5621.04)^2 = 1173005.15
2026,9,British Grand Prix,13.0,Right,6800.461488253425,4283.604988482626,974.9333071081938,(x - 6800.46)^2 + (y - 4283.60)^2 = 950494.95
2026,9,British Grand Prix,14.0,Left,8559.131786172307,1112.1949677579773,2682.731979500043,(x - 8559.13)^2 + (y - 1112.19)^2 = 7197050.87
2026,9,British Grand Prix,15.0,Right,2228.6296392167033,-3037.2839721186856,1075.5496685632852,(x - 2228.63)^2 + (y - -3037.28)^2 = 1156807.09
2026,9,British Grand Prix,16.0,Left,-880.8951242022356,-1413.9588325939994,504.8208126146534,(x - -880.90)^2 + (y - -1413.96)^2 = 254844.05
2026,9,British Grand Prix,17.0,Right,-1223.5028597718763,30.047612655750445,1152.5316906779235,(x - -1223.50)^2 + (y - 30.05)^2 = 1328329.30
2026,10,Belgian Grand Prix,1.0,Right,-2077.338077882047,4296.502090921555,263.67009524705077,(x - -2077.34)^2 + (y - 4296.50)^2 = 69521.92
2026,10,Belgian Grand Prix,2.0,Left,3924.092469847738,2064.1844140935914,1803.8646164357885,(x - 3924.09)^2 + (y - 2064.18)^2 = 3253927.55
2026,10,Belgian Grand Prix,3.0,Right,2410.587693708093,-911.7658260708401,1566.9219596155233,(x - 2410.59)^2 + (y - -911.77)^2 = 2455244.43
2026,10,Belgian Grand Prix,4.0,Left,5053.2956247780585,-861.4322278971255,1041.6993513056893,(x - 5053.30)^2 + (y - -861.43)^2 = 1085137.54
2026,10,Belgian Grand Prix,5.0,Right,-1684.4734282962056,-7698.068765549183,8417.564951902894,(x - -1684.47)^2 + (y - -7698.07)^2 = 70855399.72
2026,10,Belgian Grand Prix,6.0,Right,7532.95079935697,-11332.307990436166,777.7432351646582,(x - 7532.95)^2 + (y - -11332.31)^2 = 604884.54
2026,10,Belgian Grand Prix,7.0,Left,8499.382625884504,-12450.499422395387,713.5027542055373,(x - 8499.38)^2 + (y - -12450.50)^2 = 509086.18
2026,10,Belgian Grand Prix,8.0,Right,7132.8249176895415,-13400.696634753978,904.1665967799951,(x - 7132.82)^2 + (y - -13400.70)^2 = 817517.23
2026,10,Belgian Grand Prix,9.0,Right,5242.171196560819,-15227.683475041433,551.835945882809,(x - 5242.17)^2 + (y - -15227.68)^2 = 304522.91
2026,10,Belgian Grand Prix,10.0,Left,5287.323665965489,-13649.599021238013,844.2319646394731,(x - 5287.32)^2 + (y - -13649.60)^2 = 712727.61
2026,10,Belgian Grand Prix,11.0,Left,3518.3278703015117,-10160.152107020813,1625.4314109175295,(x - 3518.33)^2 + (y - -10160.15)^2 = 2642027.27
2026,10,Belgian Grand Prix,12.0,Right,284.3046093965652,-12144.031450584635,823.6095097761782,(x - 284.30)^2 + (y - -12144.03)^2 = 678332.62
2026,10,Belgian Grand Prix,13.0,Left,-615.101437560057,-13712.46679549624,1027.075088391672,(x - -615.10)^2 + (y - -13712.47)^2 = 1054883.24
2026,10,Belgian Grand Prix,14.0,Right,-2790.9303098441815,-14147.043888763024,734.3099128691194,(x - -2790.93)^2 + (y - -14147.04)^2 = 539211.05
2026,10,Belgian Grand Prix,15.0,Right,-2534.28562371432,-13062.646077925843,1791.1595268638443,(x - -2534.29)^2 + (y - -13062.65)^2 = 3208252.45
2026,10,Belgian Grand Prix,16.0,Left,-2831.9932286804283,-5912.844501688508,4019.9004784471426,(x - -2831.99)^2 + (y - -5912.84)^2 = 16159599.86
2026,10,Belgian Grand Prix,17.0,Left,-611.1375380385126,-5901.395246514396,1954.0230734602665,(x - -611.14)^2 + (y - -5901.40)^2 = 3818206.17
2026,10,Belgian Grand Prix,18.0,Right,277.84614666773365,-884.1113695258646,338.18472285847696,(x - 277.85)^2 + (y - -884.11)^2 = 114368.91
2026,10,Belgian Grand Prix,19.0,Left,351.9193126522912,-356.402777604933,193.09955292285667,(x - 351.92)^2 + (y - -356.40)^2 = 37287.44
2026,10,Belgian Grand Prix,20.0,Left,-62.2903152102227,-354.6621522234734,611.2416337089358,(x - -62.29)^2 + (y - -354.66)^2 = 373616.33
2026,11,Hungarian Grand Prix,1.0,Right,-5720.0334965566235,3826.32388145402,377.3540965789565,(x - -5720.03)^2 + (y - 3826.32)^2 = 142396.11
2026,11,Hungarian Grand Prix,2.0,Right,-5702.428370377944,1336.3241058418187,2822.2921705010967,(x - -5702.43)^2 + (y - 1336.32)^2 = 7965333.10
2026,11,Hungarian Grand Prix,3.0,Left,-2084.26161809975,2643.634739956214,502.30700951996704,(x - -2084.26)^2 + (y - 2643.63)^2 = 252312.33
2026,11,Hungarian Grand Prix,4.0,Right,-953.2431867593116,4016.1677210395314,1133.0753561885424,(x - -953.24)^2 + (y - 4016.17)^2 = 1283859.76
2026,11,Hungarian Grand Prix,5.0,Left,-853.4602925572642,8416.155221921148,1044.1292173277986,(x - -853.46)^2 + (y - 8416.16)^2 = 1090205.82
2026,11,Hungarian Grand Prix,6.0,Right,529.2666931423921,9868.350369973095,732.1556395395563,(x - 529.27)^2 + (y - 9868.35)^2 = 536051.88
2026,11,Hungarian Grand Prix,7.0,Right,1940.7639546977928,8710.813417311914,461.5070461575869,(x - 1940.76)^2 + (y - 8710.81)^2 = 212988.75
2026,11,Hungarian Grand Prix,8.0,Left,3250.581715210356,8150.136731391586,1005.1936108410963,(x - 3250.58)^2 + (y - 8150.14)^2 = 1010414.20
2026,11,Hungarian Grand Prix,9.0,Left,3170.936497940826,7279.573852189709,696.1536448618724,(x - 3170.94)^2 + (y - 7279.57)^2 = 484629.90
2026,11,Hungarian Grand Prix,10.0,Right,3339.4887603455254,5841.2162757067135,728.172619647412,(x - 3339.49)^2 + (y - 5841.22)^2 = 530235.36
2026,11,Hungarian Grand Prix,11.0,Left,5516.002577513212,4662.833240517655,1694.852802956732,(x - 5516.00)^2 + (y - 4662.83)^2 = 2872526.02
2026,11,Hungarian Grand Prix,12.0,Right,3541.014831939216,2800.0662723051614,1012.8335232143247,(x - 3541.01)^2 + (y - 2800.07)^2 = 1025831.75
2026,11,Hungarian Grand Prix,13.0,Right,1821.0160626444674,131.84965007787468,432.12026084177666,(x - 1821.02)^2 + (y - 131.85)^2 = 186727.92
2026,11,Hungarian Grand Prix,14.0,Left,188.89571708358315,674.051663203475,463.1042171953288,(x - 188.90)^2 + (y - 674.05)^2 = 214465.52
2026,11,Hungarian Grand Prix,15.0,Right,375.89057536985865,-862.6046698881709,670.4595343648622,(x - 375.89)^2 + (y - -862.60)^2 = 449515.99
2026,12,Dutch Grand Prix,1.0,Right,1857.0719008602298,6243.882631922858,471.83772329808306,(x - 1857.07)^2 + (y - 6243.88)^2 = 222630.84
2026,12,Dutch Grand Prix,2.0,Left,3560.269230769231,4475.0641025641025,1789.270278039737,(x - 3560.27)^2 + (y - 4475.06)^2 = 3201488.13
2026,12,Dutch Grand Prix,3.0,Right,1180.024753768737,4074.40042696701,623.5869177353916,(x - 1180.02)^2 + (y - 4074.40)^2 = 388860.64
2026,12,Dutch Grand Prix,4.0,Left,1050.0886233948777,2943.8451900358627,401.0109648984754,(x - 1050.09)^2 + (y - 2943.85)^2 = 160809.79
2026,12,Dutch Grand Prix,5.0,Right,2919.7151010390294,245.60770891531288,2790.445581563076,(x - 2919.72)^2 + (y - 245.61)^2 = 7786586.54
2026,12,Dutch Grand Prix,6.0,Left,4387.373971527274,4408.922191426441,1558.171114634139,(x - 4387.37)^2 + (y - 4408.92)^2 = 2427897.22
2026,12,Dutch Grand Prix,7.0,Right,6592.933220877158,1800.1123238737846,1816.0134178156677,(x - 6592.93)^2 + (y - 1800.11)^2 = 3297904.73
2026,12,Dutch Grand Prix,8.0,Right,7686.425278292986,2582.2259682702816,1030.567202830531,(x - 7686.43)^2 + (y - 2582.23)^2 = 1062068.76
2026,12,Dutch Grand Prix,9.0,Right,6669.011587363661,479.2705514678094,1004.9204313438768,(x - 6669.01)^2 + (y - 479.27)^2 = 1009865.07
2026,12,Dutch Grand Prix,10.0,Left,6923.42499578462,2032.00484317674,533.158892047609,(x - 6923.42)^2 + (y - 2032.00)^2 = 284258.40
2026,12,Dutch Grand Prix,11.0,Right,2087.739666766849,1822.200644724059,280.99296031563233,(x - 2087.74)^2 + (y - 1822.20)^2 = 78957.04
2026,12,Dutch Grand Prix,12.0,Left,1564.6273444591588,1450.0909423066018,368.8883945458807,(x - 1564.63)^2 + (y - 1450.09)^2 = 136078.65
2026,12,Dutch Grand Prix,13.0,Right,964.7708997188195,-988.4711785071787,651.2323814088367,(x - 964.77)^2 + (y - -988.47)^2 = 424103.61
2026,12,Dutch Grand Prix,14.0,Right,288.2049664275116,-286.27648727586904,1278.265068166601,(x - 288.20)^2 + (y - -286.28)^2 = 1633961.58
2026,13,Italian Grand Prix,1.0,Right,-251.49712111676072,7956.584373492524,371.24207038737666,(x - -251.50)^2 + (y - 7956.58)^2 = 137820.67
2026,13,Italian Grand Prix,2.0,Left,-447.25882427260746,8595.322022438007,311.99684849947346,(x - -447.26)^2 + (y - 8595.32)^2 = 97342.03
2026,13,Italian Grand Prix,3.0,Right,2734.587083162767,11045.688352174324,3102.6405490701763,(x - 2734.59)^2 + (y - 11045.69)^2 = 9626378.38
2026,13,Italian Grand Prix,4.0,Left,6444.576335145136,14927.506529102586,483.7895986798038,(x - 6444.58)^2 + (y - 14927.51)^2 = 234052.38
2026,13,Italian Grand Prix,5.0,Left,7044.214285714285,14701.5,172.21501155265616,(x - 7044.21)^2 + (y - 14701.50)^2 = 29658.01
2026,13,Italian Grand Prix,6.0,Right,7488.580990178755,14443.810564500158,676.1696136900702,(x - 7488.58)^2 + (y - 14443.81)^2 = 457205.35
2026,13,Italian Grand Prix,7.0,Right,10023.980128496703,14995.435500171674,889.5466285920287,(x - 10023.98)^2 + (y - 14995.44)^2 = 791293.20
2026,13,Italian Grand Prix,8.0,Right,10317.68591599911,13017.070266202965,750.4320470027343,(x - 10317.69)^2 + (y - 13017.07)^2 = 563148.26
2026,13,Italian Grand Prix,9.0,Left,3471.6823648549894,5875.346447144673,944.259889662392,(x - 3471.68)^2 + (y - 5875.35)^2 = 891626.74
2026,13,Italian Grand Prix,10.0,Right,1151.8270042637205,5721.952479469031,1397.9057197472605,(x - 1151.83)^2 + (y - 5721.95)^2 = 1954140.40
2026,13,Italian Grand Prix,11.0,Left,3288.7997544042696,3753.118878511583,1552.4353651676581,(x - 3288.80)^2 + (y - 3753.12)^2 = 2410055.56
2026,13,Italian Grand Prix,12.0,Right,-192.1212351975341,-4286.466271246552,1350.1081138774857,(x - -192.12)^2 + (y - -4286.47)^2 = 1822791.92
2026,14,Spanish Grand Prix,1.0,Left,1555.725273411821,-2455.378951771948,473.8389571457682,(x - 1555.73)^2 + (y - -2455.38)^2 = 224523.36
2026,14,Spanish Grand Prix,2.0,Right,714.2565679065152,-2306.922017782661,393.1066016388943,(x - 714.26)^2 + (y - -2306.92)^2 = 154532.80
2026,14,Spanish Grand Prix,3.0,Right,421.0764238834873,-1381.0880963396066,1350.8359174087193,(x - 421.08)^2 + (y - -1381.09)^2 = 1824757.68
2026,14,Spanish Grand Prix,4.0,Right,-248.63972268526592,3631.068393981341,3162.8501853715784,(x - -248.64)^2 + (y - 3631.07)^2 = 10003621.30
2026,14,Spanish Grand Prix,5.0,Left,-3209.620868011774,5438.471733363771,271.5548593084424,(x - -3209.62)^2 + (y - 5438.47)^2 = 73742.04
2026,14,Spanish Grand Prix,6.0,Right,-2681.421022465898,5728.212258436212,341.7240332001231,(x - -2681.42)^2 + (y - 5728.21)^2 = 116775.31
2026,14,Spanish Grand Prix,7.0,Left,-3828.2621559254985,6041.725152464151,859.8550168216719,(x - -3828.26)^2 + (y - 6041.73)^2 = 739350.65
2026,14,Spanish Grand Prix,8.0,Left,-4316.802581673971,6493.693738591475,1192.3729401881308,(x - -4316.80)^2 + (y - 6493.69)^2 = 1421753.23
2026,14,Spanish Grand Prix,9.0,Right,-1401.1610103970474,8410.615952997767,2289.74401430789,(x - -1401.16)^2 + (y - 8410.62)^2 = 5242927.65
2026,14,Spanish Grand Prix,10.0,Left,-4692.934679334917,8121.982185273159,975.6106583074808,(x - -4692.93)^2 + (y - 8121.98)^2 = 951816.16
2026,14,Spanish Grand Prix,11.0,Right,-3820.100989560404,8852.864415878006,167.3588317843316,(x - -3820.10)^2 + (y - 8852.86)^2 = 28008.98
2026,14,Spanish Grand Prix,12.0,Left,-4101.961604244743,9491.265516763271,504.3385761283434,(x - -4101.96)^2 + (y - 9491.27)^2 = 254357.40
2026,14,Spanish Grand Prix,13.0,Right,-2663.0203969584286,10678.111452768513,1322.1425731972101,(x - -2663.02)^2 + (y - 10678.11)^2 = 1748060.98
2026,14,Spanish Grand Prix,14.0,Right,-3003.722049714504,11501.589292883358,993.9294505254796,(x - -3003.72)^2 + (y - 11501.59)^2 = 987895.75
2026,14,Spanish Grand Prix,15.0,Left,-3866.9387048328367,12992.341886525517,738.3141096170789,(x - -3866.94)^2 + (y - 12992.34)^2 = 545107.72
2026,14,Spanish Grand Prix,16.0,Right,-2375.391284604943,14234.380357469452,1173.8266759106498,(x - -2375.39)^2 + (y - 14234.38)^2 = 1377869.07
2026,14,Spanish Grand Prix,17.0,Left,-2652.7157670771603,10941.348718237958,704.378026441613,(x - -2652.72)^2 + (y - 10941.35)^2 = 496148.40
2026,14,Spanish Grand Prix,18.0,Right,-2994.9794819017343,9021.873453472905,1044.5208807257713,(x - -2994.98)^2 + (y - 9021.87)^2 = 1091023.87
2026,14,Spanish Grand Prix,19.0,Left,-519.8847708940539,8322.70245248823,1412.8700560322006,(x - -519.88)^2 + (y - 8322.70)^2 = 1996201.80
2026,14,Spanish Grand Prix,20.0,Left,161.5886357190757,8081.697807528071,1169.8793752581191,(x - 161.59)^2 + (y - 8081.70)^2 = 1368617.75
2026,14,Spanish Grand Prix,21.0,Right,996.7718511878081,6842.886990138951,315.99025271660463,(x - 996.77)^2 + (y - 6842.89)^2 = 99849.84
2026,14,Spanish Grand Prix,22.0,Left,2759.612470835121,5878.925426715727,713.7813339431906,(x - 2759.61)^2 + (y - 5878.93)^2 = 509483.79
2026,14,Spanish Grand Prix,23.0,Right,3599.566206750674,4241.672267447894,1029.4342652820271,(x - 3599.57)^2 + (y - 4241.67)^2 = 1059734.91
2026,14,Spanish Grand Prix,24.0,Left,5263.822598581821,1958.0921414371253,256.8580808696994,(x - 5263.82)^2 + (y - 1958.09)^2 = 65976.07
2026,14,Spanish Grand Prix,25.0,Right,5780.078022289885,1310.9067398459156,597.253638227974,(x - 5780.08)^2 + (y - 1310.91)^2 = 356711.91
2026,14,Spanish Grand Prix,26.0,Right,6374.4752436037625,1540.5401586354956,432.75327916762126,(x - 6374.48)^2 + (y - 1540.54)^2 = 187275.40
2026,14,Spanish Grand Prix,27.0,Right,6727.901859621429,-654.6890475470664,496.40559259715934,(x - 6727.90)^2 + (y - -654.69)^2 = 246418.51
